/*
SQLyog Ultimate v11.33 (64 bit)
MySQL - 5.7.18-log : Database - db_blog
*********************************************************************
*/

/*!40101 SET NAMES*/;

/*!40101 SET SQL_MODE=''*/;

/*!40014 SET @OLD_UNIQUE_CHECKS=@@UNIQUE_CHECKS, UNIQUE_CHECKS=0 */;
/*!40014 SET @OLD_FOREIGN_KEY_CHECKS=@@FOREIGN_KEY_CHECKS, FOREIGN_KEY_CHECKS=0 */;
/*!40101 SET @OLD_SQL_MODE=@@SQL_MODE, SQL_MODE='NO_AUTO_VALUE_ON_ZERO' */;
/*!40111 SET @OLD_SQL_NOTES=@@SQL_NOTES, SQL_NOTES=0 */;
CREATE DATABASE /*!32312 IF NOT EXISTS*/`db_blog` /*!40100 DEFAULT CHARACTER SET utf8 */;

USE `db_blog`;

/*Table structure for table `cms_blog` */

DROP TABLE IF EXISTS `cms_blog`;

CREATE TABLE `cms_blog` (
  `id` bigint(20) NOT NULL AUTO_INCREMENT COMMENT 'ID',
  `create_by` varchar(64) DEFAULT '' COMMENT '创建者',
  `create_time` datetime DEFAULT NULL COMMENT '创建时间',
  `update_by` varchar(64) DEFAULT '' COMMENT '更新者',
  `update_time` datetime DEFAULT NULL COMMENT '更新时间',
  `title` varchar(50) NOT NULL COMMENT '标题',
  `type` char(1) NOT NULL COMMENT '类型',
  `content_type` char(1) NOT NULL COMMENT '文本编辑器类型',
  `content` longblob COMMENT '内容',
  `content_markdown` longblob COMMENT 'Markdown格式内容',
  `Top` char(1) DEFAULT '0' COMMENT '置顶（0否 1是）',
  `views` int(11) DEFAULT '0' COMMENT '阅读',
  `status` char(1) DEFAULT '0' COMMENT '状态（0暂存 1发布）',
  `blog_pic_type` char(1) DEFAULT '0' COMMENT '首页图片类型（0地址 1上传）',
  `blog_pic` varchar(100) DEFAULT '' COMMENT '首页图片（ 1上传）',
  `blog_pic_link` varchar(100) DEFAULT '' COMMENT '首页图片（ 0地址）',
  `blog_desc` varchar(100) DEFAULT '' COMMENT '简介',
  `blog_files` text COMMENT '附件列表',
  PRIMARY KEY (`id`) USING BTREE
) ENGINE=InnoDB AUTO_INCREMENT=25 DEFAULT CHARSET=utf8mb4 ROW_FORMAT=DYNAMIC COMMENT='博客信息表';

/*Data for the table `cms_blog` */

insert  into `cms_blog`(`id`,`create_by`,`create_time`,`update_by`,`update_time`,`title`,`type`,`content_type`,`content`,`content_markdown`,`Top`,`views`,`status`,`blog_pic_type`,`blog_pic`,`blog_pic_link`,`blog_desc`,`blog_files`) values (7,'admin','2022-01-02 12:25:26','admin','2023-12-10 10:09:07','九寨沟旅游','1','1','<p><span style=\"color: rgb(34, 34, 34);\">寨沟主体呈“Y”字形，由树正沟、日则沟和则查洼沟三条沟组成，总长50余公里，景区内有环保观光车穿梭行驶，招手即停，一般是乘坐环保车一个个景点玩下来。如果细细品味的话，一天的时间是严重不够的。景区推出的淡季二次进沟是不错的选择。</span>想去九寨沟，推荐从成都出发，四日游玩法比较适合时间充足灵活的朋友，费用大概在1500—1700元之间会比较舒适，在于餐和住宿的区别。四日游是游玩九寨沟最佳的游玩方式（给九寨沟景区留够整两天），时间比较充足，游玩起来也比较轻松。行程如下：</p><p>第一天：成都—都江堰熊猫乐园—叠溪海子—松潘古城—九寨沟</p><p>第二天：景区门口—日则沟—则渣洼沟—景区门口</p><p>第三天：景区门口(二次进沟）—树正沟—景区门口</p><p>第四天：九寨沟—川主寺—黄龙—成都</p><p>景区二日游路线</p><p>D1：沟口——镜海——诺日朗中心——日则沟（箭竹海——箭竹海瀑布——熊猫海——五花海——珍珠滩——珍珠滩瀑布）——镜海——诺日朗瀑布——犀牛海——沟口</p><p>D2：沟口——诺日朗中心——长海——五彩池——树正沟（老虎海——树正海群——芦苇海——盆景滩）——扎如寺——沟口</p><p class=\"ql-align-center\"> </p><p>四川九寨沟景点</p><p>五花海 ：五花海位于九寨沟三条沟的日则沟中段，孔雀河上游，由于海底的钙华沉积、各种色泽艳丽的藻类以及岸边五彩斑斓的林木倒影，使得五花海呈现出鹅黄、藏青、墨绿、宝蓝等各种颜色，故称“五花海”。</p><p><span style=\"color: rgb(34, 34, 34);\">镜海：镜海，因为湖面一平如镜，故得其名。这里是九寨沟看倒影的好地方。每当晨曦初露或朝霞遍染之时，蓝天白云、远山近树，尽纳海底。早9点前和晚5点后无风的时候，是拍摄镜海倒影的最佳时间。</span></p><p><span style=\"color: rgb(34, 34, 34);\">珍珠滩：上游珍珠滩瀑布的激流，在凹凸不平的乳黄色钙化滩面上溅起无数水珠，阳光下，点点水珠就像巨型扇贝里的粒粒珍珠，远看河中流动着一河洁白的珍珠。这就是珍珠滩</span></p><p><span style=\"color: rgb(34, 34, 34);\">仙女池：仙女池位于九寨沟神仙池景区内，又叫大海池。传说这里曾经是仙女沐浴的地方，神仙池也因此而得名。仙女池色泽蔚蓝，与大海的色差不大，而且面积不小。远远望去，犹如一颗精美的波斯蓝宝石，在阳光的照射下是那样的宁静和美丽。</span></p><p><span style=\"color: rgb(34, 34, 34);\">瑶池：瑶池位于九寨沟神仙池风景区内，有诗诵之为“蓝天白云清风里，山林草海碧水间”。它那巧夺天工的形态，清澈通透的湖水，犹如一颗宝石镶嵌在了天然的绿色地毯上。神仙池景色通常是一池连一瀑，有瀑就有池。而金银滩上的瑶池，则是由数个大小不等的钙化池曲状相连。</span></p><p><span style=\"color: rgb(34, 34, 34);\">“九寨归来不看水”，是对九寨沟景色真实的诠释。泉、瀑、河、滩108个海子，构成一个个五彩斑斓的瑶池玉盆。长海、剑岩、诺日朗、树正、扎如、黑海六大景观，翠海、叠瀑、彩林、雪峰、藏情、蓝冰，被称为“六绝”。神奇的九寨，被世人誉为“童话世界”，号称“水景之王”。</span></p><p class=\"ql-align-center\">想获取更多旅游攻略，请点击下方咨询按钮，</p><p class=\"ql-align-center\">为你定制专属旅程，不用自己做攻略，</p><p class=\"ql-align-center\">24小时客服随时解决难题，给你一个轻松自由愉快的旅行。</p><p>【春日看点】满沟的桃花盛开和绿树抽新芽的盎然生机。</p><p>春天的九寨沟，冰雪融化、新绿发芽，红的、黄的、粉的、蓝的，美丽的花朵染遍了山野，最受游客关注的当属处处盛开的野桃花。九寨沟南高北低，沟口的海拔仅2000m，中部峰岭均在4000m以上，南缘达4500m以上，主沟长30多公里。因此，春天的时候，山脚一片春花烂漫，山林还处于残冬，长海则尚未解冻。清澈的水流从尚未完全解冻的薄冰下流过，更添一丝的梦幻。</p><p>【秋季看点】彩林、叠瀑、蓝天、倒影</p><p>秋天是九寨沟最为灿烂的季节，山林晕染成色，这里集合了秋天所有的色彩，山影倒映在明丽的湖水之中，让你分不清哪个是山哪个是湖。人间仙境不过如此啊！秋季的九寨沟，是公认的游玩最佳季节。九寨沟负责美，你们就负责尽情拍照凹造型！</p><p>夏季看点】倒影、瀑布、青山绿水。</p><p>夏季的九寨沟满眼绿意，五彩斑斓的海子中有山峦与天空的倒影，没有烈阳，温煦的和风吹拂而过，实在是避暑胜地，人间的桃花源。</p><p>【冬季看点】冰瀑、蓝冰、落雪。</p><p>随着对九寨沟的不断认识，越来越多的人也想见识冬季的九寨沟，冬季的九寨沟是旅游的淡季，宁静又充满诗情画意。山峦银装素裹，瀑布变成了巨大的冰雕。除了长海和熊猫海冰冻60厘米外，其他的海子都不会完全结冰。</p><p>九寨沟旅游注意事项</p><p>1. 节假日可能偶遇堵车情况，对于订购了当晚或者次日从成都返程交通工具的游客来说，时间安排会过于紧张，因此建议预留半天左右机动时间。</p><p>2. 九寨沟口海拔约1900米，沟内海拔最高点长海3100米，大多数游客不会产生高原反应，但是存在温差，气候变化，即使是夏季也早晚凉、中午热，日照强烈。因此需要准备好御寒衣物，预防感冒，并准备防紫外线装备、雨具、常用药物等。</p><p>4. 由于乘车时间较长，有不适症状的游客课准备少许晕车药。</p><p>5. 夜间请勿独自外出。</p><p>6. 请尊重当地少数民族的宗教信仰和民俗风情，勿随便接近、挑逗、投喂牧民饲养的家畜，犬类。</p><p>6.九寨沟内除专门的吸烟场所，其它所有区域严禁吸烟，违者将受到高额罚款。</p>',NULL,'1',82,'1','1','/profile/upload/2023/12/10/59d6ddfa-115a-4344-9b8f-73fca87e224e.jpg','','九寨沟位于阿坝州九寨沟县境内，沟中雪峰林立，林木茂密，水池浅滩五彩斑斓，晶莹的溪水穿行于森林和浅滩','[]'),(10,'admin','2022-01-03 02:59:22','admin','2023-12-10 09:52:09','黑客帝国','1','1','<p>	《黑客帝国》是华纳兄弟影片公司1999年的一部科幻动作片，影片由<a href=\"https://baike.baidu.com/item/%E8%8E%89%E8%8E%89%C2%B7%E6%B2%83%E5%8D%93%E6%96%AF%E5%9F%BA/19444090?fromModule=lemma_inlink\" rel=\"noopener noreferrer\" target=\"_blank\" style=\"color: rgb(19, 110, 194);\">莉莉·沃卓斯基</a>和<a href=\"https://baike.baidu.com/item/%E6%8B%89%E5%A8%9C%C2%B7%E6%B2%83%E5%8D%93%E6%96%AF%E5%9F%BA/6351456?fromModule=lemma_inlink\" rel=\"noopener noreferrer\" target=\"_blank\" style=\"color: rgb(19, 110, 194);\">拉娜·沃卓斯基</a>共同担任导演及编剧，<a href=\"https://baike.baidu.com/item/%E5%9F%BA%E5%8A%AA%C2%B7%E6%9D%8E%E7%BB%B4%E6%96%AF/5981086?fromModule=lemma_inlink\" rel=\"noopener noreferrer\" target=\"_blank\" style=\"color: rgb(19, 110, 194);\">基努·李维斯</a>、<a href=\"https://baike.baidu.com/item/%E5%87%AF%E7%91%9E%C2%B7%E5%AE%89%C2%B7%E8%8E%AB%E6%96%AF/14134933?fromModule=lemma_inlink\" rel=\"noopener noreferrer\" target=\"_blank\" style=\"color: rgb(19, 110, 194);\">凯瑞·安·莫斯</a>、劳伦斯·菲什伯恩等联袂出演。电影于1999年3月31日在美国上映。</p><p>	影片讲述一名年轻的网络黑客<a href=\"https://baike.baidu.com/item/%E5%B0%BC%E5%A5%A5/15983887?fromModule=lemma_inlink\" rel=\"noopener noreferrer\" target=\"_blank\" style=\"color: rgb(19, 110, 194);\">尼奥</a>发现看似正常的现实世界实际上是由一个名为“矩阵”的计算机人工智能系统控制的。尼奥在一名神秘女郎崔妮蒂的引导下见到了黑客组织的首领墨菲斯，三人走上了抗争矩阵的征途。<span style=\"color: rgb(51, 102, 204);\">&nbsp;[1]</span></p><p>	在矩阵中生活的一名年轻的网络黑客<a href=\"https://baike.baidu.com/item/%E5%B0%BC%E5%A5%A5/15983887?fromModule=lemma_inlink\" rel=\"noopener noreferrer\" target=\"_blank\" style=\"color: rgb(19, 110, 194);\">尼奥</a>发现，看似正常的现实世界实际上似乎被某种力量控制着，尼奥便在网络上调查此事。而在现实中生活的人类反抗组织的船长墨菲斯，也一直在矩阵中寻找传说的救世主，就这样在人类反抗组织成员崔妮蒂的指引下，两人见面了，尼奥也在墨菲斯的指引下，回到了真正的现实中，逃离了矩阵。</p><p>	尼奥这才了解到，原来他一直活在虚拟世界当中，真正的历史是，在20XX年，人类发明了AI（人工智能），然后机器人叛变，与人类爆发战争，人类节节败退，迫不得已的情况下，把整个天空布满了乌云，以切断机器人的能源（太阳能），谁知机器人又开发出了新的能源——生物能源，就是利用基因工程，人工制造人类，然后把他们接上矩阵，让他们在虚拟世界中生存，以获得多余的能量，尼奥就是其中一个。</p><p><br></p><p>尼奥知道后，也加入了人类反抗组织，在墨菲斯的训练下，渐渐成为了一名厉害的“黑客”，并渐渐展露出与其他黑客的不同之处，让莫菲斯也更加肯定他就是救世主，就在这个时候，人类反抗组织出现了叛徒，墨菲斯被捕，尼奥救出了墨菲斯，但在逃跑过程中，被矩阵的“杀毒软件”特工史密斯杀死，结果反而让尼奥得到了新的力量，此时真实世界中的崔妮蒂紧依着尼奥和他对话，并深深地吻了他，感受到真实世界的深情之后尼奥仿佛顿悟一般地复活了。复活后的尼奥对自己“救世主”的身份已无丝毫怀疑，明白到自己有重写矩阵内程序的能力。他马上入侵了其中一个特工程序——史密斯，令史密斯烟消云散，消失得无影无踪，其他的特工程序吓得落荒而逃。<span style=\"color: rgb(51, 102, 204);\">&nbsp;[1]</span></p>',NULL,'0',1,'1','1','/profile/upload/2023/10/13/99ec1648-e2cd-4a32-b241-e59c4c5a27ce.png','','在矩阵中生活的一名年轻的网络黑客尼奥发现，看似正常的现实世界实际上似乎被某种力量控制着。',NULL),(13,'admin','2022-01-03 21:37:57','admin','2023-10-13 15:15:04','万里长城','1','1','<p><a href=\"https://vibaike.com/220389/\" rel=\"noopener noreferrer\" target=\"_blank\" style=\"color: var(--theme-hover); background-color: initial;\">长城</a>（繁体中文：万里长城；简体中文：万里长城；拼音：Wànlǐ Chángchéng，字面<a href=\"https://vibaike.com/4103/\" rel=\"noopener noreferrer\" target=\"_blank\" style=\"color: var(--theme-color); background-color: initial;\">意思</a>是万里墙）是一系列防御工事，建于古代中国国家和中国帝国的历史北部边界，以抵御各种威胁 来自<a href=\"https://vibaike.com/31715/\" rel=\"noopener noreferrer\" target=\"_blank\" style=\"color: var(--theme-color); background-color: initial;\">欧亚</a>草原的游牧民族。 早在公元前 7 世纪就建造了几座城墙，后来中国的xxx位皇帝秦始皇（公元前 220-206 年）加入了部分城墙。 秦墙残存不多。 后来，许多连续的朝代建造并<a href=\"https://vibaike.com/195049/\" rel=\"noopener noreferrer\" target=\"_blank\" style=\"color: var(--theme-color); background-color: initial;\">维护</a>了多段边界墙。 城墙最著名的部分建于明朝（1368-1644 年）。</p><p>除了防御之外，长城的其他<a href=\"https://vibaike.com/3331/\" rel=\"noopener noreferrer\" target=\"_blank\" style=\"color: var(--theme-color); background-color: initial;\">目的</a>还包括边境管制、允许对沿<a href=\"https://vibaike.com/206006/\" rel=\"noopener noreferrer\" target=\"_blank\" style=\"color: var(--theme-color); background-color: initial;\">丝绸之路</a>运输的<a href=\"https://vibaike.com/205158/\" rel=\"noopener noreferrer\" target=\"_blank\" style=\"color: var(--theme-color); background-color: initial;\">货物</a>征收关税、规范或鼓励<a href=\"https://vibaike.com/3314/\" rel=\"noopener noreferrer\" target=\"_blank\" style=\"color: var(--theme-color); background-color: initial;\">贸易</a>以及控制出入境。 此外，通过建造瞭望塔、部队营房、驻军站、通过烟或火发出信号的<a href=\"https://vibaike.com/4058/\" rel=\"noopener noreferrer\" target=\"_blank\" style=\"color: var(--theme-color); background-color: initial;\">能力</a>以及长城的路径也作为交通走廊的事实，增强了长城的防御特性。</p><iframe class=\"ql-video ql-align-center\" frameborder=\"0\" allowfullscreen=\"true\" src=\"https://googleads.g.doubleclick.net/pagead/ads?client=ca-pub-3245207943373650&amp;output=html&amp;h=0&amp;slotname=3089577780&amp;adk=2455870357&amp;adf=4187600526&amp;pi=t.ma~as.3089577780&amp;w=0&amp;lmt=1697181255&amp;rafmt=12&amp;format=0x0&amp;url=https%3A%2F%2Fvibaike.com%2F220389%2F&amp;wgl=1&amp;uach=WyJXaW5kb3dzIiwiMTAuMC4wIiwieDg2IiwiIiwiMTE3LjAuNTkzOC44OSIsW10sMCxudWxsLCI2NCIsW1siR29vZ2xlIENocm9tZSIsIjExNy4wLjU5MzguODkiXSxbIk5vdDtBPUJyYW5kIiwiOC4wLjAuMCJdLFsiQ2hyb21pdW0iLCIxMTcuMC41OTM4Ljg5Il1dLDBd&amp;dt=1697181255337&amp;bpp=1&amp;bdt=479&amp;idt=178&amp;shv=r20231011&amp;mjsv=m202310040101&amp;ptt=9&amp;saldr=aa&amp;abxe=1&amp;prev_fmts=828x100&amp;correlator=996120879851&amp;frm=20&amp;pv=1&amp;ga_vid=1179186306.1697181255&amp;ga_sid=1697181256&amp;ga_hid=409699988&amp;ga_fc=1&amp;u_tz=480&amp;u_his=1&amp;u_h=1048&amp;u_w=1862&amp;u_ah=1011&amp;u_aw=1862&amp;u_cd=24&amp;u_sd=1.375&amp;dmc=8&amp;adx=763&amp;ady=787&amp;biw=1846&amp;bih=934&amp;scr_x=0&amp;scr_y=0&amp;eid=44759876%2C44759927%2C44759837%2C44804782%2C44805099%2C31078297%2C31078663%2C31078665%2C31078668%2C31078670&amp;oid=2&amp;pvsid=2556245755280926&amp;tmod=1970614502&amp;uas=0&amp;nvt=1&amp;ref=https%3A%2F%2Fwww.baidu.com%2Flink%3Furl%3D640oT5LxgF3EGqxHRHhVwumsUcAmBbnWzutWI7Avxsp9zF5k5gxdi6tnwbmML0M9%26wd%3D%26eqid%3Df55e999900004d73000000056528ee42&amp;fc=896&amp;brdim=0%2C0%2C0%2C0%2C1862%2C0%2C1862%2C1011%2C1862%2C934&amp;vis=1&amp;rsz=%7C%7CeEr%7C&amp;abl=CS&amp;fu=256&amp;bc=31&amp;td=1&amp;nt=1&amp;ifi=2&amp;uci=a!2&amp;fsb=1&amp;xpc=ZgT0OhkrKl&amp;p=https%3A//vibaike.com&amp;dtd=180\" height=\"0\" width=\"0\"></iframe><p class=\"ql-align-center\"><br></p><p>不同朝代所筑的边墙，有着多道历程。 东起辽东，西至罗布湖，北起今中俄边境，南至洮河； 沿着大致勾勒出蒙古草原边缘的弧线； 总长 21,196.18 公里（13,170.70 英里）。 今天，长城的防御<a href=\"https://vibaike.com/4110/\" rel=\"noopener noreferrer\" target=\"_blank\" style=\"color: var(--theme-color); background-color: initial;\">系统</a>被普遍认为是历史上最令人印象深刻的<a href=\"https://vibaike.com/194545/\" rel=\"noopener noreferrer\" target=\"_blank\" style=\"color: var(--theme-color); background-color: initial;\">建筑</a>壮举之一。</p>',NULL,'0',4,'1','1','/profile/upload/2023/10/13/555eee4a-7030-426d-940a-4aa6c06abe51.png','','长城（繁体中文：万里长城；简体中文：万里长城；拼音：Wànlǐ Chángchéng，意思是万里长城',NULL),(14,'若依','2022-01-04 14:31:31','admin','2023-10-13 15:04:25','三峡大坝','1','1','<p><span style=\"color: rgb(26, 26, 26);\">三峡大坝位于宜昌市三斗坪，距下游葛洲坝水利枢纽工程28&nbsp;米，是当今世界最大的水利枢纽工程，也是全国首批5A&nbsp;级景区之一。在坛子岭可以眺望大坝，俯视长江。泄洪景观区则是波澜壮阔、雷霆万钧。而在185&nbsp;米水位线观景区，大坝上游的高峡平湖与下游滔滔江水所成鲜明的反差。是观看三峡大坝的最佳景点。</span></p><p>★&nbsp;三峡人家</p><p>三峡人家有洪荒时代的地质与神话；有巴人部落的农耕与传奇；有峡江岁月的故事与风情；是闻名世界“地质百科全书”。它融合三峡文化的精髓，让巴风楚韵，峡江今昔，在这里都一览无余的展现出来。</p><p>&nbsp;清江画廊</p><p>清江画廊，一步一景，一里一画。清江是长江在湖北境内的第二大支流，&nbsp;是巴人的发祥地，土家儿女的母亲河。十九万年前，古“长阳人”在这里开启了中国长江的古文明，五千年前，古代巴人从这里开疆拓土建立古代巴国，两千年前，土家族在这里诞生。&nbsp;梦幻土家，巴土天堂。景区所在的长阳土家族自治县历史悠久，文化璀璨，被誉为中国民间艺术之乡。</p><p>&nbsp;屈原故里</p><p>屈原故里景区位于秭归县新县城，毗邻三峡大坝，是观三峡大坝、副坝、览高峡平湖的最佳区位。秭归位于长江北岸的卧牛山麓，四周城墙环绕，形似一个倾斜的葫芦，具有浓厚的古典建筑风格，有“葫芦城”之称。又因城墙均有由石头叠砌而成，又叫“石头城”。以屈原祠、江渎庙为代表的24&nbsp;处峡江地面文物集中搬迁到这里。在这里，你可以把高峡平&nbsp;湖美景尽收眼底，同时还能感受到屈原故里浓浓的历史文化和民俗文化，同时可以看到巴风楚韵的文艺、戏曲、表演，品尝到当地具有特色的美食。</p>',NULL,'0',9,'1','1','/profile/upload/2023/10/13/5bd70aba-6df9-4187-98fc-389dcb54ad54.png','','三峡大坝位于宜昌市三斗坪，距下游葛洲坝水利枢纽工程28 米，是当今世界最大的水利枢纽工程.',NULL),(16,'admin','2022-01-05 09:44:53','admin','2023-12-20 07:52:48','哈利波特','1','1','<p> 	《哈利·波特》（<em>Harry Potter</em>）是英国作家<a href=\"https://baike.baidu.com/item/J.K.%E7%BD%97%E7%90%B3/2177909?fromModule=lemma_inlink\" rel=\"noopener noreferrer\" target=\"_blank\" style=\"color: rgb(19, 110, 194);\">J.K.罗琳</a>（J. K. Rowling）于1997～2007年所著的<a href=\"https://baike.baidu.com/item/%E9%AD%94%E5%B9%BB%E6%96%87%E5%AD%A6/10963517?fromModule=lemma_inlink\" rel=\"noopener noreferrer\" target=\"_blank\" style=\"color: rgb(19, 110, 194);\">魔幻文学</a>系列小说，共7部。其中前六部以<a href=\"https://baike.baidu.com/item/%E9%9C%8D%E6%A0%BC%E6%B2%83%E8%8C%A8%E9%AD%94%E6%B3%95%E5%AD%A6%E6%A0%A1/4296018?fromModule=lemma_inlink\" rel=\"noopener noreferrer\" target=\"_blank\" style=\"color: rgb(19, 110, 194);\">霍格沃茨魔法学校</a>（Hogwarts School of Witchcraft and Wizardry）为主要舞台，描写的是主人公——年轻的巫师学生哈利·波特在霍格沃茨前后六年的学习生活和冒险故事；第七本描写的是哈利·波特在第二次魔法界大战中在外寻找<a href=\"https://baike.baidu.com/item/%E9%AD%82%E5%99%A8/10026679?fromModule=lemma_inlink\" rel=\"noopener noreferrer\" target=\"_blank\" style=\"color: rgb(19, 110, 194);\">魂器</a>并消灭<a href=\"https://baike.baidu.com/item/%E4%BC%8F%E5%9C%B0%E9%AD%94/1127381?fromModule=lemma_inlink\" rel=\"noopener noreferrer\" target=\"_blank\" style=\"color: rgb(19, 110, 194);\">伏地魔</a>的故事。</p><p>	截至2013年5月，“哈利·波特”系列丛书已经被翻译成73种语言，共卖出了超过5亿本。<span style=\"color: rgb(51, 102, 204);\">&nbsp;[1]</span><span style=\"color: rgb(19, 110, 194);\">&nbsp;</span>&nbsp;英国版由<a href=\"https://baike.baidu.com/item/%E5%B8%83%E9%B2%81%E5%A7%86%E6%96%AF%E4%BC%AF%E9%87%8C%E5%87%BA%E7%89%88%E7%A4%BE/9072188?fromModule=lemma_inlink\" rel=\"noopener noreferrer\" target=\"_blank\" style=\"color: rgb(19, 110, 194);\">布鲁姆斯伯里出版社</a>（Bloomsbury）出版发行，美国引进后做过部分修正由美国学乐出版社（Scholastic）发行，简体中文版由中国<a href=\"https://baike.baidu.com/item/%E4%BA%BA%E6%B0%91%E6%96%87%E5%AD%A6%E5%87%BA%E7%89%88%E7%A4%BE/2856101?fromModule=lemma_inlink\" rel=\"noopener noreferrer\" target=\"_blank\" style=\"color: rgb(19, 110, 194);\">人民文学出版社</a>发行，繁体中文版由皇冠出版社出版。<span style=\"color: rgb(51, 102, 204);\">&nbsp;[2]</span><span style=\"color: rgb(19, 110, 194);\">&nbsp;</span></p><p>	美国<a href=\"https://baike.baidu.com/item/%E5%8D%8E%E7%BA%B3%E5%85%84%E5%BC%9F%E5%A8%B1%E4%B9%90%E5%85%AC%E5%8F%B8/6396004?fromModule=lemma_inlink\" rel=\"noopener noreferrer\" target=\"_blank\" style=\"color: rgb(19, 110, 194);\">华纳兄弟娱乐公司</a>把这7集小说改拍成8部电影，前6集各一部，而第七集分成上下两部。哈利·波特电影系列是全球史上最卖座的电影系列，总票房收入达78亿美元。<span style=\"color: rgb(51, 102, 204);\">&nbsp;[2]</span></p>',NULL,'0',151,'1','1','/profile/upload/2023/10/13/552af646-ce12-4bfa-beda-f3ca975e6246.png','','描写的是主人公——年轻的巫师学生哈利·波特在霍格沃茨前后六年的学习生活和冒险故事；',NULL),(19,'admin','2022-01-12 17:40:54','admin','2023-12-20 08:01:40','黄焖鸡米饭','1','1','<p>其实黄焖鸡的做法非常的简单，只要掌握好技巧，自己在家做出来的黄焖鸡汤汁浓郁，配菜也非常的入味又好吃。今天就用这三个大鸡腿，在家自制黄焖鸡，配着米饭吃超级过瘾。尤其是汤汁拌米饭非常的过瘾。<strong style=\"color: rgb(51, 51, 51);\">黄焖鸡家常做法，掌握好诀窍，鲜香可口，拌米饭一块吃美味又下饭</strong></p><p><strong style=\"color: rgb(0, 0, 0);\">【黄焖鸡】</strong></p><p><strong style=\"color: rgb(51, 51, 51);\">食材：鸡腿，香菇，土豆，料酒，青红辣椒，葱，姜，蒜，干辣椒，冰糖，黄豆酱，甜面酱</strong></p><p><strong style=\"color: rgb(0, 0, 0);\">【具体制作步骤】：</strong></p><p>第一：首先将鸡腿清洗干净，然后剁成块，放入盆中，清洗干净，多清洗几遍，然后将鸡块放在清水中浸泡15分钟左右，然后清洗干净控水备用</p><p><br></p><p><span style=\"color: rgb(34, 34, 34);\">第二：锅中加入适量的清水，将鸡块凉水下锅，放点姜片，放点料酒，大火烧开，撇去表面的浮沫。然后捞出过一遍凉水，这样鸡肉更加瓷实一些，而且可以洗去表面的杂质</span></p><p><br></p><p><span style=\"color: rgb(34, 34, 34);\">第三：下面我们处理一下配菜切点配菜，将香菇根部去掉，然后切成片，土豆清洗干净削皮切成小块，青红辣椒去头去籽，然后切成菱形块，葱切成片，姜切成丝，蒜切块，再准备两个干辣椒</span></p><p><br></p><p><span style=\"color: rgb(34, 34, 34);\">第四：锅中倒入油，油热之后放冰糖，转小火慢慢炒化，大泡变小泡呈枣红色的时候，放入鸡块，翻炒均匀，放入葱姜蒜干辣椒，炒好之后放一勺甜面酱，一勺黄豆酱，翻炒均匀</span></p><p><br></p><p><span style=\"color: rgb(34, 34, 34);\">第五：炒香之后加入热水，没过鸡块，开大火烧开，然后放入香菇炖一会儿，再放点生抽，放点蚝油，大火炖10分钟，然后将鸡块倒入砂锅中，然后放入土豆，盖上盖子中火焖5分钟，最后放入青红辣椒，将辣椒断生即可</span></p><p><br></p><p><strong style=\"color: rgb(0, 0, 0);\">﻿【黄焖鸡之烹饪小知识】：</strong></p><p>1)鸡块放在清水中浸泡15分钟左右，浸泡出里面的血水和杂质，然后再清洗干净</p><p>2)黄焖鸡用冰糖炒糖色，而不是用老抽上色，这样色泽更加的漂亮，</p><p>这样炖出来的黄焖鸡肉质鲜嫩，尤其是土豆吸收了汤汁，超级过瘾，炖的时间长，香菇也特别的入味，特别是汤汁拌米饭非常的好吃；这么长时间不吃黄焖鸡了，小董一个人吃了两碗米饭，超级过瘾。喜欢吃黄焖鸡的朋友们再也不用在外面买了，自己在家做得干净卫生，而且非常的好吃，喜欢的朋友可以在家试一试。</p>',NULL,'1',217,'1','1','/profile/upload/2023/12/10/6667510b-277d-4bbf-9756-3e46afa039b3.jpg','','上次为了解馋在外面买了一份黄焖鸡，结果全家4口人有3口人吃完就拉肚子，去医院拿药，再也不敢在外面吃','[{\"id\":\"ca52d41a-9719-43ed-864c-958980a8e901\",\"fileId\":\"/profile/upload/2023/12/10/c421df63-7402-4774-8a4b-7d26e9f3a0db.jpg\",\"fileOriginName\":\"猫.jpg\",\"fileSuffix\":\"jpg\",\"fileSize\":\"15.7 kB\",\"filePath\":\"/profile/upload/2023/12/10/c421df63-7402-4774-8a4b-7d26e9f3a0db.jpg\",\"remark\":\"猫猫\"}]'),(22,'admin','2022-06-13 09:13:50','admin','2023-12-20 08:41:44','好吃的火锅','1','2','<div data-inline-code-theme=\"red\" data-code-block-theme=\"tomorrow-night\"><p data-lines=\"21\" data-type=\"p\" data-sign=\"f7fc16d49998d2dd5fd8c8865b6a72ed21\" class=\"cherry-highlight-line\">1.汤底<br>清汤，芫茜皮蛋，沙爹锅，猪骨煲，鲜鱼汤，蕃茄薯仔，药膳鱼头锅，清汤腩煲，冬荫功，香草龙虾汤，健康生果汤，胡椒什菌锅，面豉汤，花雕醉鸡锅，鲜人参杞子鸡锅，四川麻辣锅，川味牛柳汤，香浓港式咖喱锅，咸菜胡椒粉肠肚汤<br>2.牛类<br>本地肥牛，金钱牛展，牛脷，清汤腩，鲜滑牛肉，鲜黑牛柏叶，雪白牛柏叶，牛骨髓，有料牛肉卷，露笋牛肉卷，松板霜降和牛，神户牛肉<br>3.肉类<br>极黑豚猪腩肉，肉眼根，猪下青，猪腩肉片，鲜鸡，醉鸡，鸡软骨，鲜鸡子，鲜鹅肠，羊仔肉，猪腰，猪润，天梯，王喉，猪皮，猪红，滑鸡肉，羊仔肉，猪大肠，驼鸟肉，鲜田鸡，鲜猪粉肠<br>4.刺身<br>苏格兰蛏子皇，龙虾，青边鲍鱼，黑边鲍鱼，牡丹虾<br>5.极品海鲜类<br>东星斑，花尾疐，大花虾，大花蟹，鲍鱼，滋阴水鱼，极级日本原只皇帝蟹<br>6.海鲜类原条生猛海斑，龙虾仔，向螺片，阿拉斯加蟹脚，加拿大筒蚝，流浮山生蚝，纽西兰翡翠螺，纽西兰半壳青口，花蟹，生海虾，养颜花胶，鲜带子，桂花蚌，珊瑚蚌，脆肉鲩鱼，鲩鱼腩，鲩鱼鳔，鱼头，大生鱼片，鳝片，原只日本鲜鱿鱼，花枝片，水尤鱼，乾吊片，鲜尤鱼片<br>7.丸子类<br>芝士鸡肉丸，酱爆鹅肝丸，麻辣鲜牛丸，金华火腿包心丸，手工水晶虾丸，水晶龙虾丸，手打鲜墨鱼丸，粗牛根丸，手打鲜牛丸，手打鲜肉丸，手打鲜鸡丸，手打鲜鲮鱼丸，潮洲鱼旦<br>8.其他<br>金菇，山根，潮洲炸鱼皮，鱼片头，潮洲鱼饺，蟹肉鲜肉饺，菜肉饺，云吞，韭菜饺，鲜虾酿冬菇，鲜炸鱼腐，鲜鱼酿豆卜，鲮鱼滑，墨鱼滑，大闸蟹粉鲜肉饺，日本滑豆腐，日本芝麻豆腐，日本高野豆腐，竹笙，生根，枝竹，鲜腐竹<br>9.鲜菌类<br>什菌，鲜冬菇，金菇菜，百灵菇，鸡脾菇，秀珍菇，黑木耳，鲍鱼菇<br>10.时蔬类<br>菠菜，蕃薯苗，菜心，芥兰，小棠菜，唐生菜，西洋菜，油蜜菜，白菜仔，唐莴，大豆芽，苋菜，潺菜，津白，粟米，冬瓜，蕃茄，莲藕片，萝卜，鲜淮山，鲜露笋，鲜马蹄肉<br>11.粉面类<br>日本稻庭乌冬，日本手打乌冬，日本绿茶面，日本梅花面，昭和播州乔麦面，全蛋生面，虾子面，新竹米粉，濶条粉丝</p></div>','1.汤底\n清汤，芫茜皮蛋，沙爹锅，猪骨煲，鲜鱼汤，蕃茄薯仔，药膳鱼头锅，清汤腩煲，冬荫功，香草龙虾汤，健康生果汤，胡椒什菌锅，面豉汤，花雕醉鸡锅，鲜人参杞子鸡锅，四川麻辣锅，川味牛柳汤，香浓港式咖喱锅，咸菜胡椒粉肠肚汤\n2.牛类\n本地肥牛，金钱牛展，牛脷，清汤腩，鲜滑牛肉，鲜黑牛柏叶，雪白牛柏叶，牛骨髓，有料牛肉卷，露笋牛肉卷，松板霜降和牛，神户牛肉\n3.肉类\n极黑豚猪腩肉，肉眼根，猪下青，猪腩肉片，鲜鸡，醉鸡，鸡软骨，鲜鸡子，鲜鹅肠，羊仔肉，猪腰，猪润，天梯，王喉，猪皮，猪红，滑鸡肉，羊仔肉，猪大肠，驼鸟肉，鲜田鸡，鲜猪粉肠\n4.刺身\n苏格兰蛏子皇，龙虾，青边鲍鱼，黑边鲍鱼，牡丹虾\n5.极品海鲜类\n东星斑，花尾疐，大花虾，大花蟹，鲍鱼，滋阴水鱼，极级日本原只皇帝蟹\n6.海鲜类原条生猛海斑，龙虾仔，向螺片，阿拉斯加蟹脚，加拿大筒蚝，流浮山生蚝，纽西兰翡翠螺，纽西兰半壳青口，花蟹，生海虾，养颜花胶，鲜带子，桂花蚌，珊瑚蚌，脆肉鲩鱼，鲩鱼腩，鲩鱼鳔，鱼头，大生鱼片，鳝片，原只日本鲜鱿鱼，花枝片，水尤鱼，乾吊片，鲜尤鱼片\n7.丸子类\n芝士鸡肉丸，酱爆鹅肝丸，麻辣鲜牛丸，金华火腿包心丸，手工水晶虾丸，水晶龙虾丸，手打鲜墨鱼丸，粗牛根丸，手打鲜牛丸，手打鲜肉丸，手打鲜鸡丸，手打鲜鲮鱼丸，潮洲鱼旦\n8.其他\n金菇，山根，潮洲炸鱼皮，鱼片头，潮洲鱼饺，蟹肉鲜肉饺，菜肉饺，云吞，韭菜饺，鲜虾酿冬菇，鲜炸鱼腐，鲜鱼酿豆卜，鲮鱼滑，墨鱼滑，大闸蟹粉鲜肉饺，日本滑豆腐，日本芝麻豆腐，日本高野豆腐，竹笙，生根，枝竹，鲜腐竹\n9.鲜菌类\n什菌，鲜冬菇，金菇菜，百灵菇，鸡脾菇，秀珍菇，黑木耳，鲍鱼菇\n10.时蔬类\n菠菜，蕃薯苗，菜心，芥兰，小棠菜，唐生菜，西洋菜，油蜜菜，白菜仔，唐莴，大豆芽，苋菜，潺菜，津白，粟米，冬瓜，蕃茄，莲藕片，萝卜，鲜淮山，鲜露笋，鲜马蹄肉\n11.粉面类\n日本稻庭乌冬，日本手打乌冬，日本绿茶面，日本梅花面，昭和播州乔麦面，全蛋生面，虾子面，新竹米粉，濶条粉丝','0',102,'1','1','/profile/upload/2023/10/13/5894e503-03a4-4f51-bd84-a08b2168eba8.png','',' 火锅可以说是现在非常受欢迎的一种美食，具有不可替代的地位。火锅最早是在北方兴起，后面逐渐在各地兴起',NULL),(23,'admin','2023-12-10 09:53:51','admin','2023-12-10 09:55:51','欢迎大家来我的博客哈~','2','1','<p>会给大家提供很多优质的博客~~  </p><p><strong>再次感谢！</strong></p><p><strong>﻿</strong><img src=\"data:image/jpeg;base64,/9j/4AAQSkZJRgABAQEAkACQAAD/2wBDABALDA4MChAODQ4SERATGCgaGBYWGDEjJR0oOjM9PDkzODdASFxOQERXRTc4UG1RV19iZ2hnPk1xeXBkeFxlZ2P/2wBDARESEhgVGC8aGi9jQjhCY2NjY2NjY2NjY2NjY2NjY2NjY2NjY2NjY2NjY2NjY2NjY2NjY2NjY2NjY2NjY2NjY2P/wAARCAMgAjUDASIAAhEBAxEB/8QAHwAAAQUBAQEBAQEAAAAAAAAAAAECAwQFBgcICQoL/8QAtRAAAgEDAwIEAwUFBAQAAAF9AQIDAAQRBRIhMUEGE1FhByJxFDKBkaEII0KxwRVS0fAkM2JyggkKFhcYGRolJicoKSo0NTY3ODk6Q0RFRkdISUpTVFVWV1hZWmNkZWZnaGlqc3R1dnd4eXqDhIWGh4iJipKTlJWWl5iZmqKjpKWmp6ipqrKztLW2t7i5usLDxMXGx8jJytLT1NXW19jZ2uHi4+Tl5ufo6erx8vP09fb3+Pn6/8QAHwEAAwEBAQEBAQEBAQAAAAAAAAECAwQFBgcICQoL/8QAtREAAgECBAQDBAcFBAQAAQJ3AAECAxEEBSExBhJBUQdhcRMiMoEIFEKRobHBCSMzUvAVYnLRChYkNOEl8RcYGRomJygpKjU2Nzg5OkNERUZHSElKU1RVVldYWVpjZGVmZ2hpanN0dXZ3eHl6goOEhYaHiImKkpOUlZaXmJmaoqOkpaanqKmqsrO0tba3uLm6wsPExcbHyMnK0tPU1dbX2Nna4uPk5ebn6Onq8vP09fb3+Pn6/9oADAMBAAIRAxEAPwDv6KKWgBKKWigBKKWigBKKWigBKKWigBKKWigBKKWigBKKWigBKKWigBKKWigBKKWigBKKWigBKKWigBKKWigBKKWigBKKWigBKKWigBKKWigBKKWigBKKWigBKKWigBKKWigBKKWigBKKWigBKKWigBKKWigBKKWigBKKWigBKKWigBKKWigBKKWigBKKWigBKKWigBKKWigBKKWigBKKWigBKWkpaACiiigAooooAKKKKACiiigAooooAKKKKACiiigAooooAKKKKACiiigAooooAKKKKACiiigAooooAKKKKACiiigAooooAKKKKACiiigAooooAKKKKACiiigAooooAKKKKACiiigAooooAKKKKACiiigAooooAKKKKACiiigAooooAKKKKACiiigAooooASlpKWgAooooAKKKKACiiigAooooAKKKKACiiigAooooAKKKKACiiigAooooAKKKKACiiigAooooAKKKKACiiigAooooAKKKKACiiigAooooAKKKKACiiigAooooAKKKKACiiigAooooAKKKKACiiigAooooAKKKKACiiigAooooAKKKKACiiigAooooAKKKKAEpaSloAKKKKACiiigAooooAKKKKACiiigAooooAKKKKACiiigAooooAKKKKACiiigAooooAKKKKACiiigAooooAKKKKACiiigAooooAKKKKACiiigAooooAKKKKACiiigAooooAKKKKACiiigAooooAKKKKACiiigAooooAKKKKACiiigAooooAKKKKACiiigBKWkpaACiiigAooooAKKKKACiiigAooooAKKKKACiiigAooooAKKKKACiiigAooooAKKKKACiiigAooooAKKKKACiiigAooooAKKKKACiiigAooooAKKKKACiiigAooooAKKKKACiiigAooooAKKKKACiiigAooooAKKKKACiiigAooooAKKKKACiiigAooooASlpKWgAooooAKKKKACiiigAooooAKKKKACiiigAooooAKKKKACiiigAooooAKKKKACiiigAooooAKKKKACiiigAooooAKKKKACiiigAooooAKKKKACiiigAooooAKKKKACiiigAooooAKKKKACiiigAooooAKKKKACiiigAooooAKKKKACiiigAooooAKKKKAEpaSloAKKKKACiiigAooooAKKKKACiiigAooooAKKKKACiiigAooooAKKKKACiiigAooooAKKKKACiiigAooooAKKKKACiiigAooooAKKKKACiiigAooooAKKKKACiiigAooooAKKKKACiiigAooooAKKKKACiiigAooooAKKKKACiiigAooooAKKKKACiiigBKWkpaACiiigAooooAKKKKACiiigAooooAKKKKACiiigAooooAKKKKACiiigAooooAKKKKACiiigAooooAKKKKACiiigAooooAKKKKACiiigAooooAKKKKACiiigAooooAKKKKACiiigAooooAKKKKACiiigAooooAKKKKACiiigAooooAKKKKACiiigAooooASlpKWgAooooAKKKKACiiigAooooAKKKKACiiigAooooAKKKKACiiigAooooAKKKKACiiigAooooAKKKKACiiigAooooAKKKKACiiigAooooAKKKKACiiigAooooAKKKKACiiigAooooAKKKKACiiigAooooAKKKKACiiigAooooAKKKKACiiigAooooAKKKKAEpaSloAKKKKACiiigAooooAKKKKACiiigAooooAKKKKACiiigAooooAKKKKACiiigAooooAKKKKACiiigAooooAKKKKACiiigAooooAKKKKACiiigAooooAKKKKACiiigAooooAKKKKACiiigAooooAKKKKACiiigAooooAKKKKACiiigAooooAKKKKACiiigBKWkpaACiiigAooooAKKKKACiiigAooooAKKKKACiiigAooooAKKKKACiiigAooooAKKKKACiiigAooooAKKKKACiiigAooooAKKKKACiiigAooooAKKKKACiiigAooooAKKKKACiiigAooooAKKKKACiiigAooooAKKKKACiiigAooooAKKKKACiiigAooooASlpKWgAooooAKKKKACiiigAooooAKKKKACiiigAooooAKKKKACiiigAooooAKKKKACiiigAooooAKKKKACiiigAooooAKKKKACiiigAooooAKKKKACiiigAooooAKKKo6hqH2SSCGKLzridsIgOOO5J9BQBeooooAKKKKACiiigAooooAKKKKACiiigAooooAKKKKACiiigAooooAKKKKACiiigBKWkpaACiiigAooooAKKKKACiiigAooooAKKKKACiiigAooooAKKKKACiiigAooooAKKKKACiiigAooooAKKKKACiiigAooooAKKKKACiiigAooooAKKKKACiioLu6is4DNMcKOAAMlj2AHc0ALc3MNpA007hEXuf5D1NYtxDqk8suo20MccjReXFHKfnReuR2BPpV61tZbidb2/X94OYYM5WEevu3vWhSGYuh3c1yIYoInjtrcFJmmILM/p+fJrcrM0pQl9qaqMDzw35qDWnQgYUUUUxBRRRQAUUUUAFFFFABRRRQAUUUUAFFFFABRRRQAUUUUAFFFFABRRRQAlLSUtABRRRQAUUUUAFFFFABRRRQAUUUUAFFFFABRRRQAUUUUAFFFFABRRRQAUUUUAFFFFABVVr+3R5FZ/9XEJSfVTnkevSpLq4jtbd5piQqjoOST2A96xbDRXuEhk1VQywpsig9B/tHufbpSGbFve2t1/x73EUp9FYE1YqhNpNjKmBbpEw+7JENjKfUEVW+2XelkLqA8+16C6ReV/3x/UUAbFFMjkSWNZI3DowyGU5Bp9MQUUUUAFFFFABRRRQAUUUUAFFFFABRRSEhQSSABySaAIrq5itLdp522ovX39h71mbwjrqWpgq/S3twMlM+3dz+lMlu43VtVugTbRHFrF3dv72PU9vbmi1jlYm6u8G5ft2jH90f19alsYkrX9+f3sjWUHaOM/vD/vN2+gpujxtaa1cWyySPE0CyDzHLHOcGrlMtlA1lX7m3Yfkw/xpJ6jJNN/5COp/wDXZf8A0AVpVn6apF5qJI6zj/0Ba0KskKKKKACiiigAooooAKKKKACiiigAooooAKKKKACiiigAooooAKKKKACiiigBKWkpaACiiigAooooAKKKKACiiigAooooAKKKKACiiigAooooAKKKKACiiigAooooAKKKKAM/WCFjtWI6XUePzxVq4nS2gkmlOEjUsao+IDtsom9LiI/+PCna6f8AiWMP70kY/wDHxSGVVl1SdRN9ojt2bkQ+UGCj0J65qa11UmcWeoxrDM/CMOY5fofX2NSHqahubaK6haGZdyn8wfUe9RcYSWNxpsrXGlDdETmS0J4Punofar9jfQ38PmQk5Bw6MMMh9CO1VtMnlANpdPvmjGUk/wCeiev1HQ//AF6dd2BecXdo4huwMbv4ZB6MO49+oqxGhRVa0u1uNyMpjnT/AFkTdV9/ce9WaYgooooAKKKKACiiigAooooAKzL0m/uv7PQ4hQBrlh6dk/Hv7fWrd9dC0ty4G6RjtjT+8x6Csi/D2Onx2EL7ry9Y75Pr99v6CkxoYHGqaj54A+x2h2QKOjN3b6DtV+o4IUt4EhiGEQYFSVAwqJCV1i09GjkH/oJqWoG41XT29WdfzX/61C3Auac264vz/wBPGP8AxxavVR0wYa89Tctn8hV6tCQooooAKKKKACiiigAooooAKKKKACiiigAooooAKKKKACiiigAooooAKKKKAEpaSloAKKKKACiiigAooooAKKKKACiiigAooooAKKKKACiiigAooooAKKKKACiiigAooooAyfEvGlg/9No//QhUmugnTWI7Sxn/AMfFReJv+QUP+u0f/oQqxrPGl3BPYA/kRSYxh6mkpT1NJWYyG5jd0DwELPGd0ZPr6H2PSr9jdpe2qzICueGU9VYdQarVUeU6ZefbB/x7S4FwB/Cez/0NUmBf1K0eVVuLUhbuHmNv7w7qfY1NYXkd9aJPGCM8Mp6qw6g1MCGAIIIPII71j3ZbR9QN6oJsrggXAH8Ddn/xqhG3RSKwZQykEEZBHelpiCiiigAooqhf6olhPFG8Ez+Z90oBgn05PX2oAv0hIAyTgCqdnqtpeSGKKQiYdYnUqw/A1X1WRruZNLgYgyjdOw/gj/xPSgBLEnUr06g3/HvHlLYHv2L/AI9B7VUtm+26pdXx5RD5EP0H3j+JrR1OYafpErQqFKJsjUdieBVaztxaWcUA/gXB9z3/AFqGUTUUUVIBVe44vLBvS4x+atVioZv9faH0uF/kaaAt6YMfa/e5c/yq9WfpTZe+HpdMP0FaFaEhRRRQAUUUUAFFFFABRRRQAUUUUAFFFFABRRRQAUUUUAFFFFABRRRQAUUUUAJS0lLQAUUUUAFFFFABRRRQAUUUUAFFFFABRRRQAUUUUAFFFFABRRRQAUUUUAFFFFABRRRQBkeJebCFf71zGP1qfXONHuz/ANMzUPiAbksU/vXkf9al13/kC3n/AFzNIY3qKKQfdH0pazGFIwDKVYAqRgg96WigCDT5G06ZbOVibVziByfuH+4f6flWtJGksbRyKGRhhlPcVmTwpcQPDIPlcYPt70/RL2S5gkguDm5tm8uQ/wB70b8atMTK9k8mj3yadOxe0mP+jSH+E/3D/Sr1xqtrBIYgzTTD/llCpdv06fjU9xbw3UflzxrIuQcHsadFDHAmyGNY19FGBTAz2utWuP8Aj3sordT/ABXEmT/3yv8AjTDp+qT/APHxqxj/ANmCIL+p5rWooAx/+Eeifma+vpT7zYpkvhi0kUKLm6ABzzJuH61t0UBco6jpq3vkOkphngcMkoUE/SpbKxiso2Cbnkc7pJHOWc+pNWaKAKWqW0l1FAiLuCzq7j2Gf64ppRx1U/lV+ik1cDOoq88aP95fxqCW3KjKnI9KmwEFV7k/6VYLnlrgfopqdWDqGUhgeQR3qvZ4u9Ue6P8Ax72YZVPZnP3j+A4oQyxorZm1Iel238hWpWR4aUtpzXT/AH7mV5T+eB/KtetEJhRRRQIKKKKACiiigAooooAKKKKACiiigAooooAKKKKACiiigAooooAKKKKAEpaSloAKKKKACiiigAooooAKKKKACiiigAooooAKKKKACiiigAooooAKKKKACiiigAooooAy9ZG6fTR/09qf0NO14/8AElufdQPzIpdXIRrBz2u0H5gj+tJr/wDyCJs9NyZ/77FJjE6cUUp6mkrMYUUUUAFVtMTHiC+ZSMGGPcPf/IpZZJpZvstmFM2Mu7fdiHqfU+gq5pumpYeaxleaaY7pJH6n/AVSQF2iikJCgkkADqTVEi0VFDcwTlhDPHIV6hGBxUtAwooooEFFFFABRRWD4j1o2m2ytXC3MuAX/wCeYP8AWgC5eausVybW1QT3A+8C21U+p9fanWerRzz/AGa4ja2ue0b9G/3T3rgryxltncmZW2gMTnBOfatDRbr7af7OvGLKeYnz8yMPQ0NNaijNSdjpb/TZo1eSyeQRMd0tuhAJ9dh7E+n8qr32p2kejJbaYQXnXy4o1HKA8HI6jHNaOlXUksb29wc3NuQHP98dm/H+dR3WkW5aWa3VIJZuJZf7q/xYHTJpF+pY0jyxpdusKuI1QBd4wSB3x79au1j6FCzST3rSvKkmI4WYAfIO4A4AJ6e1bFUSwooooAKKKKACiiigAooooAKKKKACiiigAooooAKKKKACiiigAooooAKKKKAEpaSloAKKKKACiiigAooooAKKKKACiiigAooooAKKKKACiiigAooooAKKKKACiiigAooooAx/ExaPTUnXrBOkn5H/AOvUV/Kb/VBZ5xb26rLIP+ejH7o+g61d16Ez6LdxqMnyyR+HP9Kyg/8ApOm36/6u6gELn/aAyP6ipZSNKiiioAKjuJ0treSeQ/JGu41JWbegahqNvpqHKBvNnx2UdAaYGro0DQ6cjS/66YmWT6tz+gwPwq9RRViIbu6is7Z552wi+nUnsB71gXExmT7Vq8vlQt/q7YHj8R/Easyv/aeqEnm1tG2qOzydz+HT865G8vjdaqbiZd8aPxGem0dqXxOwSkoK5qyalosjAoJoHT7ssQ2kfka1dP13aFFzMs9uxCrcgbSp7Bx2+tcfeT21xLJJHEyMcbegHvkU7SpRDeJG4zDL8ki+oNPltsZxq8zsz06isbR7qS2nOlXbEsgzBIf409PqK2aDRhRRRQIRm2qWPQDNecaukss8Nw4y9yplJ+pPH4DAr0d13Iy+oxXOLp+oTaabF7QJsTYJGcc49PY0rtMdk1ZnFPktknPua0dAieTV7faOjbj9BUlzoOpROfNtZCpOSUUN/KtTTNPvkQrZ2jRM/D3Fx8vHsvWqlLSyMoU2ndmtYyLJ4hl8vkLbAPj13cVa1tgNOcOrGM8NtYAj8+CPY1Jpmnx6dblFYySOd0kjdXNW2UMpVgCpGCCODUpaGrepn6Pfefbok81t5x+7HGcHaPUev04rTrAmthoV0L22UGzchZoyMmMf3lPp7VvA5GRTQMWiiimIKKKKACiiigAooooAKKKKACiiigAooooAKKKKACiiigAooooAKKKKAEpaSloAKKKKACiiigAooooAKKKKACiiigAooooAKKKKACiiigAooooAKKKKACiiigAooooAQgMCCMg8EVgadagx3ujTkjyH8yFu4UnKkfQ10FYF/fW8HiS08qRTMQYpwTgBTyMn1BpMaGy3l3ZnZd2Ezkf8tYBuVvfHUfSlju72f/U6VPj1lYIP1reopWC5iC01S8GyYxWUR+95bb5CPQHoK0rKxtrCLy7aMKDyzHlmPqT3qzRTsAU2Xf5L+X9/adv1xxTqKBGHpPliwiEfTHOeue/65rj9Q0+a1u58xkR7ztbH3hXZXtpLY3LXVqjPBIcyxqMlD/eA7g9xVHUZrPVLEwi9jibORk9/Q1KfKxzipo4sDmrthA81/bxqOWYH6DNTtpY/5aahZgDv5mSfyFa+liG3bydMia9um+9NjCL+PYVbkraGUKTTuy/rjxpCr+YEuEbfD65FbOnXi39jFcqpXeOVPYjqKr6ZphtXa5unE12/BfHCD0WtHpUpWNm7h0FY1x4hhBK2ULXJH8Wdqfmev5Vs1QutGsLrJa3VHP8AHF8rfmKHfoEbX1MeXWNVl+4beAeylj+tWPD91f3N7cie5M0EagHKgfOfTFUdTtJtIw7yGe2bgOR8yHsDW7odv9m0mBSm2RxvfPUseamPNfU2qez5VyF8jIIyRnuKrNaSjJhvJkb/AGsOv5Ef1q1RVmBiz6vcRJPCYUWe3/1spP7pARwfUk9lqTSWmgtS108txdzHe6DnZ6D0Xiq+owXF/c77e5gVIpORt4Vh/E+ep9BitWObZGqJHLKQOWCBQx9ecUAVNTF5Npt1vWGGPymypy7EY/AD9afY2jyWFs0l5cHMSnarBQOB6DNN1i4lXSbvNuygxMMl14zx2q7al0t4o2iZdqheoPQUAKtpEvOZGP8AtSMf61NRS0xBRRRQAUUUUAFFFFABRRRQAUUUUAFFFFABRRRQAUUUUAFFFFABRRRQAlLSUtABRRRQAUUUUAFFFFABRRRQAUUUUAFFFFABRRRQAUUUUAFFFFABRRRQAUUUUAFFFFABXNa49nGWsVjS3V/mmm8kliPReOSfXtW/cw+fCyCRo2/hdTyp9a5u9OukG2vEke3PDvaoCzj+lJjR0Ni8T2MDQFjEYxsLdcY71PVXTJoJ9Pge2UrFtwqnquOMGnTXkMTFNxeT+5GpZvyHT8aALFFU/PvZf9VaLEP7078/kuf50eRfPy96qe0UI/mSaALlFU/sLn719dH6MB/IUfYMdLu7/wC/v/1qALlZ2qx20cO82kE1zKwSIOgO5j6+w6n6VaW3lT7t1K3s4U/0qvCyzavOJceZboojB9GGSw+p4/CgB9pp0FvEA8UDyd3WFVz+Aq2qqowoAHoBilooAKKjjmSV5FQ5MbbW+uAf61JQAUUUUCIbyMTWU8TDIeNh+lQ6PKZ9ItJGOWMS5+uKmu5kt7SaWRgqIhJJrG0nV7Oy022trtpIJEQA+ZGQPzoGb9FUxq2nEZ+3Qf8AfYqrJqpvX+zaSRJIR805HyRjuf8AaPtQAksqJ4iVos/LCRckDIH9z8ev4VeGoWZbb9pjVvRjtP60tlZx2UPlxlmZjud2OWdu5NTOiSLtkRXX0YZoAoa3+9sY4VIP2ieNOPTdk/oK06xZLK3k1iKG2TyfIBllaPgAnhRjpnqenatWISr8sjBx2bGD+IoAlooopiCiiigAooooAKKKKACiiigAooooAKKKKACiiigAooooAKKKKACiiigBKWkpaACiiigAooooAKKKKACiiigAooooAKKKKACiiigAooooAKKKKACiiigAooooAKKKKACkJwCcE+wpaKAOeu4pNLujdOGFhcPmeONj+7Y/xfQ98VuQrEsS+QqCMjI2Dg+9PkRZY2SRQyMMEHoRWHC76DcrbTsW06Vv3Mh/5ZH+6fakPc3KKKhltxM371iyf88xwD9fWgCJ9Qj3lLdHuZBwREMgfVjwPzpu3UZurw2q+ijzG/M4H6GriqqKFUBVHQAYApaAKi2JJzLd3Mh/66bR+S4qC/tYhJE0Ezw3iAiMrlyw7hgeo+tW55n3iCAAysMknog9T/Qd6dBbpADtyztyztyzH3oAoDVJbM7NVg8odBPH80Z+vdaupe2rruS5hK+ocVLJGkqFXUEH1rJl8P2BbeLSNvpkUgIpLl9P1JxZtHdpdMZHhDfMhxyc9Mcd6vw6xZSyeW0hgl/uTDYf14P4VBFbxW4KwwpEO4VcUs0MU6bJo0kX0YZpXGaYYMMqQR6g1UudVs7ZtjzB5e0cfzMfwFZZ0WwJ4gK+yuwH86s21pb2ikW8KR56kDk/jRzBYieOfUZVlvh5cKnMdsDnn1c9z7VaZQ6lXAZT2IyKWikBW/s+yzn7JDn/AHBUulKHv7yVQAke2BQBxwMn9TUgzngZParNhai0tVizlySzt6sTk00BYqG8uo7O1eeTkKOAOrHsB7k1NWZD/wATTUPPPNpasRF6SSd2+g6D3zVCLGmWzwW5efBuJ28yU+57fQDA/CrtFFMQUUUUAFFFFABRRRQAUUUUAFFFFABRRRQAUUUUAFFFFABRRRQAUUUUAFFFFACUtJS0AFFFFABRRRQAUUUUAFFFFABRRRQAUUUUAFFFFABRRRQAUUUUAFFFFABRRRQAUUUUAFFFFABUVxBFcwPDOgeNxgqalooAxbeSXRpFtbty9kxxBcH+D0Vv6GtikkjSWNo5FDowwVIyCKzPIvtN4tP9Mte0Lth0H+yx6j2NIZqUjlgpKjLdhWQniWx3FZ1mt2B2t5kZwD6ZFaVtd294m+2mSVe+05xQA6CIRKcnc7HLt6mpKKKACiiigQ1kV/vKDUL2wPKHHsasUUWGUWideqn8KZWjRgHsKnlC5kNJO3FvZzS/7Rwi/mf8KY39rfwWEIz0LT9P0raop2C5R06xktg0l1MZrh+p6Kvsoq9VSbVLCAkSXkCkdRvBNZ82oXeqH7PpMbxxtw93Iu0Af7I7mmBLeXj3l02mWJ+bH+kTjpEvoP8AarUghjt4EhiULGg2qB2FQadYQ6dbCGEe7OerH1NW6YBRRRQIKKKKACiiigAooooAKKKKACiiigAooooAKKKKACiiigAooooAKKKKACiiigBKWkpaACiiigAooooAKKKKACiiigAooooAKKKKACiiigAooooAKKKKACiiigAooooAKKKKACiiigAooooAKKKKAM7ULSQObu0UNKBiSFvuzKOx9/Q0WcOn3caXVvbojHjKrsZT3Bx3qldavczytHp+xIkO0zuM7j/sj+tU7e5utOvWu55ElglIE4VNuO2/H86Qcy2OnAwMZJ+tLSBlb7rA9+DS0AFFFFABRRTXXcuMke4oGOppdR1YD8aqSRyJy2SPWo6m4FtrlB0y1UbiMXUm6cs6do84Ufh3/Gn0UrjKN7BF5cVrDFGj3LiP5UAwvVj+Wa6AAAAAYArnCJrnVpHgnMJtVEattDfM3J6+2K0LDUZjdfYr9FS4xuR1+7KO+PQ+1UloS2r2NSiiiqAKKKKACiiigAooooAKKKKACiiigAooooAKKKKACiiigAooooAKKKKACiiigAooooASlpKWgAooooAKKKKACiiigAooooAKKKKACiiigAooooAKKKKACiiigAooooAKKKKACiiigAooooAKKKKACqOszNBpNzIhw2zAPpnjP61eqK5gjureSCUZSRSpoAwFiWGCJEGFC4FRCF76Z4QxSBOJGHVif4R6e9LPb6lYHyjbvexL9ySPrj3HrUmiyCTTw2MMXbcO+c5/wp3uYuLjqK+jWOweWrROOjxsQw/GptOvrq2vEsb9vNWTPk3Hckfwt71PWXrlyLY2bgZkSYSAew60NDhJ3szqKKwo9ckvrfZZx7LgsQd/IjH94+vtSf2fG/zXEs88h6s8hH5AcCpWpo5JG9RWAYLyyHm6dO7KOtvK25W+hPINaenalFqFuJVBRgcMjdVPcUPQaaexcqjPc6ej7Wu4I39DIKiu2a+nNuGK28f+t2nBc9lz6dz+FPitrdFCLBEqegQU7XJlNJ2HeWxUMuHU9GU5BqnLeqk5giikuJl+8sY4X6k8CkuoDpKSXlj8qKCZIP4G9wOxHXjrVizgW3tUjU7s/Mz93Y8kn60uTUHUsrmXBJcWCyveWcqpJK0hlQhwM+oFTajMkqafPAwZ/tCeWw75PP6VtI25eaybKxjOvSgsfKtgJYogPlDPnJ/T9ap6ImOrub9FFFI0CiiigAooooAKKKKACiiigAooooAKKKKACiiigAooooAKKKKACiiigAooooAKKKKAEpaSloAKKKKACiiigAooooAKKKKACiiigAooooAKKKKACiiigAooooAKKKKACiiigAooooAKKKKACiiigAqje6gtuxiiAknxnHZfTP8AhV6uUmMov7tLco6GXd5xOQMjke5FAm7IsTalfwI03nJKqglo2QKMex/xzUMFvcWltBc26GTdGvnQ924+8Peql4twkQSWUPBKwVnK7Sgz146iuqtkUwlSARnpSe+gR1WpirqRl4hsrp39GTaB9SaRtHmvg098cSEbYxF0iH9TXQCJAchfz5pfMQSbN67/AO7nn8qHdgopbHN6VbCyubu23l2Gx8kYJBH+NaYGelJqunyTSJdWriO4j4yRkMO4I9KpfbbmAYubGXI/jg+dT/WmnbRkTg27o0QCIznvXOTWl1d3l29oP3fm44l2AsAM8VoNqF1d/u7K1mDHjzJl2qnv71q6bp62dskZO4jkk9yepNKTvsOEWtWZ+hPJ9lliuAwuI5Dv3dTkcH8q0gMnioL7TpGn+1WUvlT4wcjKuPQioBPqajBs4C4/iEpA/LGaalbcmUG3dEutTLHpk4YcspRR6seAKLGVWhWEkCaFQkiE8ggdfofWmw2dzdTpPelGaM5jRAQie/PU1Pd6RbXRBlQMwGA3II/EUubUr2elmNvLyCxtmlnbGOi92PoBWdaW96zvdSXjW80+MqqKdgHQc+maup4eskD/ACZZlK7mJYjPpmqVrqG6BVaKeWSP5JDFGWGRx1p3vuJxcVoaOm3tx9smsL1laaNQ6SAY8xT7eorUrmY7xbjxBYNGsgkCujq6FTtx15966ag0WwUUUUAFFFFABRRRQAUUUUAFFFFABRRRQAUUUUAFFFFABRRRQAUUUUAFFFFABRRRQAlLSUtABRRRQAUUUUAFFFFABRRRQAUUUUAFFFFABRRRQAUUUUAFFFFABRRRQAUUUUAFFFFABRRRQAUUVVvr1bKNXaGeXccARIWP4+lADNXme30u4lQkMFxkdsnGfwrHVVVQqjCgYFOOoyapOLeeKaCFs/udhBcD+83p7Cq8kU2muAEkuLU/c2jcyex9R70KSuTOLa0LMqK1jIJfuHPX071V0fXoorRIrmQo6jAYrkMO340rR32rERCB7a3P33fhiPQCpdV0a0toElSPY+5F+U4H3gOR3pSdwhFxWpMbq/1HlHa0tj0bb+8f/AU0aPZtGVEZEh583JL59d3rV09TTo1O7OKpJGTm2N0W9kmWW0umzdWx2sf769mrRKIeSo/KuZ1a4On6lb3sa5LK0bDOM9xzSSa+98n2SKKRJZvkDFhgZ7/lmpZundXNdtXtldlt4J7jacFok+XP1NJ/bUSjM1rdxDuWiyB+WaZHGsUSRRjCIMAe1Sx4PBH41XKZ+0LtvcQ3UIlgkWSM9GFSE4GSeKxrCQW2szwE4jmiEuPRgcH8+Ku3k6mBwG2qFJLHgDipehotSj502rSMwkeGxUlV2Ha0xHBJPZaGsLuBN+n30ykDiKZt6H255FJobBtGtdpzhMH65NaKNjjGapLQxc3zGZNq0lxpdwjJ5F0hEci5+7k4yPbmtCGNLdEjiUKiDAA9KxNbsTd6paKjBGmVlLEenI/GriamIFMN8kiXKcFVQt5nuuKS0ZUrySaJtQITUtMlU/N5xjJ9QVPFbFc8bK/1G5jvMC0EHMEcoyWPqwHSrX9syW3yajYzxN/fiXzEP0IouXFOxr0Vk2uv2t5era28U7sfvNswFHqa1qBhRRRQAUUUUAFFFFABRRRQAUUUUAFFFFABRRRQAUUUUAFFFFABRRRQAUUUUAJS0lLQAUUUUAFFFFABRRRQAUUUUAFFFFABRRRQAUUUUAFFFFABRRRQAUUUUAFFFFABRRRQAUUUUAFZ2q6jcaeu+OyaePbkuHACn0xWjWLeTjUbqOKLm2gfdI/Z2HRR64PJ+lJjRXsHvJp5J7y3ZJH4LMwwo7Kq+la9oAd2RnpVerNp/GPpULcbLA46VXv7Vbyzlgb+JcA+h7VYoqxHOLqElvGqX1pcxyKMMwj3KT6gin/25YMvN0o9iCDXQVG9vDJ/rIY2z/eUGndkckTnbdW1q8ikEDfYockGQcSMePyFSarp1vp0Md1bwInlSq7Mo5xnB/nXRAAAAAADoBTZI0ljaORQyMMEHoakpaKxm8HkHI7UoJByKgbRrq2GNOvMRjpDOu5R7A9RSDT9XlH7y7toPaOMsfzNXzGXs2Z12bybVXfT9paCMRuTjqTnHNUUS/1W6+zSzkEZJDHjg4OAOtdVaabFYWmxGZ2zuZ26sT1JrndNkMPiGJWBD+dIrAjsc/8A1qjdmy0SSL1vBe6LujW3lu7VjuXYPnQ9+KmTVy7bV06+J9PKreopptEuKepmWNnPJefbr1Qjqu2GEHPlg9ST6mtOiigYVU1G2ubmApbXRtzjsOv49R+FW6q6lM8NmzxyiJugcxlwPwH86BmTZ2lzb6jBbRPFEqnzZ1gBOR23ueSSe31roqxdBvDcNLElttVP9ZOZNxd/xANbVCBhRRRTEFFFFABRRRQAUUUUAFFFFABRRRQAUUUUAFFFFABRRRQAUUUUAFFFFACUtJS0AFFFFABRRRQAUUUUAFFFFABRRRQAUUUUAFFFFABRRRQAUUUUAFFFFABRRRQAUUUUAFMkkSGNpJGCooySegpWYIpZjhQMkntWSs5vitwwxD1hQ+n94+57egpN2AbPPPqOUUPb2fcniSUf+yj9amRFjRURQqKMBQOAKWiobuUFTWrYlx6ioaVG2uG9DQBoUUUVZIUUVWvtQtbCLfcyqvoufmb6CgZJcTiBFONzOwVFHVif85/CpTxWdpsy3rPeOfmX5VBGFjGM8Z6k8ZNS3U3mS20ERyZWDk/7C8k/icD8aALlFFQ3lytpaS3DjIRc49T2FAEGo3yWqiMK0k0nCRp1b/PrWLNpt/cXsdyXhgO5SQpLFNvQ+hNXLWF0dridt1zJ989lH90ewq8pyM01HuYyqdiob3ULD5rlFvLcdZIl2yKPUr0P4Vp21zDdwLNbyCSNuhFRIATg1m3CjSLtbyEbbeRgtyg6c9Hx6g9aGhwnfRm5RR16UUjQKKKKAKF5pxeT7TZyeRdr0f8AhcejDuKXT9S+0yPbXERgvIhl4ycgj1U9xV6s27iC67p9xnkrJER+GR/I0DNSiiimIKKKKACiiigAooooAKKKKACiiigAooooAKKKKACiiigAooooAKKKKAEpaSloAKKKKACiiigAooooAKKKKACiiigAooooAKKKKACiiigAooooAKKKKACiiigAooooAZLGssTxt911Kn6Guf0+X7Kp0+6kVZ7c7Vycb0/hIro657XLeGyvodSMIkWRhHKNucHsw9+KloaLxOBk1G88UalnkVQO5NOjkSWMSRsHRuQR3rPuNGtpZmnzIrE5OHxUDLC3qMmSNpYgRoT8zA8Zx2q1WLZxRLq4SNcRxjr13SYzye+ATW1QBdgbdEPUcVJVS1fD7f71W6tCAjIxWXNp+nWEbTi2TeO5G5j+fetNiVUkKWIGcDqazHsZtSlWS+HlQIcrbq2ST6sR/IUMEU2lkksZFXJjyXndBnzXz9xfUDoT7YrUsYX3vdXAxNLwF/uKOi/4+9WFhRdoUAKowAKkoAKzteIGnjP3fNQt9NwrRqjq8JuLCSEdXUgfXtTYER6mnxHqKq2c4ubWOXoSPmHoRwR+dW4hwTWhyvQkX7wovIVuLd4XGVkUqfxpQCDmq+o3gtbOSc9VHyj1bsPzpAhdAleXR4PNJLpmMn12kj+lX45Y5V3Rurj2PSqukW72ulwRS/6zbuf/AHicn+dRajpz3OXg+zrJjrJGcn/gQINQdRo5AIBPJormo4ZtH3XU0KyXDDarPNnOf4UXGa3NP882iPdY89uWC9B7UrgWaz7k+ZrljGP+WaSSt+QUfzNaFZulA3Nxcak33ZT5cPtGp6/icn8qYGpRRRTEFFFFABRRRQAUUUUAFFFFABRRRQAUUUUAFFFFABRRRQAUUUUAFFFFACUtJS0AFFFFABRRRQAUUUUAFFFFABRRRQAUUUUAFFFFABRRRQAUUUUAFFFFABRRRQAUUUUAFQXdtHeWzwS52sOo6g9iPep6KAMeJnSR7afHnR85AwJF7MP6+9OkDsNqjHvVrUbM3UavEwS4i5jc9PcH2NU7acTxk7SkiHbJGeqN6Vm1YozcR2EluhYkRb5Hbuxxj8yTWhazCSCJmPzyAtj09R+HSoW0+Jrk3UhZ5APlBPC/QVTs5z/amwDMaM8Z9ixyP5frSGbQJBBHUVfRg6hh3rNSRZAShyAxX8R1q1av1Q/UVSJLNFFFUIKKKKACoEcXdqHUFSc8HsQcEfnU9U9MO62dx915pGX6bjQMyZo7mxunntovPgkbdJAOGVu5X/Cpl1myI+YyxsOqtE2R+la8sCycjhqriN2kdAQSmM8+opJtEuCkZ/8AbIkGLazupj2/d7R+Zp1rZ3F7eR3N/tVITujgQ5Cn1J7mtFbZyfmOB+dWUUIu1RxRdsFFLYU1QmXVGbbHLbxr/eEZY/qcVfoplGfbaYsc3nzO80/TzJDkj2A6D8K0AOworO1a58uB4zZXU465hOP1BzSANbuTFaC3jcJPcny0JONoPVvwFX7eFLe3jhjGEjUKv0Fcvp2m2mp3padgDFhjbjeT/wACZv5Cur6U0DFooopiCiiigAooooAKKKKACiiigAooooAKKKKACiiigAooooAKKKKACiiigBKWkpaACiiigAooooAKKKKACiiigAooooAKKKKACiiigAooooAKKKKACiiigAooooAKKKKACiiigArN1Gzk8z7baLmdRh06CVfT6jsa0qKAMeKZLiASQnIb8CD3B9CKpTWjCREtyIsyGR2XrnH8+a0L6zeCZry0Qtu5nhH8f+0P9r+dJFJHNGssTBlbkEVm1YoIYlghWNBhVGBUgJBBHUUlFIC9G4kTI696fVGKQxtkdO4q6rBlDA8GrTELRRRTEZ2tX4srXYhJuJvkiReWJPcD2qvo99LLJ9jEaKIOHxyEAAAUHuc9TV59PgLySIgSWXhpR9/8D2rN1BE0uIpbjy08lgp6/MCGyfU9T+FIo296+YUz8wGSPaqryCHU4ySNlyhTP+2uSP0J/Ks631Xbq8hmARWjRZf+mZyQD/unI59xUF1ZXE1rK9m5EiytujPQsrHDD0b+dFxWOkorP0fUf7Qtj5imO5iO2ZCMYPr9DWhTAKKKpXmpRW0ggRWuLpvuwx8t9T6D3NAFqWWOGJpJXVEUZLMcAVnA3mpsXgnktLTHytsAeT3Gegp0OnS3Uq3GqMsjKcpbr/q4/wD4o+5rUoArWVlFZRssW5mc7nkc7mc+pNWaKKYgooooAKKKKACiiigAooooAKKKKACiiigAooooAKKKKACiiigAooooAKKKKAEpaSloAKKKKACiiigAooooAKKKKACiiigAooooAKKKKACiiigAooooAKKKKACiiigAooooAKKKKACiiigArNurJ4pGubNcljmWHoH9x6N/OtKigDIhnjnBMbZK8Mp4ZT6Edqkqe8023u3EpDRzgYEsZww/x+hqjIt9Z/66L7VEP+WkIww+q/4VDRRPUkMpjb/ZPUVVt7qC6BMEquR1XoR9R1qakBoAgjIOQaWqUUxj46r6VbSRZB8p/CqTEOqpqVhHqNm8DkqTyrDqpq3RTApW+nqtrElyEkmEXlO4H3h6fSoNLtLiwvJ4G3S20g3xyE5KnptP6flWoTgZPFQTXcUKF2YBR1YnAH40tAJgqqSQoBPUgdajuLmG1iaSeRURepJrKGpXWosU02LcnQzvlYx9O7VZt9HjWVZ7uV7qZeQX4VT7L0FAEYkvtU/1G6ytD/y0I/eyD2H8I9zzV6zsbexjKW8YXPLMeWY+pPerNFUIKKKKACiiigAooooAKKKKACiiigAooooAKKKKACiiigAooooAKKKKACiiigAooooAKKKKAEpaSloAKKKKACiiigAooooAKKKKACiiigAooooAKKKKACiiigAooooAKKKKACiiigAooooAKKKKACiiigAooooAKKKKAKd5plpendNEPMHSRDtYfiKptpl/B/x63qzL2S5XJ/76FbFFKw7nPSX81mcajZyQr/z1jO9Pz6irkMqSoJIZA6noynNahAYEEZB6g1ly6HEsjTWEjWkp6hRlG+q/4UnELllblgMMM+9MlvfLQu7JGg6sxrPa11yR9gNpCv8Az0GWz+BqWHw7CziXUJ5L2QdnOEH4UrMehWbVZr2Qx6ZA1yw4MrcRr+PerFvoHmyCbVZzdSDkRjiNfw71soiRoEjVUUdAowBTqpIVxqqqKFVQqjgADAFOoopiCiiigAooooAKKKKACiiigAooooAKKKKACiiigAooooAKKKKACiiigAooooAKKKKACiiigAooooASlpKWgAooooAKKKKACiiigAooooAKKKKACiiigAooooAKKKKACiiigAooooAKKKKACiiigAooooAKKKKACiiigAooooAKKKKACiiigAooooAKKKKACiiigAooooAKKKKACiiigAooooAKKKKACiiigAooooAKKKKACiiigAooooAKKKKACiiigAooooAKKKKAEpaSloAKKKKACiiigAooooAKKKKACiiigAooooAKKKKACiiigAooooAKKKKACiiigAooooAKKKKACiiigAooooAKKKKACiiigAooooAKKKKACiiigAooooAKKKKACiiigAooooAKKKKACiiigAooooAKKKKACiiigAooooAKKKKACiiigAooooAKKKKACiiigBKWkpaACiiigAooooAKKKKACiiigAooooAKKKKACiiigAooooAKKKKACiiigAooooAKKKKACiiigAooooAKKKKACiiigAooooAKKKKACiiigAooooAKKKKACiiigAooooAKKKKACiiigAooooAKKKKACiiigAooooAKKKKACiiigAooooAKKKKACiiigAooooASlpKWgAooooAKKKKACiiigAooooAKKKKACiiigAooooAKKKKACiiigAooooAKKKKACiiigAooooAKKKKACiiigAooooAKKKKACiiigAooooAKKKKACiiigAooooAKKKKACiiigAooooAKKKKACiiigAooooAKKKKACiiigAooooAKKKKACiiigAooooAKKKKAEpaSloAKKKKACiiigAooooAKKKKACiiigAooooAKKKKACiiigAooooAKKKKACiiigAooooAKKKKACiiigAooooAKKKKACiiigAooooAKKKKACiiigAooooAKKKKACiiigAooooAKKKKACiiigAooooAKKKKACiiigAooooAKKKKACiiigAooooAKKKKACiiigBKWkpaACiiigAooooAKKKKACiiigAooooAKKKKACiiigAooooAKKKKACiiigAooooAKKKKACiiigAooooAKKKKACiiigAooooAKKKKACiiigAooooAKKKKACiiigAooooAKKKKACiiigAooooAKKKKACiiigAooooAKKKKACiiigAooooAKKKKACiiigAooooASlpKWgAooooAKKKKACiiigAooooAKKKKACiiigAooooAKKKKACiiigAooooAKKKKACiiigAooooAKKKKACiiigAooooAKKKKACiiigAooooAKKKKACiiigAooooAKKKKACiiigAooooAKKKKACiiigAooooAKKKKACiiigAooooAKKKKACiiigAooooAKKKKAEpaSloAKKKKACiiigAooooAKKKKACiiigAooooAKKKKACiiigAooooAKKKKACiiigAooooAKKKKACiiigAooooAKKKKACiiigAooooAKKKKACiiigAooooAKKKKACiiigAooooAKKKKACiiigAooooAKKKKACiiigAooooAKKKKACiiigAooooAKKKKACiiigBKWkpaACiiigAooooAKKKKACiiigAooooAKKKKACiiigAooooAKKKKACiiigAooooAKKKKACiiigAooooAKKKKACiiigAooooAKKKKACiiigAooooAKKKKACiiigAooooAKKKKACiiigAooooAKKKKACiiigAooooAKKKKACiiigAooooAKKKKACiiigAooooASlpKWgAooooAKKKKACiiigAooooAKKKKACiiigAooooAKKKKACiiigAooooAKKKKACiiigAooooAKKKKACiiigAooooAKKKKACiiigAooooAKKKKACiiigAooooAKKKKACiiigAooooAKKKKACiiigAooooAKKKKACiiigAooooAKKKKACiiigAooooAKKKKAEpaSloAKKKKACiiigAooooAKKKKACiiigAooooAKKKKACiiigAooooAKKKKACiiigAooooAKKKKACiiigAooooAKKKKACiiigAooooAKKKKACiiigAooooAKKKKACiiigAooooAKKKKACiiigAooooAKKKKACiiigAooooAKKKKACiiigAooooAKKKKACiiigBKWkpaACiiigAooooAKKKKACiiigAooooAKKKKACiiigAooooAKKKKACiiigAooooAKKKKACiiigAooooAKKKKACiiigAooooAKKKKACiiigAooooAKKKKACiiigAooooAKKKKACiiigAooooAKKKKACiiigAooooAKKKKACiiigAooooAKKKKACiiigAooooASlpKWgAooooAKKKKACiiigAooooAKKKKACiiigAooooAKKKKACiiigAooooAKKKKACiiigAooooAKKKKACiiigAooooAKKKKACiiigAooooAKKKKACiiigAooooAKKKKACiiigAooooAKKKKACiiigAooooAKKKKACiiigAooooAKKKKACiiigAooooAKKKKAEpaSloAKKKKACiiigAooooAKKKKACiiigAooooAKKKKACiiigAooooAKKKKACiiigAooooAKKKKACiiigAooooAKKKKACiiigAooooAKKKKACiiigAooooAKKKKACiiigAooooAKKKKACiiigAooooAKKKKACiiigAooooAKKKKACiiigAooooAKKKKACiiigBKWkpaACiiigAooooAKKKKACiiigAooooAKKKKACiiigAooooAKKKKACiiigAooooAKKKKACiiigAooooAKKKKACiiigAooooAKKKKACiiigAooooAKKKKACiiigAooooAKKKKACiiigAooooAKKKKACiiigAooooAKKKKACiiigAooooAKKKKACiiigAooooASlpKWgAooooAKKKKACiiigAooooAKKKKACiiigAooooAKKKKACiiigAooooAKKKKACiiigAooooAKKKKACiiigAooooAKKKKACiiigAooooAKKKKACiiigAooooAKKKKACiiigAooooAKKKKACiiigAooooAKKKKACiiigAooooAKKKKACiiigAooooAKKKKAP//Z\"></p>',NULL,'0',0,'1','0','','','',NULL);

/*Table structure for table `cms_blog_file` */

DROP TABLE IF EXISTS `cms_blog_file`;

CREATE TABLE `cms_blog_file` (
  `file_id` bigint(20) NOT NULL COMMENT '文件ID',
  `blog_id` bigint(20) NOT NULL COMMENT 'blogID',
  PRIMARY KEY (`file_id`,`blog_id`) USING BTREE
) ENGINE=InnoDB DEFAULT CHARSET=utf8mb4 ROW_FORMAT=DYNAMIC COMMENT='blog文件表';

/*Data for the table `cms_blog_file` */

insert  into `cms_blog_file`(`file_id`,`blog_id`) values (33,17),(34,17),(36,17),(37,17);

/*Table structure for table `cms_blog_tag` */

DROP TABLE IF EXISTS `cms_blog_tag`;

CREATE TABLE `cms_blog_tag` (
  `tag_id` bigint(20) NOT NULL COMMENT '标签ID',
  `blog_id` bigint(20) NOT NULL COMMENT 'blogID',
  PRIMARY KEY (`tag_id`,`blog_id`) USING BTREE
) ENGINE=InnoDB DEFAULT CHARSET=utf8mb4 ROW_FORMAT=DYNAMIC COMMENT='blog标签关联表';

/*Data for the table `cms_blog_tag` */

insert  into `cms_blog_tag`(`tag_id`,`blog_id`) values (22,10),(22,16),(23,7),(23,13),(23,14),(24,7),(24,13),(24,14),(25,22),(26,19),(26,22);

/*Table structure for table `cms_blog_type` */

DROP TABLE IF EXISTS `cms_blog_type`;

CREATE TABLE `cms_blog_type` (
  `type_id` bigint(20) NOT NULL COMMENT '类型ID',
  `blog_id` bigint(20) NOT NULL COMMENT 'blogID',
  PRIMARY KEY (`type_id`,`blog_id`) USING BTREE
) ENGINE=InnoDB DEFAULT CHARSET=utf8mb4 ROW_FORMAT=DYNAMIC COMMENT='blog分类关联表';

/*Data for the table `cms_blog_type` */

insert  into `cms_blog_type`(`type_id`,`blog_id`) values (11,10),(11,16),(13,7),(13,13),(13,14),(14,19),(14,22),(16,7),(16,14);

/*Table structure for table `cms_comment` */

DROP TABLE IF EXISTS `cms_comment`;

CREATE TABLE `cms_comment` (
  `id` bigint(20) NOT NULL AUTO_INCREMENT COMMENT 'ID',
  `parent_id` bigint(20) DEFAULT NULL COMMENT '父评论id',
  `main_id` bigint(20) DEFAULT NULL COMMENT '主评论id(第一级评论)',
  `like_num` int(11) DEFAULT NULL COMMENT '点赞数量',
  `content` varchar(255) DEFAULT NULL COMMENT '内容',
  `type` char(1) DEFAULT NULL COMMENT '评论类型：对人评论，对项目评论，对资源评论',
  `blog_id` bigint(20) DEFAULT NULL COMMENT '被评论者id，可以是人、项目、资源',
  `del_flag` char(1) DEFAULT '0' COMMENT '删除标志（0代表存在 1代表删除）',
  `user_id` bigint(20) DEFAULT NULL COMMENT '评论者id',
  `create_by` varchar(64) DEFAULT '' COMMENT '创建者',
  `create_time` datetime DEFAULT NULL COMMENT '创建时间',
  `update_by` varchar(64) DEFAULT '' COMMENT '更新者',
  `update_time` datetime DEFAULT NULL COMMENT '更新时间',
  PRIMARY KEY (`id`) USING BTREE
) ENGINE=InnoDB AUTO_INCREMENT=12 DEFAULT CHARSET=utf8mb4 ROW_FORMAT=DYNAMIC COMMENT='评论表';

/*Data for the table `cms_comment` */

insert  into `cms_comment`(`id`,`parent_id`,`main_id`,`like_num`,`content`,`type`,`blog_id`,`del_flag`,`user_id`,`create_by`,`create_time`,`update_by`,`update_time`) values (8,NULL,NULL,NULL,'非常喜欢这篇文章的','0',19,'0',4,'user','2023-12-10 09:51:44','',NULL),(9,NULL,NULL,NULL,'太好吃了','0',19,'0',4,'user','2023-12-10 09:51:49','',NULL),(10,NULL,NULL,NULL,'太好吃了，学起来很容易?','0',22,'0',4,'user','2023-12-10 09:52:05','',NULL),(11,NULL,NULL,NULL,'电影太好看了！！','0',10,'0',4,'user','2023-12-10 09:52:15','',NULL);

/*Table structure for table `cms_comment_like` */

DROP TABLE IF EXISTS `cms_comment_like`;

CREATE TABLE `cms_comment_like` (
  `comment_id` bigint(20) NOT NULL COMMENT '点赞评论ID',
  `user_id` bigint(20) NOT NULL COMMENT '用户ID',
  `create_by` varchar(64) DEFAULT '' COMMENT '创建者',
  `create_time` datetime DEFAULT NULL COMMENT '创建时间',
  `update_by` varchar(64) DEFAULT '' COMMENT '更新者',
  `update_time` datetime DEFAULT NULL COMMENT '更新时间',
  PRIMARY KEY (`comment_id`,`user_id`) USING BTREE
) ENGINE=InnoDB DEFAULT CHARSET=utf8mb4 ROW_FORMAT=DYNAMIC COMMENT='留言点赞表';

/*Data for the table `cms_comment_like` */

/*Table structure for table `cms_message` */

DROP TABLE IF EXISTS `cms_message`;

CREATE TABLE `cms_message` (
  `id` bigint(20) NOT NULL AUTO_INCREMENT COMMENT 'ID',
  `parent_id` bigint(20) DEFAULT NULL COMMENT '父留言id',
  `main_id` bigint(20) DEFAULT NULL COMMENT '主留言id(第一级留言)',
  `like_num` int(11) DEFAULT NULL COMMENT '点赞数量',
  `content` varchar(255) DEFAULT NULL COMMENT '内容',
  `type` char(1) DEFAULT NULL COMMENT '留言类型：对人评论，对项目评论，对资源评论（0代表留言 1代表回复）',
  `blog_id` bigint(20) DEFAULT NULL COMMENT '被留言者id，可以是人、项目、资源',
  `del_flag` char(1) DEFAULT '0' COMMENT '删除标志（0代表存在 1代表删除）',
  `user_id` bigint(20) DEFAULT NULL COMMENT '留言者id',
  `create_by` varchar(64) DEFAULT '' COMMENT '创建者',
  `create_time` datetime DEFAULT NULL COMMENT '创建时间',
  `update_by` varchar(64) DEFAULT '' COMMENT '更新者',
  `update_time` datetime DEFAULT NULL COMMENT '更新时间',
  PRIMARY KEY (`id`) USING BTREE
) ENGINE=InnoDB AUTO_INCREMENT=58 DEFAULT CHARSET=utf8mb4 ROW_FORMAT=DYNAMIC COMMENT='留言表';

/*Data for the table `cms_message` */

insert  into `cms_message`(`id`,`parent_id`,`main_id`,`like_num`,`content`,`type`,`blog_id`,`del_flag`,`user_id`,`create_by`,`create_time`,`update_by`,`update_time`) values (55,NULL,NULL,NULL,'这里面文章都写的真好','0',NULL,'0',4,'user','2023-12-10 09:51:24','',NULL),(56,55,55,NULL,'谢谢啦','1',NULL,'0',1,'admin','2023-12-10 09:53:02','',NULL),(57,NULL,NULL,NULL,'有很多喜欢的内容~?','0',NULL,'0',1,'admin','2023-12-10 09:57:45','',NULL);

/*Table structure for table `cms_message_like` */

DROP TABLE IF EXISTS `cms_message_like`;

CREATE TABLE `cms_message_like` (
  `message_id` bigint(20) NOT NULL COMMENT '点赞留言ID',
  `user_id` bigint(20) NOT NULL COMMENT '用户ID',
  `create_by` varchar(64) DEFAULT '' COMMENT '创建者',
  `create_time` datetime DEFAULT NULL COMMENT '创建时间',
  `update_by` varchar(64) DEFAULT '' COMMENT '更新者',
  `update_time` datetime DEFAULT NULL COMMENT '更新时间',
  PRIMARY KEY (`message_id`,`user_id`) USING BTREE
) ENGINE=InnoDB DEFAULT CHARSET=utf8mb4 ROW_FORMAT=DYNAMIC COMMENT='留言点赞表';

/*Data for the table `cms_message_like` */

/*Table structure for table `cms_tag` */

DROP TABLE IF EXISTS `cms_tag`;

CREATE TABLE `cms_tag` (
  `tag_id` bigint(20) NOT NULL AUTO_INCREMENT COMMENT '标签ID',
  `create_by` varchar(64) DEFAULT '' COMMENT '创建者',
  `create_time` datetime DEFAULT NULL COMMENT '创建时间',
  `update_by` varchar(64) DEFAULT '' COMMENT '更新者',
  `update_time` datetime DEFAULT NULL COMMENT '更新时间',
  `tag_name` varchar(50) NOT NULL COMMENT '标签名称',
  PRIMARY KEY (`tag_id`) USING BTREE
) ENGINE=InnoDB AUTO_INCREMENT=27 DEFAULT CHARSET=utf8mb4 ROW_FORMAT=DYNAMIC COMMENT='标签信息表';

/*Data for the table `cms_tag` */

insert  into `cms_tag`(`tag_id`,`create_by`,`create_time`,`update_by`,`update_time`,`tag_name`) values (20,'admin','2022-01-03 22:50:05','admin','2023-10-13 14:21:20','自拍街拍'),(21,'admin','2022-01-03 22:50:23','admin','2023-10-13 14:20:51','爱护宠物'),(22,'admin','2022-01-03 22:50:43','admin','2023-10-13 14:55:09','电影'),(23,'admin','2022-01-03 23:30:28','admin','2023-10-13 14:19:31','必打卡点'),(24,'admin','2022-01-03 23:30:32','admin','2023-10-13 14:19:08','最美景点'),(25,'admin','2022-01-03 23:30:38','admin','2023-10-13 14:18:42','海鲜大餐'),(26,'若依','2022-01-04 14:48:26','admin','2023-10-13 14:18:33','小吃');

/*Table structure for table `cms_type` */

DROP TABLE IF EXISTS `cms_type`;

CREATE TABLE `cms_type` (
  `type_id` bigint(20) NOT NULL AUTO_INCREMENT COMMENT '分类ID',
  `create_by` varchar(64) DEFAULT '' COMMENT '创建者',
  `create_time` datetime DEFAULT NULL COMMENT '创建时间',
  `update_by` varchar(64) DEFAULT '' COMMENT '更新者',
  `update_time` datetime DEFAULT NULL COMMENT '更新时间',
  `type_name` varchar(50) NOT NULL COMMENT '分类名称',
  `type_pic` varchar(100) DEFAULT '' COMMENT '分类图像（ 1上传）',
  `type_pic_type` char(1) DEFAULT '0' COMMENT '分类图像类型（0地址 1上传）',
  `type_pic_link` varchar(100) DEFAULT '' COMMENT '分类图像（ 0地址）',
  PRIMARY KEY (`type_id`) USING BTREE
) ENGINE=InnoDB AUTO_INCREMENT=17 DEFAULT CHARSET=utf8mb4 ROW_FORMAT=DYNAMIC COMMENT='分类信息表';

/*Data for the table `cms_type` */

insert  into `cms_type`(`type_id`,`create_by`,`create_time`,`update_by`,`update_time`,`type_name`,`type_pic`,`type_pic_type`,`type_pic_link`) values (10,'admin','2022-01-03 23:31:10','admin','2023-10-13 14:22:31','技术','','0',''),(11,'admin','2022-01-03 23:31:20','admin','2023-10-13 14:54:43','电影','','0',''),(13,'admin','2022-01-03 23:31:29','admin','2023-10-13 14:22:05','拍照','','0',''),(14,'若依','2022-01-04 14:31:23','admin','2023-10-13 14:21:50','美食','','0',''),(15,'admin','2022-01-03 21:35:44','admin','2023-10-13 14:22:56','歌曲舞蹈','','0',''),(16,'admin','2022-06-10 16:08:50','admin','2023-10-13 14:21:45','旅游','','0','');

/*Table structure for table `gen_table` */

DROP TABLE IF EXISTS `gen_table`;

CREATE TABLE `gen_table` (
  `table_id` bigint(20) NOT NULL AUTO_INCREMENT COMMENT '编号',
  `table_name` varchar(200) DEFAULT '' COMMENT '表名称',
  `table_comment` varchar(500) DEFAULT '' COMMENT '表描述',
  `sub_table_name` varchar(64) DEFAULT NULL COMMENT '关联子表的表名',
  `sub_table_fk_name` varchar(64) DEFAULT NULL COMMENT '子表关联的外键名',
  `class_name` varchar(100) DEFAULT '' COMMENT '实体类名称',
  `tpl_category` varchar(200) DEFAULT 'crud' COMMENT '使用的模板（crud单表操作 tree树表操作）',
  `package_name` varchar(100) DEFAULT NULL COMMENT '生成包路径',
  `module_name` varchar(30) DEFAULT NULL COMMENT '生成模块名',
  `business_name` varchar(30) DEFAULT NULL COMMENT '生成业务名',
  `function_name` varchar(50) DEFAULT NULL COMMENT '生成功能名',
  `function_author` varchar(50) DEFAULT NULL COMMENT '生成功能作者',
  `gen_type` char(1) DEFAULT '0' COMMENT '生成代码方式（0zip压缩包 1自定义路径）',
  `gen_path` varchar(200) DEFAULT '/' COMMENT '生成路径（不填默认项目路径）',
  `options` varchar(1000) DEFAULT NULL COMMENT '其它生成选项',
  `create_by` varchar(64) DEFAULT '' COMMENT '创建者',
  `create_time` datetime DEFAULT NULL COMMENT '创建时间',
  `update_by` varchar(64) DEFAULT '' COMMENT '更新者',
  `update_time` datetime DEFAULT NULL COMMENT '更新时间',
  `remark` varchar(500) DEFAULT NULL COMMENT '备注',
  PRIMARY KEY (`table_id`) USING BTREE
) ENGINE=InnoDB AUTO_INCREMENT=12 DEFAULT CHARSET=utf8mb4 ROW_FORMAT=DYNAMIC COMMENT='代码生成业务表';

/*Data for the table `gen_table` */

insert  into `gen_table`(`table_id`,`table_name`,`table_comment`,`sub_table_name`,`sub_table_fk_name`,`class_name`,`tpl_category`,`package_name`,`module_name`,`business_name`,`function_name`,`function_author`,`gen_type`,`gen_path`,`options`,`create_by`,`create_time`,`update_by`,`update_time`,`remark`) values (1,'sys_order','订单明细表','','','SysOrder','tree','com.ruoyi.system','order','order','订单明细','ruoyi','0','/','{\"treeCode\":\"order_id\",\"treeName\":\"order_name\",\"treeParentCode\":\"order_group\",\"parentMenuId\":\"2000\"}','admin','2021-12-13 15:54:15','','2021-12-22 11:20:25',NULL),(4,'sys_file_info','文件信息表',NULL,NULL,'SysFileInfo','crud','com.ruoyi.cms.fileInfo','cms','fileInfo','文件管理','ruoyi','0','/','{\"parentMenuId\":2007}','admin','2021-12-29 14:58:04','','2021-12-29 14:59:08',NULL),(6,'cms_blog','博客信息表',NULL,NULL,'CmsBlog','crud','com.ruoyi.cms.blog','cms','blog','文章管理','ning','0','/','{\"parentMenuId\":2007}','admin','2022-01-01 22:38:51','','2022-01-01 22:40:47',NULL),(7,'cms_tag','标签信息表',NULL,NULL,'CmsTag','crud','com.ruoyi.cms.tag','cms','tag','标签管理','ning','0','/','{\"parentMenuId\":2007}','admin','2022-01-02 14:48:25','','2022-01-02 14:49:54',NULL),(8,'cms_type','分类信息表',NULL,NULL,'CmsType','crud','com.ruoyi.cms.type','cms','type','分类管理','ning','0','/','{\"parentMenuId\":2007}','admin','2022-01-02 15:01:07','','2022-01-02 15:02:27',NULL),(10,'cms_message','留言表',NULL,NULL,'CmsMessage','crud','com.ruoyi.cms.message','cms','message','留言管理','ning','0','/','{\"parentMenuId\":2007}','admin','2022-01-15 13:56:24','','2022-01-15 13:56:57',NULL),(11,'cms_comment','评论表',NULL,NULL,'CmsComment','crud','com.ruoyi.cms.comment','cms','comment','评论管理','ning','0','/','{\"parentMenuId\":2007}','admin','2022-01-21 09:16:31','','2022-01-21 10:13:56',NULL);

/*Table structure for table `gen_table_column` */

DROP TABLE IF EXISTS `gen_table_column`;

CREATE TABLE `gen_table_column` (
  `column_id` bigint(20) NOT NULL AUTO_INCREMENT COMMENT '编号',
  `table_id` varchar(64) DEFAULT NULL COMMENT '归属表编号',
  `column_name` varchar(200) DEFAULT NULL COMMENT '列名称',
  `column_comment` varchar(500) DEFAULT NULL COMMENT '列描述',
  `column_type` varchar(100) DEFAULT NULL COMMENT '列类型',
  `java_type` varchar(500) DEFAULT NULL COMMENT 'JAVA类型',
  `java_field` varchar(200) DEFAULT NULL COMMENT 'JAVA字段名',
  `is_pk` char(1) DEFAULT NULL COMMENT '是否主键（1是）',
  `is_increment` char(1) DEFAULT NULL COMMENT '是否自增（1是）',
  `is_required` char(1) DEFAULT NULL COMMENT '是否必填（1是）',
  `is_insert` char(1) DEFAULT NULL COMMENT '是否为插入字段（1是）',
  `is_edit` char(1) DEFAULT NULL COMMENT '是否编辑字段（1是）',
  `is_list` char(1) DEFAULT NULL COMMENT '是否列表字段（1是）',
  `is_query` char(1) DEFAULT NULL COMMENT '是否查询字段（1是）',
  `query_type` varchar(200) DEFAULT 'EQ' COMMENT '查询方式（等于、不等于、大于、小于、范围）',
  `html_type` varchar(200) DEFAULT NULL COMMENT '显示类型（文本框、文本域、下拉框、复选框、单选框、日期控件）',
  `dict_type` varchar(200) DEFAULT '' COMMENT '字典类型',
  `sort` int(11) DEFAULT NULL COMMENT '排序',
  `create_by` varchar(64) DEFAULT '' COMMENT '创建者',
  `create_time` datetime DEFAULT NULL COMMENT '创建时间',
  `update_by` varchar(64) DEFAULT '' COMMENT '更新者',
  `update_time` datetime DEFAULT NULL COMMENT '更新时间',
  PRIMARY KEY (`column_id`) USING BTREE
) ENGINE=InnoDB AUTO_INCREMENT=111 DEFAULT CHARSET=utf8mb4 ROW_FORMAT=DYNAMIC COMMENT='代码生成业务表字段';

/*Data for the table `gen_table_column` */

insert  into `gen_table_column`(`column_id`,`table_id`,`column_name`,`column_comment`,`column_type`,`java_type`,`java_field`,`is_pk`,`is_increment`,`is_required`,`is_insert`,`is_edit`,`is_list`,`is_query`,`query_type`,`html_type`,`dict_type`,`sort`,`create_by`,`create_time`,`update_by`,`update_time`) values (1,'1','order_id','订单ID','bigint(20)','Long','orderId','1','1',NULL,'1',NULL,NULL,NULL,'EQ','input','',1,'admin','2021-12-13 15:54:15','','2021-12-22 11:20:25'),(2,'1','order_name','订单名称','varchar(64)','String','orderName','0','0','1','1','1','1','1','LIKE','input','',2,'admin','2021-12-13 15:54:15','','2021-12-22 11:20:25'),(3,'1','order_group','订单组名','varchar(64)','String','orderGroup','0','0','1','1','1','1','1','EQ','select','sys_oper_type',3,'admin','2021-12-13 15:54:15','','2021-12-22 11:20:25'),(4,'1','remark','备注','varchar(500)','String','remark','0','0',NULL,'1','1','1',NULL,'EQ','editor','',4,'','2021-12-22 11:16:52','','2021-12-22 11:20:25'),(31,'4','file_id','文件主键id','bigint(20)','Long','fileId','1','1',NULL,'1',NULL,NULL,NULL,'EQ','input','',1,'admin','2021-12-29 14:58:04','','2021-12-29 14:59:08'),(32,'4','file_origin_name','文件名称','varchar(255)','String','fileOriginName','0','0','1','1','1','1','1','LIKE','input','',2,'admin','2021-12-29 14:58:04','','2021-12-29 14:59:08'),(33,'4','file_suffix','文件类型，例如txt','varchar(255)','String','fileSuffix','0','0',NULL,'1','1','1','1','EQ','input','',3,'admin','2021-12-29 14:58:04','','2021-12-29 14:59:08'),(34,'4','file_size_info','文件大小','varchar(255)','String','fileSizeInfo','0','0',NULL,'1','1','1','1','EQ','input','',4,'admin','2021-12-29 14:58:04','','2021-12-29 14:59:08'),(35,'4','file_object_name','存储文件名称','varchar(255)','String','fileObjectName','0','0',NULL,'1','1','1','1','EQ','input','',5,'admin','2021-12-29 14:58:04','','2021-12-29 14:59:08'),(36,'4','file_path','存储路径','varchar(255)','String','filePath','0','0',NULL,'1','1','1','1','EQ','input','',6,'admin','2021-12-29 14:58:04','','2021-12-29 14:59:08'),(37,'4','del_flag','是否删除：Y-被删除，N-未删除','char(1)','String','delFlag','0','0','1','1',NULL,NULL,NULL,'EQ','input','',7,'admin','2021-12-29 14:58:04','','2021-12-29 14:59:08'),(38,'4','create_by','创建者','varchar(64)','String','createBy','0','0',NULL,'1',NULL,NULL,NULL,'EQ','input','',8,'admin','2021-12-29 14:58:04','','2021-12-29 14:59:08'),(39,'4','create_time','创建时间','datetime','Date','createTime','0','0',NULL,'1',NULL,NULL,NULL,'EQ','datetime','',9,'admin','2021-12-29 14:58:04','','2021-12-29 14:59:08'),(40,'4','update_by','更新者','varchar(64)','String','updateBy','0','0',NULL,'1','1',NULL,NULL,'EQ','input','',10,'admin','2021-12-29 14:58:04','','2021-12-29 14:59:08'),(41,'4','update_time','更新时间','datetime','Date','updateTime','0','0',NULL,'1','1',NULL,NULL,'EQ','datetime','',11,'admin','2021-12-29 14:58:04','','2021-12-29 14:59:08'),(52,'6','id','ID','bigint(20)','Long','id','1','1',NULL,'1',NULL,NULL,NULL,'EQ','input','',1,'admin','2022-01-01 22:38:51','','2022-01-01 22:40:47'),(53,'6','create_by','创建者','varchar(64)','String','createBy','0','0',NULL,'1',NULL,NULL,NULL,'EQ','input','',2,'admin','2022-01-01 22:38:51','','2022-01-01 22:40:47'),(54,'6','create_time','创建时间','datetime','Date','createTime','0','0',NULL,'1',NULL,NULL,NULL,'EQ','datetime','',3,'admin','2022-01-01 22:38:51','','2022-01-01 22:40:47'),(55,'6','update_by','更新者','varchar(64)','String','updateBy','0','0',NULL,'1','1',NULL,NULL,'EQ','input','',4,'admin','2022-01-01 22:38:51','','2022-01-01 22:40:47'),(56,'6','update_time','更新时间','datetime','Date','updateTime','0','0',NULL,'1','1',NULL,NULL,'EQ','datetime','',5,'admin','2022-01-01 22:38:51','','2022-01-01 22:40:47'),(57,'6','title','标题','varchar(50)','String','title','0','0','1','1','1','1','1','LIKE','input','',6,'admin','2022-01-01 22:38:51','','2022-01-01 22:40:47'),(58,'6','type','类型','char(1)','String','type','0','0','1','1','1','1','1','EQ','select','',7,'admin','2022-01-01 22:38:51','','2022-01-01 22:40:47'),(59,'6','content','内容','longblob','String','content','0','0',NULL,'1','1','1','1','EQ','editor','',8,'admin','2022-01-01 22:38:51','','2022-01-01 22:40:47'),(60,'6','Top','置顶（0否 1是）','char(1)','String','top','0','0',NULL,'1','1','1','1','EQ','radio','',9,'admin','2022-01-01 22:38:51','','2022-01-01 22:40:47'),(61,'6','views','阅读','int(11)','Long','views','0','0',NULL,'1','1','1','1','EQ','input','',10,'admin','2022-01-01 22:38:51','','2022-01-01 22:40:47'),(62,'6','status','状态（0暂存 1发布）','char(1)','String','status','0','0',NULL,'1','1','1','1','EQ','radio','cms_blog_status',11,'admin','2022-01-01 22:38:51','','2022-01-01 22:40:47'),(63,'7','tag_id','标签ID','bigint(20)','Long','tagId','1','1',NULL,'1',NULL,NULL,NULL,'EQ','input','',1,'admin','2022-01-02 14:48:25','','2022-01-02 14:49:54'),(64,'7','create_by','创建者','varchar(64)','String','createBy','0','0',NULL,'1',NULL,NULL,NULL,'EQ','input','',2,'admin','2022-01-02 14:48:25','','2022-01-02 14:49:54'),(65,'7','create_time','创建时间','datetime','Date','createTime','0','0',NULL,'1',NULL,NULL,NULL,'EQ','datetime','',3,'admin','2022-01-02 14:48:25','','2022-01-02 14:49:54'),(66,'7','update_by','更新者','varchar(64)','String','updateBy','0','0',NULL,'1','1',NULL,NULL,'EQ','input','',4,'admin','2022-01-02 14:48:25','','2022-01-02 14:49:54'),(67,'7','update_time','更新时间','datetime','Date','updateTime','0','0',NULL,'1','1',NULL,NULL,'EQ','datetime','',5,'admin','2022-01-02 14:48:25','','2022-01-02 14:49:54'),(68,'7','tag_name','标签名称','varchar(50)','String','tagName','0','0','1','1','1','1','1','LIKE','input','',6,'admin','2022-01-02 14:48:25','','2022-01-02 14:49:54'),(69,'8','type_id','分类ID','bigint(20)','Long','typeId','1','1',NULL,'1',NULL,NULL,NULL,'EQ','input','',1,'admin','2022-01-02 15:01:07','','2022-01-02 15:02:27'),(70,'8','create_by','创建者','varchar(64)','String','createBy','0','0',NULL,'1',NULL,NULL,NULL,'EQ','input','',2,'admin','2022-01-02 15:01:07','','2022-01-02 15:02:27'),(71,'8','create_time','创建时间','datetime','Date','createTime','0','0',NULL,'1',NULL,NULL,NULL,'EQ','datetime','',3,'admin','2022-01-02 15:01:07','','2022-01-02 15:02:27'),(72,'8','update_by','更新者','varchar(64)','String','updateBy','0','0',NULL,'1','1',NULL,NULL,'EQ','input','',4,'admin','2022-01-02 15:01:07','','2022-01-02 15:02:27'),(73,'8','update_time','更新时间','datetime','Date','updateTime','0','0',NULL,'1','1',NULL,NULL,'EQ','datetime','',5,'admin','2022-01-02 15:01:07','','2022-01-02 15:02:27'),(74,'8','type_name','分类名称','varchar(50)','String','typeName','0','0','1','1','1','1','1','LIKE','input','',6,'admin','2022-01-02 15:01:07','','2022-01-02 15:02:27'),(75,'8','type_pic','分类图像','varchar(100)','String','typePic','0','0',NULL,'1','1','1','1','EQ','imageUpload','',7,'admin','2022-01-02 15:01:07','','2022-01-02 15:02:27'),(87,'10','id','ID','bigint(20)','Long','id','1','1',NULL,'1',NULL,NULL,NULL,'EQ','input','',1,'admin','2022-01-15 13:56:24','','2022-01-15 13:56:57'),(88,'10','parent_id','父留言id','bigint(20)','Long','parentId','0','0',NULL,'1','1','1','1','EQ','input','',2,'admin','2022-01-15 13:56:24','','2022-01-15 13:56:57'),(89,'10','like_num','点赞数量','int(11)','Long','likeNum','0','0',NULL,'1','1','1','1','EQ','input','',3,'admin','2022-01-15 13:56:24','','2022-01-15 13:56:57'),(90,'10','content','内容','varchar(255)','String','content','0','0',NULL,'1','1','1','1','EQ','textarea','',4,'admin','2022-01-15 13:56:24','','2022-01-15 13:56:57'),(91,'10','type','留言类型：对人评论，对项目评论，对资源评论','char(1)','String','type','0','0',NULL,'1','1','1','1','EQ','select','',5,'admin','2022-01-15 13:56:24','','2022-01-15 13:56:57'),(92,'10','blog_id','被留言者id，可以是人、项目、资源','bigint(20)','Long','blogId','0','0',NULL,'1','1','1','1','EQ','input','',6,'admin','2022-01-15 13:56:24','','2022-01-15 13:56:57'),(93,'10','user_id','留言者id','bigint(20)','Long','userId','0','0',NULL,'1','1','1','1','EQ','input','',7,'admin','2022-01-15 13:56:24','','2022-01-15 13:56:57'),(94,'10','create_by','创建者','varchar(64)','String','createBy','0','0',NULL,'1',NULL,NULL,NULL,'EQ','input','',8,'admin','2022-01-15 13:56:24','','2022-01-15 13:56:57'),(95,'10','create_time','创建时间','datetime','Date','createTime','0','0',NULL,'1',NULL,NULL,NULL,'EQ','datetime','',9,'admin','2022-01-15 13:56:24','','2022-01-15 13:56:57'),(96,'10','update_by','更新者','varchar(64)','String','updateBy','0','0',NULL,'1','1',NULL,NULL,'EQ','input','',10,'admin','2022-01-15 13:56:24','','2022-01-15 13:56:57'),(97,'10','update_time','更新时间','datetime','Date','updateTime','0','0',NULL,'1','1',NULL,NULL,'EQ','datetime','',11,'admin','2022-01-15 13:56:24','','2022-01-15 13:56:57'),(98,'11','id','ID','bigint(20)','Long','id','1','1',NULL,'1',NULL,NULL,NULL,'EQ','input','',1,'admin','2022-01-21 09:16:31','','2022-01-21 10:13:56'),(99,'11','parent_id','父评论id','bigint(20)','Long','parentId','0','0',NULL,'1','1','1','1','EQ','input','',2,'admin','2022-01-21 09:16:31','','2022-01-21 10:13:56'),(100,'11','main_id','主评论id(第一级评论)','bigint(20)','Long','mainId','0','0',NULL,'1','1','1','1','EQ','input','',3,'admin','2022-01-21 09:16:31','','2022-01-21 10:13:56'),(101,'11','like_num','点赞数量','int(11)','Long','likeNum','0','0',NULL,'1','1','1','1','EQ','input','',4,'admin','2022-01-21 09:16:31','','2022-01-21 10:13:56'),(102,'11','content','内容','varchar(255)','String','content','0','0',NULL,'1','1','1','1','LIKE','textarea','',5,'admin','2022-01-21 09:16:31','','2022-01-21 10:13:56'),(103,'11','type','评论类型：对人评论，对项目评论，对资源评论','char(1)','String','type','0','0',NULL,'1','1','1','1','EQ','select','',6,'admin','2022-01-21 09:16:31','','2022-01-21 10:13:56'),(104,'11','blog_id','被评论者id，可以是人、项目、资源','bigint(20)','Long','blogId','0','0',NULL,'1','1','1','1','EQ','input','',7,'admin','2022-01-21 09:16:31','','2022-01-21 10:13:56'),(105,'11','del_flag','删除标志（0代表存在 1代表删除）','char(1)','String','delFlag','0','0',NULL,'1',NULL,NULL,NULL,'EQ','input','',8,'admin','2022-01-21 09:16:31','','2022-01-21 10:13:56'),(106,'11','user_id','评论者id','bigint(20)','Long','userId','0','0',NULL,'1','1','1','1','EQ','input','',9,'admin','2022-01-21 09:16:31','','2022-01-21 10:13:56'),(107,'11','create_by','创建者','varchar(64)','String','createBy','0','0',NULL,'1',NULL,NULL,NULL,'EQ','input','',10,'admin','2022-01-21 09:16:31','','2022-01-21 10:13:56'),(108,'11','create_time','创建时间','datetime','Date','createTime','0','0',NULL,'1',NULL,NULL,NULL,'EQ','datetime','',11,'admin','2022-01-21 09:16:31','','2022-01-21 10:13:56'),(109,'11','update_by','更新者','varchar(64)','String','updateBy','0','0',NULL,'1','1',NULL,NULL,'EQ','input','',12,'admin','2022-01-21 09:16:31','','2022-01-21 10:13:56'),(110,'11','update_time','更新时间','datetime','Date','updateTime','0','0',NULL,'1','1',NULL,NULL,'EQ','datetime','',13,'admin','2022-01-21 09:16:31','','2022-01-21 10:13:56');

/*Table structure for table `qrtz_blob_triggers` */

DROP TABLE IF EXISTS `qrtz_blob_triggers`;

CREATE TABLE `qrtz_blob_triggers` (
  `sched_name` varchar(120) NOT NULL COMMENT '调度名称',
  `trigger_name` varchar(200) NOT NULL COMMENT 'qrtz_triggers表trigger_name的外键',
  `trigger_group` varchar(200) NOT NULL COMMENT 'qrtz_triggers表trigger_group的外键',
  `blob_data` blob COMMENT '存放持久化Trigger对象',
  PRIMARY KEY (`sched_name`,`trigger_name`,`trigger_group`) USING BTREE,
  CONSTRAINT `QRTZ_BLOB_TRIGGERS_IBFK_1` FOREIGN KEY (`sched_name`, `trigger_name`, `trigger_group`) REFERENCES `qrtz_triggers` (`sched_name`, `trigger_name`, `trigger_group`)
) ENGINE=InnoDB DEFAULT CHARSET=utf8mb4 ROW_FORMAT=DYNAMIC COMMENT='Blob类型的触发器表';

/*Data for the table `qrtz_blob_triggers` */

/*Table structure for table `qrtz_calendars` */

DROP TABLE IF EXISTS `qrtz_calendars`;

CREATE TABLE `qrtz_calendars` (
  `sched_name` varchar(120) NOT NULL COMMENT '调度名称',
  `calendar_name` varchar(200) NOT NULL COMMENT '日历名称',
  `calendar` blob NOT NULL COMMENT '存放持久化calendar对象',
  PRIMARY KEY (`sched_name`,`calendar_name`) USING BTREE
) ENGINE=InnoDB DEFAULT CHARSET=utf8mb4 ROW_FORMAT=DYNAMIC COMMENT='日历信息表';

/*Data for the table `qrtz_calendars` */

/*Table structure for table `qrtz_cron_triggers` */

DROP TABLE IF EXISTS `qrtz_cron_triggers`;

CREATE TABLE `qrtz_cron_triggers` (
  `sched_name` varchar(120) NOT NULL COMMENT '调度名称',
  `trigger_name` varchar(200) NOT NULL COMMENT 'qrtz_triggers表trigger_name的外键',
  `trigger_group` varchar(200) NOT NULL COMMENT 'qrtz_triggers表trigger_group的外键',
  `cron_expression` varchar(200) NOT NULL COMMENT 'cron表达式',
  `time_zone_id` varchar(80) DEFAULT NULL COMMENT '时区',
  PRIMARY KEY (`sched_name`,`trigger_name`,`trigger_group`) USING BTREE,
  CONSTRAINT `QRTZ_CRON_TRIGGERS_IBFK_1` FOREIGN KEY (`sched_name`, `trigger_name`, `trigger_group`) REFERENCES `qrtz_triggers` (`sched_name`, `trigger_name`, `trigger_group`)
) ENGINE=InnoDB DEFAULT CHARSET=utf8mb4 ROW_FORMAT=DYNAMIC COMMENT='Cron类型的触发器表';

/*Data for the table `qrtz_cron_triggers` */

/*Table structure for table `qrtz_fired_triggers` */

DROP TABLE IF EXISTS `qrtz_fired_triggers`;

CREATE TABLE `qrtz_fired_triggers` (
  `sched_name` varchar(120) NOT NULL COMMENT '调度名称',
  `entry_id` varchar(95) NOT NULL COMMENT '调度器实例id',
  `trigger_name` varchar(200) NOT NULL COMMENT 'qrtz_triggers表trigger_name的外键',
  `trigger_group` varchar(200) NOT NULL COMMENT 'qrtz_triggers表trigger_group的外键',
  `instance_name` varchar(200) NOT NULL COMMENT '调度器实例名',
  `fired_time` bigint(20) NOT NULL COMMENT '触发的时间',
  `sched_time` bigint(20) NOT NULL COMMENT '定时器制定的时间',
  `priority` int(11) NOT NULL COMMENT '优先级',
  `state` varchar(16) NOT NULL COMMENT '状态',
  `job_name` varchar(200) DEFAULT NULL COMMENT '任务名称',
  `job_group` varchar(200) DEFAULT NULL COMMENT '任务组名',
  `is_nonconcurrent` varchar(1) DEFAULT NULL COMMENT '是否并发',
  `requests_recovery` varchar(1) DEFAULT NULL COMMENT '是否接受恢复执行',
  PRIMARY KEY (`sched_name`,`entry_id`) USING BTREE
) ENGINE=InnoDB DEFAULT CHARSET=utf8mb4 ROW_FORMAT=DYNAMIC COMMENT='已触发的触发器表';

/*Data for the table `qrtz_fired_triggers` */

/*Table structure for table `qrtz_job_details` */

DROP TABLE IF EXISTS `qrtz_job_details`;

CREATE TABLE `qrtz_job_details` (
  `sched_name` varchar(120) NOT NULL COMMENT '调度名称',
  `job_name` varchar(200) NOT NULL COMMENT '任务名称',
  `job_group` varchar(200) NOT NULL COMMENT '任务组名',
  `description` varchar(250) DEFAULT NULL COMMENT '相关介绍',
  `job_class_name` varchar(250) NOT NULL COMMENT '执行任务类名称',
  `is_durable` varchar(1) NOT NULL COMMENT '是否持久化',
  `is_nonconcurrent` varchar(1) NOT NULL COMMENT '是否并发',
  `is_update_data` varchar(1) NOT NULL COMMENT '是否更新数据',
  `requests_recovery` varchar(1) NOT NULL COMMENT '是否接受恢复执行',
  `job_data` blob COMMENT '存放持久化job对象',
  PRIMARY KEY (`sched_name`,`job_name`,`job_group`) USING BTREE
) ENGINE=InnoDB DEFAULT CHARSET=utf8mb4 ROW_FORMAT=DYNAMIC COMMENT='任务详细信息表';

/*Data for the table `qrtz_job_details` */

/*Table structure for table `qrtz_locks` */

DROP TABLE IF EXISTS `qrtz_locks`;

CREATE TABLE `qrtz_locks` (
  `sched_name` varchar(120) NOT NULL COMMENT '调度名称',
  `lock_name` varchar(40) NOT NULL COMMENT '悲观锁名称',
  PRIMARY KEY (`sched_name`,`lock_name`) USING BTREE
) ENGINE=InnoDB DEFAULT CHARSET=utf8mb4 ROW_FORMAT=DYNAMIC COMMENT='存储的悲观锁信息表';

/*Data for the table `qrtz_locks` */

insert  into `qrtz_locks`(`sched_name`,`lock_name`) values ('RuoyiScheduler','STATE_ACCESS'),('RuoyiScheduler','TRIGGER_ACCESS');

/*Table structure for table `qrtz_paused_trigger_grps` */

DROP TABLE IF EXISTS `qrtz_paused_trigger_grps`;

CREATE TABLE `qrtz_paused_trigger_grps` (
  `sched_name` varchar(120) NOT NULL COMMENT '调度名称',
  `trigger_group` varchar(200) NOT NULL COMMENT 'qrtz_triggers表trigger_group的外键',
  PRIMARY KEY (`sched_name`,`trigger_group`) USING BTREE
) ENGINE=InnoDB DEFAULT CHARSET=utf8mb4 ROW_FORMAT=DYNAMIC COMMENT='暂停的触发器表';

/*Data for the table `qrtz_paused_trigger_grps` */

/*Table structure for table `qrtz_scheduler_state` */

DROP TABLE IF EXISTS `qrtz_scheduler_state`;

CREATE TABLE `qrtz_scheduler_state` (
  `sched_name` varchar(120) NOT NULL COMMENT '调度名称',
  `instance_name` varchar(200) NOT NULL COMMENT '实例名称',
  `last_checkin_time` bigint(20) NOT NULL COMMENT '上次检查时间',
  `checkin_interval` bigint(20) NOT NULL COMMENT '检查间隔时间',
  PRIMARY KEY (`sched_name`,`instance_name`) USING BTREE
) ENGINE=InnoDB DEFAULT CHARSET=utf8mb4 ROW_FORMAT=DYNAMIC COMMENT='调度器状态表';

/*Data for the table `qrtz_scheduler_state` */

insert  into `qrtz_scheduler_state`(`sched_name`,`instance_name`,`last_checkin_time`,`checkin_interval`) values ('RuoyiScheduler','bianJWdeMacBook-Pro.local1702174090698',1702175788791,15000);

/*Table structure for table `qrtz_simple_triggers` */

DROP TABLE IF EXISTS `qrtz_simple_triggers`;

CREATE TABLE `qrtz_simple_triggers` (
  `sched_name` varchar(120) NOT NULL COMMENT '调度名称',
  `trigger_name` varchar(200) NOT NULL COMMENT 'qrtz_triggers表trigger_name的外键',
  `trigger_group` varchar(200) NOT NULL COMMENT 'qrtz_triggers表trigger_group的外键',
  `repeat_count` bigint(20) NOT NULL COMMENT '重复的次数统计',
  `repeat_interval` bigint(20) NOT NULL COMMENT '重复的间隔时间',
  `times_triggered` bigint(20) NOT NULL COMMENT '已经触发的次数',
  PRIMARY KEY (`sched_name`,`trigger_name`,`trigger_group`) USING BTREE,
  CONSTRAINT `QRTZ_SIMPLE_TRIGGERS_IBFK_1` FOREIGN KEY (`sched_name`, `trigger_name`, `trigger_group`) REFERENCES `qrtz_triggers` (`sched_name`, `trigger_name`, `trigger_group`)
) ENGINE=InnoDB DEFAULT CHARSET=utf8mb4 ROW_FORMAT=DYNAMIC COMMENT='简单触发器的信息表';

/*Data for the table `qrtz_simple_triggers` */

/*Table structure for table `qrtz_simprop_triggers` */

DROP TABLE IF EXISTS `qrtz_simprop_triggers`;

CREATE TABLE `qrtz_simprop_triggers` (
  `sched_name` varchar(120) NOT NULL COMMENT '调度名称',
  `trigger_name` varchar(200) NOT NULL COMMENT 'qrtz_triggers表trigger_name的外键',
  `trigger_group` varchar(200) NOT NULL COMMENT 'qrtz_triggers表trigger_group的外键',
  `str_prop_1` varchar(512) DEFAULT NULL COMMENT 'String类型的trigger的第一个参数',
  `str_prop_2` varchar(512) DEFAULT NULL COMMENT 'String类型的trigger的第二个参数',
  `str_prop_3` varchar(512) DEFAULT NULL COMMENT 'String类型的trigger的第三个参数',
  `int_prop_1` int(11) DEFAULT NULL COMMENT 'int类型的trigger的第一个参数',
  `int_prop_2` int(11) DEFAULT NULL COMMENT 'int类型的trigger的第二个参数',
  `long_prop_1` bigint(20) DEFAULT NULL COMMENT 'long类型的trigger的第一个参数',
  `long_prop_2` bigint(20) DEFAULT NULL COMMENT 'long类型的trigger的第二个参数',
  `dec_prop_1` decimal(13,4) DEFAULT NULL COMMENT 'decimal类型的trigger的第一个参数',
  `dec_prop_2` decimal(13,4) DEFAULT NULL COMMENT 'decimal类型的trigger的第二个参数',
  `bool_prop_1` varchar(1) DEFAULT NULL COMMENT 'Boolean类型的trigger的第一个参数',
  `bool_prop_2` varchar(1) DEFAULT NULL COMMENT 'Boolean类型的trigger的第二个参数',
  PRIMARY KEY (`sched_name`,`trigger_name`,`trigger_group`) USING BTREE,
  CONSTRAINT `QRTZ_SIMPROP_TRIGGERS_IBFK_1` FOREIGN KEY (`sched_name`, `trigger_name`, `trigger_group`) REFERENCES `qrtz_triggers` (`sched_name`, `trigger_name`, `trigger_group`)
) ENGINE=InnoDB DEFAULT CHARSET=utf8mb4 ROW_FORMAT=DYNAMIC COMMENT='同步机制的行锁表';

/*Data for the table `qrtz_simprop_triggers` */

/*Table structure for table `qrtz_triggers` */

DROP TABLE IF EXISTS `qrtz_triggers`;

CREATE TABLE `qrtz_triggers` (
  `sched_name` varchar(120) NOT NULL COMMENT '调度名称',
  `trigger_name` varchar(200) NOT NULL COMMENT '触发器的名字',
  `trigger_group` varchar(200) NOT NULL COMMENT '触发器所属组的名字',
  `job_name` varchar(200) NOT NULL COMMENT 'qrtz_job_details表job_name的外键',
  `job_group` varchar(200) NOT NULL COMMENT 'qrtz_job_details表job_group的外键',
  `description` varchar(250) DEFAULT NULL COMMENT '相关介绍',
  `next_fire_time` bigint(20) DEFAULT NULL COMMENT '上一次触发时间（毫秒）',
  `prev_fire_time` bigint(20) DEFAULT NULL COMMENT '下一次触发时间（默认为-1表示不触发）',
  `priority` int(11) DEFAULT NULL COMMENT '优先级',
  `trigger_state` varchar(16) NOT NULL COMMENT '触发器状态',
  `trigger_type` varchar(8) NOT NULL COMMENT '触发器的类型',
  `start_time` bigint(20) NOT NULL COMMENT '开始时间',
  `end_time` bigint(20) DEFAULT NULL COMMENT '结束时间',
  `calendar_name` varchar(200) DEFAULT NULL COMMENT '日程表名称',
  `misfire_instr` smallint(6) DEFAULT NULL COMMENT '补偿执行的策略',
  `job_data` blob COMMENT '存放持久化job对象',
  PRIMARY KEY (`sched_name`,`trigger_name`,`trigger_group`) USING BTREE,
  KEY `sched_name` (`sched_name`,`job_name`,`job_group`) USING BTREE,
  CONSTRAINT `QRTZ_TRIGGERS_IBFK_1` FOREIGN KEY (`sched_name`, `job_name`, `job_group`) REFERENCES `qrtz_job_details` (`sched_name`, `job_name`, `job_group`)
) ENGINE=InnoDB DEFAULT CHARSET=utf8mb4 ROW_FORMAT=DYNAMIC COMMENT='触发器详细信息表';

/*Data for the table `qrtz_triggers` */

/*Table structure for table `sys_config` */

DROP TABLE IF EXISTS `sys_config`;

CREATE TABLE `sys_config` (
  `config_id` int(11) NOT NULL AUTO_INCREMENT COMMENT '参数主键',
  `config_name` varchar(100) DEFAULT '' COMMENT '参数名称',
  `config_key` varchar(100) DEFAULT '' COMMENT '参数键名',
  `config_value` varchar(500) DEFAULT '' COMMENT '参数键值',
  `config_type` char(1) DEFAULT 'N' COMMENT '系统内置（Y是 N否）',
  `create_by` varchar(64) DEFAULT '' COMMENT '创建者',
  `create_time` datetime DEFAULT NULL COMMENT '创建时间',
  `update_by` varchar(64) DEFAULT '' COMMENT '更新者',
  `update_time` datetime DEFAULT NULL COMMENT '更新时间',
  `remark` varchar(500) DEFAULT NULL COMMENT '备注',
  PRIMARY KEY (`config_id`) USING BTREE
) ENGINE=InnoDB AUTO_INCREMENT=6 DEFAULT CHARSET=utf8mb4 ROW_FORMAT=DYNAMIC COMMENT='参数配置表';

/*Data for the table `sys_config` */

insert  into `sys_config`(`config_id`,`config_name`,`config_key`,`config_value`,`config_type`,`create_by`,`create_time`,`update_by`,`update_time`,`remark`) values (1,'主框架页-默认皮肤样式名称','sys.index.skinName','skin-blue','Y','admin','2021-12-10 14:12:14','',NULL,'蓝色 skin-blue、绿色 skin-green、紫色 skin-purple、红色 skin-red、黄色 skin-yellow'),(2,'用户管理-账号初始密码','sys.user.initPassword','123456','Y','admin','2021-12-10 14:12:14','',NULL,'初始化密码 123456'),(3,'主框架页-侧边栏主题','sys.index.sideTheme','theme-dark','Y','admin','2021-12-10 14:12:14','',NULL,'深色主题theme-dark，浅色主题theme-light'),(4,'账号自助-验证码开关','sys.account.captchaOnOff','true','Y','admin','2021-12-10 14:12:14','',NULL,'是否开启验证码功能（true开启，false关闭）'),(5,'账号自助-是否开启用户注册功能','sys.account.registerUser','true','Y','admin','2021-12-10 14:12:14','admin','2021-12-21 13:08:28','是否开启注册用户功能（true开启，false关闭）');

/*Table structure for table `sys_dept` */

DROP TABLE IF EXISTS `sys_dept`;

CREATE TABLE `sys_dept` (
  `dept_id` bigint(20) NOT NULL AUTO_INCREMENT COMMENT '部门id',
  `parent_id` bigint(20) DEFAULT '0' COMMENT '父部门id',
  `ancestors` varchar(50) DEFAULT '' COMMENT '祖级列表',
  `dept_name` varchar(30) DEFAULT '' COMMENT '部门名称',
  `order_num` int(11) DEFAULT '0' COMMENT '显示顺序',
  `leader` varchar(20) DEFAULT NULL COMMENT '负责人',
  `phone` varchar(11) DEFAULT NULL COMMENT '联系电话',
  `email` varchar(50) DEFAULT NULL COMMENT '邮箱',
  `status` char(1) DEFAULT '0' COMMENT '部门状态（0正常 1停用）',
  `del_flag` char(1) DEFAULT '0' COMMENT '删除标志（0代表存在 2代表删除）',
  `create_by` varchar(64) DEFAULT '' COMMENT '创建者',
  `create_time` datetime DEFAULT NULL COMMENT '创建时间',
  `update_by` varchar(64) DEFAULT '' COMMENT '更新者',
  `update_time` datetime DEFAULT NULL COMMENT '更新时间',
  PRIMARY KEY (`dept_id`) USING BTREE
) ENGINE=InnoDB AUTO_INCREMENT=110 DEFAULT CHARSET=utf8mb4 ROW_FORMAT=DYNAMIC COMMENT='部门表';

/*Data for the table `sys_dept` */

insert  into `sys_dept`(`dept_id`,`parent_id`,`ancestors`,`dept_name`,`order_num`,`leader`,`phone`,`email`,`status`,`del_flag`,`create_by`,`create_time`,`update_by`,`update_time`) values (100,0,'0','个人博客系统',0,'若依','15888888888','ry@qq.com','0','0','admin','2021-12-10 14:12:14','admin','2023-12-10 09:19:11'),(101,100,'0,100','深圳总公司',1,'若依','15888888888','ry@qq.com','0','0','admin','2021-12-10 14:12:14','',NULL),(102,100,'0,100','长沙分公司',2,'若依','15888888888','ry@qq.com','0','0','admin','2021-12-10 14:12:14','',NULL),(103,101,'0,100,101','研发部门',1,'若依','15888888888','ry@qq.com','0','0','admin','2021-12-10 14:12:14','',NULL),(104,101,'0,100,101','市场部门',2,'若依','15888888888','ry@qq.com','0','0','admin','2021-12-10 14:12:14','',NULL),(105,101,'0,100,101','测试部门',3,'若依','15888888888','ry@qq.com','0','0','admin','2021-12-10 14:12:14','',NULL),(106,101,'0,100,101','财务部门',4,'若依','15888888888','ry@qq.com','0','0','admin','2021-12-10 14:12:14','',NULL),(107,101,'0,100,101','运维部门',5,'若依','15888888888','ry@qq.com','0','0','admin','2021-12-10 14:12:14','',NULL),(108,102,'0,100,102','市场部门',1,'若依','15888888888','ry@qq.com','0','0','admin','2021-12-10 14:12:14','',NULL),(109,102,'0,100,102','财务部门',2,'若依','15888888888','ry@qq.com','0','0','admin','2021-12-10 14:12:14','',NULL);

/*Table structure for table `sys_dict_data` */

DROP TABLE IF EXISTS `sys_dict_data`;

CREATE TABLE `sys_dict_data` (
  `dict_code` bigint(20) NOT NULL AUTO_INCREMENT COMMENT '字典编码',
  `dict_sort` int(11) DEFAULT '0' COMMENT '字典排序',
  `dict_label` varchar(100) DEFAULT '' COMMENT '字典标签',
  `dict_value` varchar(100) DEFAULT '' COMMENT '字典键值',
  `dict_type` varchar(100) DEFAULT '' COMMENT '字典类型',
  `css_class` varchar(100) DEFAULT NULL COMMENT '样式属性（其他样式扩展）',
  `list_class` varchar(100) DEFAULT NULL COMMENT '表格回显样式',
  `is_default` char(1) DEFAULT 'N' COMMENT '是否默认（Y是 N否）',
  `status` char(1) DEFAULT '0' COMMENT '状态（0正常 1停用）',
  `create_by` varchar(64) DEFAULT '' COMMENT '创建者',
  `create_time` datetime DEFAULT NULL COMMENT '创建时间',
  `update_by` varchar(64) DEFAULT '' COMMENT '更新者',
  `update_time` datetime DEFAULT NULL COMMENT '更新时间',
  `remark` varchar(500) DEFAULT NULL COMMENT '备注',
  PRIMARY KEY (`dict_code`) USING BTREE
) ENGINE=InnoDB AUTO_INCREMENT=106 DEFAULT CHARSET=utf8mb4 ROW_FORMAT=DYNAMIC COMMENT='字典数据表';

/*Data for the table `sys_dict_data` */

insert  into `sys_dict_data`(`dict_code`,`dict_sort`,`dict_label`,`dict_value`,`dict_type`,`css_class`,`list_class`,`is_default`,`status`,`create_by`,`create_time`,`update_by`,`update_time`,`remark`) values (1,1,'男','0','sys_user_sex','','','Y','0','admin','2021-12-10 14:12:14','',NULL,'性别男'),(2,2,'女','1','sys_user_sex','','','N','0','admin','2021-12-10 14:12:14','',NULL,'性别女'),(3,3,'未知','2','sys_user_sex','','','N','0','admin','2021-12-10 14:12:14','',NULL,'性别未知'),(4,1,'显示','0','sys_show_hide','','primary','Y','0','admin','2021-12-10 14:12:14','',NULL,'显示菜单'),(5,2,'隐藏','1','sys_show_hide','','danger','N','0','admin','2021-12-10 14:12:14','',NULL,'隐藏菜单'),(6,1,'正常','0','sys_normal_disable','','primary','Y','0','admin','2021-12-10 14:12:14','',NULL,'正常状态'),(7,2,'停用','1','sys_normal_disable','','danger','N','0','admin','2021-12-10 14:12:14','',NULL,'停用状态'),(8,1,'正常','0','sys_job_status','','primary','Y','0','admin','2021-12-10 14:12:14','',NULL,'正常状态'),(9,2,'暂停','1','sys_job_status','','danger','N','0','admin','2021-12-10 14:12:14','',NULL,'停用状态'),(10,1,'默认','DEFAULT','sys_job_group','','','Y','0','admin','2021-12-10 14:12:14','',NULL,'默认分组'),(11,2,'系统','SYSTEM','sys_job_group','','','N','0','admin','2021-12-10 14:12:14','',NULL,'系统分组'),(12,1,'是','Y','sys_yes_no','','primary','Y','0','admin','2021-12-10 14:12:14','',NULL,'系统默认是'),(13,2,'否','N','sys_yes_no','','danger','N','0','admin','2021-12-10 14:12:14','',NULL,'系统默认否'),(14,1,'通知','1','sys_notice_type','','warning','Y','0','admin','2021-12-10 14:12:14','',NULL,'通知'),(15,2,'公告','2','sys_notice_type','','success','N','0','admin','2021-12-10 14:12:14','',NULL,'公告'),(16,1,'正常','0','sys_notice_status','','primary','Y','0','admin','2021-12-10 14:12:14','',NULL,'正常状态'),(17,2,'关闭','1','sys_notice_status','','danger','N','0','admin','2021-12-10 14:12:14','',NULL,'关闭状态'),(18,1,'新增','1','sys_oper_type','','info','N','0','admin','2021-12-10 14:12:14','',NULL,'新增操作'),(19,2,'修改','2','sys_oper_type','','info','N','0','admin','2021-12-10 14:12:14','',NULL,'修改操作'),(20,3,'删除','3','sys_oper_type','','danger','N','0','admin','2021-12-10 14:12:14','',NULL,'删除操作'),(21,4,'授权','4','sys_oper_type','','primary','N','0','admin','2021-12-10 14:12:14','',NULL,'授权操作'),(22,5,'导出','5','sys_oper_type','','warning','N','0','admin','2021-12-10 14:12:14','',NULL,'导出操作'),(23,6,'导入','6','sys_oper_type','','warning','N','0','admin','2021-12-10 14:12:14','',NULL,'导入操作'),(24,7,'强退','7','sys_oper_type','','danger','N','0','admin','2021-12-10 14:12:14','',NULL,'强退操作'),(25,8,'生成代码','8','sys_oper_type','','warning','N','0','admin','2021-12-10 14:12:14','',NULL,'生成操作'),(26,9,'清空数据','9','sys_oper_type','','danger','N','0','admin','2021-12-10 14:12:14','',NULL,'清空操作'),(27,1,'成功','0','sys_common_status','','primary','N','0','admin','2021-12-10 14:12:14','',NULL,'正常状态'),(28,2,'失败','1','sys_common_status','','danger','N','0','admin','2021-12-10 14:12:14','',NULL,'停用状态'),(102,0,'已删除','Y','sys_file_info_del_flag',NULL,'danger','N','0','admin','2021-12-27 22:21:32','admin','2021-12-27 22:23:48',NULL),(103,1,'正常','N','sys_file_info_del_flag',NULL,'success','N','0','admin','2021-12-27 22:22:01','admin','2021-12-27 22:23:55',NULL),(104,0,'暂存','0','cms_blog_status',NULL,'primary','N','0','admin','2022-01-01 22:37:00','admin','2022-01-01 22:37:35',NULL),(105,0,'发布','1','cms_blog_status',NULL,'success','N','0','admin','2022-01-01 22:37:51','',NULL,NULL);

/*Table structure for table `sys_dict_type` */

DROP TABLE IF EXISTS `sys_dict_type`;

CREATE TABLE `sys_dict_type` (
  `dict_id` bigint(20) NOT NULL AUTO_INCREMENT COMMENT '字典主键',
  `dict_name` varchar(100) DEFAULT '' COMMENT '字典名称',
  `dict_type` varchar(100) DEFAULT '' COMMENT '字典类型',
  `status` char(1) DEFAULT '0' COMMENT '状态（0正常 1停用）',
  `create_by` varchar(64) DEFAULT '' COMMENT '创建者',
  `create_time` datetime DEFAULT NULL COMMENT '创建时间',
  `update_by` varchar(64) DEFAULT '' COMMENT '更新者',
  `update_time` datetime DEFAULT NULL COMMENT '更新时间',
  `remark` varchar(500) DEFAULT NULL COMMENT '备注',
  PRIMARY KEY (`dict_id`) USING BTREE,
  UNIQUE KEY `dict_type` (`dict_type`) USING BTREE
) ENGINE=InnoDB AUTO_INCREMENT=103 DEFAULT CHARSET=utf8mb4 ROW_FORMAT=DYNAMIC COMMENT='字典类型表';

/*Data for the table `sys_dict_type` */

insert  into `sys_dict_type`(`dict_id`,`dict_name`,`dict_type`,`status`,`create_by`,`create_time`,`update_by`,`update_time`,`remark`) values (1,'用户性别','sys_user_sex','0','admin','2021-12-10 14:12:14','',NULL,'用户性别列表'),(2,'菜单状态','sys_show_hide','0','admin','2021-12-10 14:12:14','',NULL,'菜单状态列表'),(3,'系统开关','sys_normal_disable','0','admin','2021-12-10 14:12:14','',NULL,'系统开关列表'),(4,'任务状态','sys_job_status','0','admin','2021-12-10 14:12:14','',NULL,'任务状态列表'),(5,'任务分组','sys_job_group','0','admin','2021-12-10 14:12:14','',NULL,'任务分组列表'),(6,'系统是否','sys_yes_no','0','admin','2021-12-10 14:12:14','',NULL,'系统是否列表'),(7,'通知类型','sys_notice_type','0','admin','2021-12-10 14:12:14','',NULL,'通知类型列表'),(8,'通知状态','sys_notice_status','0','admin','2021-12-10 14:12:14','',NULL,'通知状态列表'),(9,'操作类型','sys_oper_type','0','admin','2021-12-10 14:12:14','',NULL,'操作类型列表'),(10,'系统状态','sys_common_status','0','admin','2021-12-10 14:12:14','',NULL,'登录状态列表'),(101,'文件状态','sys_file_info_del_flag','0','admin','2021-12-27 22:20:51','admin','2021-12-27 22:21:04','是否删除'),(102,'内容状态','cms_blog_status','0','admin','2022-01-01 22:36:30','',NULL,'暂存或发布');

/*Table structure for table `sys_file_info` */

DROP TABLE IF EXISTS `sys_file_info`;

CREATE TABLE `sys_file_info` (
  `file_id` bigint(20) NOT NULL AUTO_INCREMENT COMMENT '文件主键id',
  `file_origin_name` varchar(255) CHARACTER SET utf8mb4 COLLATE utf8mb4_unicode_ci NOT NULL COMMENT '文件名称',
  `file_suffix` varchar(255) CHARACTER SET utf8mb4 COLLATE utf8mb4_unicode_ci DEFAULT NULL COMMENT '文件类型，例如txt',
  `file_size_info` varchar(255) CHARACTER SET utf8mb4 COLLATE utf8mb4_unicode_ci DEFAULT NULL COMMENT '文件大小',
  `file_object_name` varchar(255) CHARACTER SET utf8mb4 COLLATE utf8mb4_unicode_ci DEFAULT NULL COMMENT '存储文件名称',
  `file_path` varchar(255) CHARACTER SET utf8mb4 COLLATE utf8mb4_unicode_ci DEFAULT NULL COMMENT '存储路径',
  `del_flag` char(1) CHARACTER SET utf8 NOT NULL DEFAULT 'N' COMMENT '是否删除：Y-被删除，N-未删除',
  `create_by` varchar(64) DEFAULT '' COMMENT '创建者',
  `create_time` datetime DEFAULT NULL COMMENT '创建时间',
  `update_by` varchar(64) DEFAULT '' COMMENT '更新者',
  `update_time` datetime DEFAULT NULL COMMENT '更新时间',
  PRIMARY KEY (`file_id`) USING BTREE
) ENGINE=InnoDB AUTO_INCREMENT=69 DEFAULT CHARSET=utf8mb4 ROW_FORMAT=DYNAMIC COMMENT='文件信息表';

/*Data for the table `sys_file_info` */

insert  into `sys_file_info`(`file_id`,`file_origin_name`,`file_suffix`,`file_size_info`,`file_object_name`,`file_path`,`del_flag`,`create_by`,`create_time`,`update_by`,`update_time`) values (39,'img_1.png','png','1.63 MB','5bd70aba-6df9-4187-98fc-389dcb54ad54.png','/profile/upload/2023/10/13/e8e540dc-7a5b-4ae3-bab3-96ff64b57c79.png','N','若依','2023-10-13 09:09:53','',NULL),(41,'img_1.png','png','1.63 MB','aa33575c-307a-4149-a356-534d824d6e19.png','/profile/upload/2023/10/13/aa33575c-307a-4149-a356-534d824d6e19.png','N','若依','2023-10-13 09:11:45','',NULL),(42,'QQ截图20231013142848.png','png','438.92 kB','39a0fe2a-8959-403f-8bf8-10e1602ea393.png','/profile/upload/2023/10/13/39a0fe2a-8959-403f-8bf8-10e1602ea393.png','N','admin','2023-10-13 14:29:15','',NULL),(43,'QQ截图20231013143727.png','png','470.17 kB','5894e503-03a4-4f51-bd84-a08b2168eba8.png','/profile/upload/2023/10/13/5894e503-03a4-4f51-bd84-a08b2168eba8.png','N','admin','2023-10-13 14:38:21','',NULL),(45,'QQ截图20231013145422.png','png','321.96 kB','552af646-ce12-4bfa-beda-f3ca975e6246.png','/profile/upload/2023/10/13/552af646-ce12-4bfa-beda-f3ca975e6246.png','N','admin','2023-10-13 14:55:35','',NULL),(46,'QQ截图20231013150223.png','png','296.72 kB','5bd70aba-6df9-4187-98fc-389dcb54ad54.png','/profile/upload/2023/10/13/5bd70aba-6df9-4187-98fc-389dcb54ad54.png','N','admin','2023-10-13 15:03:33','',NULL),(47,'QQ截图20231013151405.png','png','365.93 kB','555eee4a-7030-426d-940a-4aa6c06abe51.png','/profile/upload/2023/10/13/555eee4a-7030-426d-940a-4aa6c06abe51.png','N','admin','2023-10-13 15:14:29','',NULL),(48,'QQ截图20231013151655.png','png','811.72 kB','99ec1648-e2cd-4a32-b241-e59c4c5a27ce.png','/profile/upload/2023/10/13/99ec1648-e2cd-4a32-b241-e59c4c5a27ce.png','N','admin','2023-10-13 15:17:20','',NULL),(63,'1.png','png','47.91 kB','fad94b7c-5f72-404e-b7fe-8a459f39e29f.png','/profile/upload/2023/12/10/fad94b7c-5f72-404e-b7fe-8a459f39e29f.png','N','admin','2023-12-10 09:46:19','',NULL),(64,'1.jpg','jpg','191.83 kB','6667510b-277d-4bbf-9756-3e46afa039b3.jpg','/profile/upload/2023/12/10/6667510b-277d-4bbf-9756-3e46afa039b3.jpg','N','admin','2023-12-10 09:46:22','',NULL),(66,'猫.jpg','jpg','15.7 kB','c421df63-7402-4774-8a4b-7d26e9f3a0db.jpg','/profile/upload/2023/12/10/c421df63-7402-4774-8a4b-7d26e9f3a0db.jpg','N','admin','2023-12-10 10:05:23','',NULL),(68,'2.jpg','jpg','115.11 kB','59d6ddfa-115a-4344-9b8f-73fca87e224e.jpg','/profile/upload/2023/12/10/59d6ddfa-115a-4344-9b8f-73fca87e224e.jpg','N','admin','2023-12-10 10:09:05','',NULL);

/*Table structure for table `sys_job` */

DROP TABLE IF EXISTS `sys_job`;

CREATE TABLE `sys_job` (
  `job_id` bigint(20) NOT NULL AUTO_INCREMENT COMMENT '任务ID',
  `job_name` varchar(64) NOT NULL DEFAULT '' COMMENT '任务名称',
  `job_group` varchar(64) NOT NULL DEFAULT 'DEFAULT' COMMENT '任务组名',
  `invoke_target` varchar(500) NOT NULL COMMENT '调用目标字符串',
  `cron_expression` varchar(255) DEFAULT '' COMMENT 'cron执行表达式',
  `misfire_policy` varchar(20) DEFAULT '3' COMMENT '计划执行错误策略（1立即执行 2执行一次 3放弃执行）',
  `concurrent` char(1) DEFAULT '1' COMMENT '是否并发执行（0允许 1禁止）',
  `status` char(1) DEFAULT '0' COMMENT '状态（0正常 1暂停）',
  `create_by` varchar(64) DEFAULT '' COMMENT '创建者',
  `create_time` datetime DEFAULT NULL COMMENT '创建时间',
  `update_by` varchar(64) DEFAULT '' COMMENT '更新者',
  `update_time` datetime DEFAULT NULL COMMENT '更新时间',
  `remark` varchar(500) DEFAULT '' COMMENT '备注信息',
  PRIMARY KEY (`job_id`,`job_name`,`job_group`) USING BTREE
) ENGINE=InnoDB AUTO_INCREMENT=4 DEFAULT CHARSET=utf8mb4 ROW_FORMAT=DYNAMIC COMMENT='定时任务调度表';

/*Data for the table `sys_job` */

/*Table structure for table `sys_job_log` */

DROP TABLE IF EXISTS `sys_job_log`;

CREATE TABLE `sys_job_log` (
  `job_log_id` bigint(20) NOT NULL AUTO_INCREMENT COMMENT '任务日志ID',
  `job_name` varchar(64) NOT NULL COMMENT '任务名称',
  `job_group` varchar(64) NOT NULL COMMENT '任务组名',
  `invoke_target` varchar(500) NOT NULL COMMENT '调用目标字符串',
  `job_message` varchar(500) DEFAULT NULL COMMENT '日志信息',
  `status` char(1) DEFAULT '0' COMMENT '执行状态（0正常 1失败）',
  `exception_info` varchar(2000) DEFAULT '' COMMENT '异常信息',
  `create_time` datetime DEFAULT NULL COMMENT '创建时间',
  PRIMARY KEY (`job_log_id`) USING BTREE
) ENGINE=InnoDB DEFAULT CHARSET=utf8mb4 ROW_FORMAT=DYNAMIC COMMENT='定时任务调度日志表';

/*Data for the table `sys_job_log` */

/*Table structure for table `sys_logininfor` */

DROP TABLE IF EXISTS `sys_logininfor`;

CREATE TABLE `sys_logininfor` (
  `info_id` bigint(20) NOT NULL AUTO_INCREMENT COMMENT '访问ID',
  `user_name` varchar(50) DEFAULT '' COMMENT '用户账号',
  `ipaddr` varchar(128) DEFAULT '' COMMENT '登录IP地址',
  `login_location` varchar(255) DEFAULT '' COMMENT '登录地点',
  `browser` varchar(50) DEFAULT '' COMMENT '浏览器类型',
  `os` varchar(50) DEFAULT '' COMMENT '操作系统',
  `status` char(1) DEFAULT '0' COMMENT '登录状态（0成功 1失败）',
  `msg` varchar(255) DEFAULT '' COMMENT '提示消息',
  `login_time` datetime DEFAULT NULL COMMENT '访问时间',
  PRIMARY KEY (`info_id`) USING BTREE
) ENGINE=InnoDB AUTO_INCREMENT=226 DEFAULT CHARSET=utf8mb4 ROW_FORMAT=DYNAMIC COMMENT='系统访问记录';

/*Data for the table `sys_logininfor` */

insert  into `sys_logininfor`(`info_id`,`user_name`,`ipaddr`,`login_location`,`browser`,`os`,`status`,`msg`,`login_time`) values (1,'admin','127.0.0.1','内网IP','Chrome 9','Windows 10','0','登录成功','2022-02-15 16:11:23'),(2,'admin','127.0.0.1','内网IP','Chrome 9','Windows 10','0','登录成功','2022-03-09 14:11:37'),(3,'admin','127.0.0.1','内网IP','Chrome 10','Windows 10','0','登录成功','2022-04-12 17:52:06'),(4,'admin','127.0.0.1','内网IP','Chrome 10','Windows 10','1','验证码错误','2022-04-22 16:51:11'),(5,'admin','127.0.0.1','内网IP','Chrome 10','Windows 10','1','用户不存在/密码错误','2022-04-22 16:51:17'),(6,'admin','127.0.0.1','内网IP','Chrome 10','Windows 10','1','用户不存在/密码错误','2022-04-22 16:53:10'),(7,'若依','127.0.0.1','内网IP','Chrome 10','Windows 10','0','登录成功','2022-04-22 16:54:49'),(8,'若依','127.0.0.1','内网IP','Chrome 10','Windows 10','0','退出成功','2022-04-22 16:55:42'),(9,'admin','127.0.0.1','内网IP','Chrome 10','Windows 10','1','用户不存在/密码错误','2022-04-22 16:55:58'),(10,'administrator','127.0.0.1','内网IP','Chrome 10','Windows 10','1','验证码错误','2022-04-22 16:56:10'),(11,'administrator','127.0.0.1','内网IP','Chrome 10','Windows 10','1','登录用户：administrator 不存在','2022-04-22 16:56:14'),(12,'admin','127.0.0.1','内网IP','Chrome 10','Windows 10','1','验证码错误','2022-04-22 16:56:28'),(13,'admin','127.0.0.1','内网IP','Chrome 10','Windows 10','1','用户不存在/密码错误','2022-04-22 16:56:32'),(14,'admin','127.0.0.1','内网IP','Chrome 10','Windows 10','1','用户不存在/密码错误','2022-04-22 17:28:04'),(15,'若依','127.0.0.1','内网IP','Chrome 10','Windows 10','0','登录成功','2022-04-22 17:28:20'),(16,'admin','127.0.0.1','内网IP','Chrome 10','Windows 10','0','登录成功','2022-04-24 09:40:36'),(17,'admin','127.0.0.1','内网IP','Chrome 10','Windows 10','1','用户不存在/密码错误','2022-04-24 15:47:06'),(18,'admin','127.0.0.1','内网IP','Chrome 10','Windows 10','0','登录成功','2022-04-24 15:47:12'),(19,'admin','127.0.0.1','内网IP','Chrome 10','Windows 10','0','登录成功','2022-04-24 16:30:46'),(20,'admin','127.0.0.1','内网IP','Chrome 10','Windows 10','0','登录成功','2022-04-24 18:06:16'),(21,'admin','127.0.0.1','内网IP','Chrome 10','Windows 10','0','登录成功','2022-04-25 08:36:53'),(22,'admin','127.0.0.1','内网IP','Chrome 10','Windows 10','0','登录成功','2022-04-25 10:05:33'),(23,'admin','127.0.0.1','内网IP','Chrome 10','Windows 10','0','登录成功','2022-04-25 11:30:42'),(24,'admin','127.0.0.1','内网IP','Chrome 10','Windows 10','0','退出成功','2022-04-25 11:31:04'),(25,'admin','127.0.0.1','内网IP','Chrome 10','Windows 10','0','登录成功','2022-04-25 11:31:10'),(26,'admin','127.0.0.1','内网IP','Chrome 10','Windows 10','0','退出成功','2022-04-25 11:32:12'),(27,'admin','127.0.0.1','内网IP','Chrome 10','Windows 10','0','登录成功','2022-04-25 11:32:15'),(28,'admin','127.0.0.1','内网IP','Chrome 10','Windows 10','0','登录成功','2022-04-25 14:10:18'),(29,'admin','127.0.0.1','内网IP','Chrome 10','Windows 10','0','登录成功','2022-04-25 15:37:07'),(30,'admin','127.0.0.1','内网IP','Chrome 10','Windows 10','0','登录成功','2022-04-27 08:55:20'),(31,'admin','127.0.0.1','内网IP','Chrome 10','Windows 10','0','登录成功','2022-04-27 10:22:48'),(32,'admin','127.0.0.1','内网IP','Chrome 10','Windows 10','0','登录成功','2022-04-27 10:55:48'),(33,'admin','127.0.0.1','内网IP','Chrome 10','Windows 10','0','登录成功','2022-04-27 14:33:47'),(34,'admin','127.0.0.1','内网IP','Chrome 10','Windows 10','0','登录成功','2022-04-27 15:53:52'),(35,'admin','127.0.0.1','内网IP','Chrome 10','Windows 10','0','登录成功','2022-04-27 17:16:52'),(36,'admin','127.0.0.1','内网IP','Chrome 10','Windows 10','0','登录成功','2022-04-28 08:47:26'),(37,'admin','127.0.0.1','内网IP','Chrome 10','Windows 10','0','登录成功','2022-04-28 09:30:09'),(38,'admin','127.0.0.1','内网IP','Chrome 10','Windows 10','0','登录成功','2022-05-06 09:16:53'),(39,'admin','127.0.0.1','内网IP','Mobile Safari','Mac OS X (iPhone)','1','用户不存在/密码错误','2022-05-09 16:34:57'),(40,'admin','127.0.0.1','内网IP','Mobile Safari','Mac OS X (iPhone)','1','验证码错误','2022-05-09 16:35:10'),(41,'admin','127.0.0.1','内网IP','Mobile Safari','Mac OS X (iPhone)','1','用户不存在/密码错误','2022-05-09 16:35:14'),(42,'admin','127.0.0.1','内网IP','Mobile Safari','Mac OS X (iPhone)','1','用户不存在/密码错误','2022-05-09 16:35:30'),(43,'admin','127.0.0.1','内网IP','Mobile Safari','Mac OS X (iPhone)','0','登录成功','2022-05-09 16:35:41'),(44,'admin','127.0.0.1','内网IP','Chrome 10','Windows 10','0','登录成功','2022-05-09 16:38:00'),(45,'admin','127.0.0.1','内网IP','Chrome 10','Windows 10','0','退出成功','2022-05-09 16:44:54'),(46,'admin','127.0.0.1','内网IP','Chrome 10','Windows 10','0','登录成功','2022-05-09 16:44:58'),(47,'admin','127.0.0.1','内网IP','Mobile Safari','Mac OS X (iPhone)','0','退出成功','2022-05-09 16:46:29'),(48,'admin','127.0.0.1','内网IP','Chrome 10','Windows 10','0','登录成功','2022-05-09 16:53:32'),(49,'admin','127.0.0.1','内网IP','Chrome 10','Windows 10','0','登录成功','2022-05-09 17:01:02'),(50,'admin','127.0.0.1','内网IP','Mobile Safari','Mac OS X (iPhone)','1','验证码已失效','2022-05-09 17:17:39'),(51,'admin','127.0.0.1','内网IP','Mobile Safari','Mac OS X (iPhone)','0','登录成功','2022-05-09 17:17:49'),(52,'admin','127.0.0.1','内网IP','Chrome 10','Windows 10','0','登录成功','2022-05-23 09:38:02'),(53,'admin','127.0.0.1','内网IP','Chrome 10','Windows 10','0','登录成功','2022-06-10 10:10:43'),(54,'admin','127.0.0.1','内网IP','Chrome 10','Windows 10','0','登录成功','2022-06-10 15:33:17'),(55,'admin','127.0.0.1','内网IP','Chrome 10','Windows 10','0','登录成功','2022-06-10 16:42:03'),(56,'admin','127.0.0.1','内网IP','Chrome 10','Windows 10','0','登录成功','2022-06-13 08:41:22'),(57,'admin','127.0.0.1','内网IP','Chrome 10','Windows 10','0','登录成功','2022-06-13 10:49:37'),(58,'admin','127.0.0.1','内网IP','Chrome 10','Windows 10','0','登录成功','2022-06-13 14:04:02'),(59,'admin','127.0.0.1','内网IP','Chrome 10','Windows 10','0','退出成功','2022-06-13 14:59:35'),(60,'admin','127.0.0.1','内网IP','Chrome 10','Windows 10','0','登录成功','2022-06-13 15:05:01'),(61,'admin','127.0.0.1','内网IP','Chrome 10','Windows 10','0','登录成功','2022-06-14 17:47:57'),(62,'admin','127.0.0.1','内网IP','Chrome 10','Windows 10','0','登录成功','2022-06-15 08:07:53'),(63,'admin','127.0.0.1','内网IP','Chrome 10','Windows 10','1','验证码错误','2022-06-15 14:36:45'),(64,'admin','127.0.0.1','内网IP','Chrome 10','Windows 10','0','登录成功','2022-06-15 14:36:47'),(65,'admin','127.0.0.1','内网IP','Chrome 10','Windows 10','0','登录成功','2022-06-15 15:23:19'),(66,'admin','127.0.0.1','内网IP','Chrome 10','Windows 10','0','登录成功','2022-06-15 16:24:51'),(67,'admin','127.0.0.1','内网IP','Chrome 10','Windows 10','1','验证码错误','2022-06-15 17:17:06'),(68,'admin','127.0.0.1','内网IP','Chrome 10','Windows 10','0','登录成功','2022-06-15 17:17:09'),(69,'admin','127.0.0.1','内网IP','Chrome 10','Windows 10','0','登录成功','2022-06-16 08:44:41'),(70,'admin','127.0.0.1','内网IP','Chrome 10','Windows 10','0','登录成功','2022-06-16 10:03:18'),(71,'admin','127.0.0.1','内网IP','Chrome 10','Windows 10','0','登录成功','2022-06-16 17:05:02'),(72,'admin','127.0.0.1','内网IP','Chrome 10','Windows 10','0','登录成功','2022-06-17 09:53:17'),(73,'admin','127.0.0.1','内网IP','Chrome 10','Windows 10','0','登录成功','2022-06-17 10:52:30'),(74,'admin','127.0.0.1','内网IP','Mobile Safari','Mac OS X (iPhone)','0','登录成功','2022-06-17 14:17:10'),(75,'admin','127.0.0.1','内网IP','Chrome 10','Windows 10','0','登录成功','2022-06-17 14:41:40'),(76,'admin','127.0.0.1','内网IP','Chrome 10','Windows 10','0','登录成功','2022-06-17 16:44:53'),(77,'admin','127.0.0.1','内网IP','Chrome 10','Windows 10','0','登录成功','2022-06-21 08:48:45'),(78,'admin','127.0.0.1','内网IP','Chrome 10','Windows 10','0','登录成功','2022-06-21 10:02:40'),(79,'admin123','127.0.0.1','内网IP','Mobile Safari','Mac OS X (iPhone)','1','验证码已失效','2022-06-21 10:30:38'),(80,'admin123','127.0.0.1','内网IP','Mobile Safari','Mac OS X (iPhone)','1','登录用户：admin123 不存在','2022-06-21 10:30:43'),(81,'admin1234','127.0.0.1','内网IP','Mobile Safari','Mac OS X (iPhone)','1','登录用户：admin1234 不存在','2022-06-21 10:31:00'),(82,'admin','127.0.0.1','内网IP','Mobile Safari','Mac OS X (iPhone)','1','用户不存在/密码错误','2022-06-21 10:31:16'),(83,'admin123','127.0.0.1','内网IP','Mobile Safari','Mac OS X (iPhone)','1','登录用户：admin123 不存在','2022-06-21 10:31:25'),(84,'admin123','127.0.0.1','内网IP','Mobile Safari','Mac OS X (iPhone)','1','登录用户：admin123 不存在','2022-06-21 10:32:08'),(85,'admin123','127.0.0.1','内网IP','Mobile Safari','Mac OS X (iPhone)','1','登录用户：admin123 不存在','2022-06-21 10:32:08'),(86,'admin123','127.0.0.1','内网IP','Mobile Safari','Mac OS X (iPhone)','1','验证码错误','2022-06-21 10:32:11'),(87,'admin','127.0.0.1','内网IP','Chrome 10','Windows 10','0','退出成功','2022-06-21 10:32:42'),(88,'admin','127.0.0.1','内网IP','Mobile Safari','Mac OS X (iPhone)','1','用户不存在/密码错误','2022-06-21 10:33:02'),(89,'admin','127.0.0.1','内网IP','Mobile Safari','Mac OS X (iPhone)','1','用户不存在/密码错误','2022-06-21 10:33:16'),(90,'admin','127.0.0.1','内网IP','Mobile Safari','Mac OS X (iPhone)','1','用户不存在/密码错误','2022-06-21 10:33:30'),(91,'admin','127.0.0.1','内网IP','Mobile Safari','Mac OS X (iPhone)','0','登录成功','2022-06-21 10:34:33'),(92,'admin','127.0.0.1','内网IP','Chrome 10','Windows 10','1','验证码已失效','2022-06-21 11:06:47'),(93,'admin','127.0.0.1','内网IP','Chrome 10','Windows 10','0','登录成功','2022-06-21 11:06:51'),(94,'admin','127.0.0.1','内网IP','Mobile Safari','Mac OS X (iPhone)','0','退出成功','2022-06-21 11:24:29'),(95,'admin','127.0.0.1','内网IP','Mobile Safari','Mac OS X (iPhone)','0','登录成功','2022-06-21 11:24:57'),(96,'admin','127.0.0.1','内网IP','Mobile Safari','Mac OS X (iPhone)','0','退出成功','2022-06-21 11:28:02'),(97,'admin','127.0.0.1','内网IP','Mobile Safari','Mac OS X (iPhone)','0','登录成功','2022-06-21 11:28:11'),(98,'admin','127.0.0.1','内网IP','Mobile Safari','Mac OS X (iPhone)','0','退出成功','2022-06-21 11:34:41'),(99,'admin','127.0.0.1','内网IP','Mobile Safari','Mac OS X (iPhone)','0','登录成功','2022-06-21 11:34:49'),(100,'admin','127.0.0.1','内网IP','Chrome 10','Windows 10','0','退出成功','2022-06-21 11:35:42'),(101,'admin','127.0.0.1','内网IP','Chrome 10','Windows 10','0','登录成功','2022-06-21 11:35:45'),(102,'admin','127.0.0.1','内网IP','Mobile Safari','Mac OS X (iPhone)','0','退出成功','2022-06-21 11:36:19'),(103,'admin','127.0.0.1','内网IP','Mobile Safari','Mac OS X (iPhone)','0','登录成功','2022-06-21 11:36:30'),(104,'admin','127.0.0.1','内网IP','Chrome 10','Windows 10','0','退出成功','2022-06-21 11:37:09'),(105,'admin','127.0.0.1','内网IP','Chrome 10','Windows 10','0','登录成功','2022-06-21 11:37:14'),(106,'admin','127.0.0.1','内网IP','Chrome 10','Windows 10','0','退出成功','2022-06-21 11:38:25'),(107,'admin','127.0.0.1','内网IP','Chrome 10','Windows 10','0','登录成功','2022-06-21 11:38:30'),(108,'admin','127.0.0.1','内网IP','Mobile Safari','Mac OS X (iPhone)','0','登录成功','2022-06-21 14:10:46'),(109,'admin','127.0.0.1','内网IP','Mobile Safari','Mac OS X (iPhone)','0','退出成功','2022-06-21 14:22:27'),(110,'admin','127.0.0.1','内网IP','Mobile Safari','Mac OS X (iPhone)','0','登录成功','2022-06-21 14:22:37'),(111,'admin','127.0.0.1','内网IP','Mobile Safari','Mac OS X (iPhone)','0','退出成功','2022-06-21 14:24:08'),(112,'admin','127.0.0.1','内网IP','Mobile Safari','Mac OS X (iPhone)','0','登录成功','2022-06-21 14:24:21'),(113,'admin','127.0.0.1','内网IP','Mobile Safari','Mac OS X (iPhone)','0','登录成功','2022-06-22 08:17:31'),(114,'admin','127.0.0.1','内网IP','Mobile Safari','Mac OS X (iPhone)','0','登录成功','2022-06-22 08:52:04'),(115,'admin','127.0.0.1','内网IP','Mobile Safari','Mac OS X (iPhone)','0','登录成功','2022-06-22 09:52:33'),(116,'admin','127.0.0.1','内网IP','Chrome 10','Windows 10','0','登录成功','2022-06-22 10:58:32'),(117,'admin','127.0.0.1','内网IP','Mobile Safari','Mac OS X (iPhone)','0','登录成功','2022-06-22 11:28:02'),(118,'admin','127.0.0.1','内网IP','Chrome 10','Windows 10','1','验证码已失效','2022-06-22 14:08:00'),(119,'admin','127.0.0.1','内网IP','Chrome 10','Windows 10','0','登录成功','2022-06-22 14:08:05'),(120,'admin','127.0.0.1','内网IP','Mobile Safari','Mac OS X (iPhone)','0','登录成功','2022-06-22 14:09:55'),(121,'admin','127.0.0.1','内网IP','Chrome 10','Windows 10','0','退出成功','2022-06-22 14:54:14'),(122,'admin','127.0.0.1','内网IP','Chrome 10','Windows 10','0','登录成功','2022-06-22 14:54:17'),(123,'admin','127.0.0.1','内网IP','Chrome 10','Windows 10','0','退出成功','2022-06-22 14:58:21'),(124,'admin','127.0.0.1','内网IP','Chrome 10','Windows 10','0','登录成功','2022-06-22 14:58:25'),(125,'admin','127.0.0.1','内网IP','Mobile Safari','Mac OS X (iPhone)','0','退出成功','2022-06-22 16:04:59'),(126,'admin','127.0.0.1','内网IP','Chrome Mobile','Android 6.x','1','验证码错误','2022-06-22 17:29:32'),(127,'admin','127.0.0.1','内网IP','Chrome Mobile','Android 6.x','0','登录成功','2022-06-22 17:29:36'),(128,'admin','127.0.0.1','内网IP','Mobile Safari','Mac OS X (iPhone)','0','退出成功','2022-06-22 17:30:05'),(129,'admin','127.0.0.1','内网IP','Mobile Safari','Mac OS X (iPhone)','0','登录成功','2022-06-22 17:30:15'),(130,'admin','127.0.0.1','内网IP','Mobile Safari','Mac OS X (iPhone)','0','退出成功','2022-06-22 17:36:25'),(131,'admin','127.0.0.1','内网IP','Mobile Safari','Mac OS X (iPhone)','0','登录成功','2022-06-22 17:36:48'),(132,'admin','127.0.0.1','内网IP','Mobile Safari','Mac OS X (iPhone)','0','退出成功','2022-06-22 17:55:19'),(133,'admin','127.0.0.1','内网IP','Mobile Safari','Mac OS X (iPhone)','0','登录成功','2022-06-22 17:57:17'),(134,'admin','127.0.0.1','内网IP','Mobile Safari','Mac OS X (iPhone)','0','退出成功','2022-06-22 18:04:46'),(135,'admin','127.0.0.1','内网IP','Mobile Safari','Mac OS X (iPhone)','1','验证码已失效','2022-06-22 18:13:36'),(136,'admin','127.0.0.1','内网IP','Mobile Safari','Mac OS X (iPhone)','0','登录成功','2022-06-22 18:13:40'),(137,'admin','127.0.0.1','内网IP','Chrome 10','Windows 10','0','登录成功','2022-06-23 14:40:35'),(138,'admin','127.0.0.1','内网IP','Mobile Safari','Mac OS X (iPhone)','0','登录成功','2022-06-23 14:42:53'),(139,'admin','127.0.0.1','内网IP','Chrome 10','Windows 10','0','登录成功','2022-06-23 16:15:00'),(140,'admin','127.0.0.1','内网IP','Chrome 10','Windows 10','0','登录成功','2022-06-23 17:17:56'),(141,'admin','127.0.0.1','内网IP','Chrome 10','Windows 10','0','登录成功','2022-07-28 09:56:34'),(142,'admin','127.0.0.1','内网IP','Chrome 10','Windows 10','0','退出成功','2022-07-28 09:57:16'),(143,'admin','127.0.0.1','内网IP','Chrome 10','Windows 10','0','登录成功','2022-09-23 15:53:08'),(144,'admin','127.0.0.1','内网IP','Chrome 10','Windows 10','0','登录成功','2022-09-26 08:40:55'),(145,'admin','127.0.0.1','内网IP','Chrome 10','Windows 10','1','验证码错误','2022-09-26 09:34:28'),(146,'admin','127.0.0.1','内网IP','Chrome 10','Windows 10','0','登录成功','2022-09-26 09:34:31'),(147,'admin','127.0.0.1','内网IP','Chrome 10','Windows 10','0','登录成功','2022-09-26 10:07:34'),(148,'admin','127.0.0.1','内网IP','Chrome 10','Windows 10','0','登录成功','2022-09-26 11:11:36'),(149,'admin','127.0.0.1','内网IP','Chrome 10','Windows 10','0','登录成功','2022-09-26 14:03:55'),(150,'admin','127.0.0.1','内网IP','Chrome 10','Windows 10','0','登录成功','2022-09-26 15:21:41'),(151,'admin','127.0.0.1','内网IP','Chrome 10','Windows 10','0','登录成功','2022-09-26 15:53:16'),(152,'admin','127.0.0.1','内网IP','Chrome 10','Windows 10','0','登录成功','2022-09-26 16:52:52'),(153,'admin','127.0.0.1','内网IP','Chrome 10','Windows 10','0','登录成功','2022-09-27 08:27:54'),(154,'lixinyuan','127.0.0.1','内网IP','Chrome 11','Windows 10','0','注册成功','2023-10-13 08:25:10'),(155,'lixinyuan','127.0.0.1','内网IP','Chrome 11','Windows 10','0','登录成功','2023-10-13 08:25:30'),(156,'lixinyuan','127.0.0.1','内网IP','Chrome 11','Windows 10','0','退出成功','2023-10-13 08:26:21'),(157,'admin','127.0.0.1','内网IP','Chrome 11','Windows 10','1','用户不存在/密码错误','2023-10-13 08:26:33'),(158,'admin','127.0.0.1','内网IP','Chrome 11','Windows 10','1','验证码错误','2023-10-13 08:27:48'),(159,'admin','127.0.0.1','内网IP','Chrome 11','Windows 10','1','用户不存在/密码错误','2023-10-13 08:27:52'),(160,'admin','127.0.0.1','内网IP','Chrome 11','Windows 10','0','登录成功','2023-10-13 08:28:55'),(161,'admin','127.0.0.1','内网IP','Chrome 11','Windows 10','0','退出成功','2023-10-13 09:02:08'),(162,'若依','127.0.0.1','内网IP','Chrome 11','Windows 10','0','登录成功','2023-10-13 09:02:28'),(163,'若依','127.0.0.1','内网IP','Chrome 11','Windows 10','0','退出成功','2023-10-13 09:24:49'),(164,'admin','127.0.0.1','内网IP','Chrome 11','Windows 10','0','登录成功','2023-10-13 09:24:58'),(165,'admin','127.0.0.1','内网IP','Chrome 11','Windows 10','0','登录成功','2023-10-13 09:49:11'),(166,'admin','127.0.0.1','内网IP','Chrome 11','Windows 10','0','登录成功','2023-10-13 14:15:49'),(167,'admin','127.0.0.1','内网IP','Chrome 11','Windows 10','0','退出成功','2023-10-13 15:45:22'),(168,'admin','127.0.0.1','内网IP','Chrome 12','Mac OS X','1','用户不存在/密码错误','2023-12-09 14:41:46'),(169,'admin','127.0.0.1','内网IP','Chrome 12','Mac OS X','1','验证码错误','2023-12-09 14:41:52'),(170,'admin','127.0.0.1','内网IP','Chrome 12','Mac OS X','0','登录成功','2023-12-09 14:41:57'),(171,'admin','127.0.0.1','内网IP','Chrome 12','Mac OS X','0','登录成功','2023-12-09 19:37:33'),(172,'admin','127.0.0.1','内网IP','Safari','Mac OS X','1','用户不存在/密码错误','2023-12-09 20:31:30'),(173,'admin','127.0.0.1','内网IP','Safari','Mac OS X','0','登录成功','2023-12-09 20:31:36'),(174,'admin','127.0.0.1','内网IP','Safari','Mac OS X','0','登录成功','2023-12-09 21:11:39'),(175,'admin','127.0.0.1','内网IP','Chrome 12','Mac OS X','1','验证码错误','2023-12-09 22:41:02'),(176,'admin','127.0.0.1','内网IP','Chrome 12','Mac OS X','0','登录成功','2023-12-09 22:41:06'),(177,'admin','127.0.0.1','内网IP','Chrome 12','Mac OS X','0','退出成功','2023-12-09 22:49:13'),(178,'admin','127.0.0.1','内网IP','Chrome 12','Mac OS X','0','登录成功','2023-12-09 22:49:19'),(179,'admin','127.0.0.1','内网IP','Chrome 12','Mac OS X','0','退出成功','2023-12-09 22:49:34'),(180,'admin','127.0.0.1','内网IP','Chrome 12','Mac OS X','0','登录成功','2023-12-09 22:49:39'),(181,'admin','127.0.0.1','内网IP','Chrome 12','Mac OS X','0','登录成功','2023-12-10 08:48:23'),(182,'admin','127.0.0.1','内网IP','Chrome 12','Mac OS X','0','退出成功','2023-12-10 09:49:37'),(183,'user','127.0.0.1','内网IP','Chrome 12','Mac OS X','1','登录用户：user 不存在','2023-12-10 09:49:50'),(184,'user','127.0.0.1','内网IP','Chrome 12','Mac OS X','1','登录用户：user 不存在','2023-12-10 09:49:53'),(185,'user','127.0.0.1','内网IP','Chrome 12','Mac OS X','0','注册成功','2023-12-10 09:50:05'),(186,'user','127.0.0.1','内网IP','Chrome 12','Mac OS X','1','验证码错误','2023-12-10 09:50:13'),(187,'user','127.0.0.1','内网IP','Chrome 12','Mac OS X','1','验证码错误','2023-12-10 09:50:15'),(188,'user','127.0.0.1','内网IP','Chrome 12','Mac OS X','1','验证码错误','2023-12-10 09:50:19'),(189,'user','127.0.0.1','内网IP','Chrome 12','Mac OS X','0','登录成功','2023-12-10 09:50:23'),(190,'user','127.0.0.1','内网IP','Chrome 12','Mac OS X','0','退出成功','2023-12-10 09:52:27'),(191,'admin','127.0.0.1','内网IP','Chrome 12','Mac OS X','0','登录成功','2023-12-10 09:52:35'),(192,'admin','127.0.0.1','内网IP','Chrome 12','Mac OS X','0','退出成功','2023-12-10 10:02:05'),(193,'admin','127.0.0.1','内网IP','Chrome 12','Mac OS X','1','验证码已失效','2023-12-10 10:04:22'),(194,'admin','127.0.0.1','内网IP','Chrome 12','Mac OS X','0','登录成功','2023-12-10 10:05:11'),(195,'admin','127.0.0.1','内网IP','Chrome 12','Mac OS X','0','退出成功','2023-12-10 10:09:22'),(196,'admin','127.0.0.1','内网IP','Chrome 12','Mac OS X','1','验证码已失效','2023-12-10 10:20:31'),(197,'admin','127.0.0.1','内网IP','Chrome 12','Mac OS X','0','登录成功','2023-12-10 10:20:33'),(198,'admin','127.0.0.1','内网IP','Chrome 12','Mac OS X','0','退出成功','2023-12-10 10:21:11'),(199,'admin','127.0.0.1','内网IP','Chrome 12','Mac OS X','1','验证码错误','2023-12-10 10:21:45'),(200,'admin','127.0.0.1','内网IP','Chrome 12','Mac OS X','0','登录成功','2023-12-10 10:21:48'),(201,'admin','127.0.0.1','内网IP','Chrome 12','Mac OS X','0','退出成功','2023-12-10 10:24:55'),(202,'admin','127.0.0.1','内网IP','Chrome 12','Mac OS X','0','登录成功','2023-12-10 10:25:16'),(203,'admin','127.0.0.1','内网IP','Chrome 11','Windows 10','1','用户不存在/密码错误','2023-12-20 07:53:12'),(204,'admin','127.0.0.1','内网IP','Chrome 11','Windows 10','1','用户不存在/密码错误','2023-12-20 07:54:10'),(205,'admin','127.0.0.1','内网IP','Chrome 11','Windows 10','1','验证码错误','2023-12-20 07:55:53'),(206,'admin','127.0.0.1','内网IP','Chrome 11','Windows 10','0','登录成功','2023-12-20 07:55:57'),(207,'admin','127.0.0.1','内网IP','Chrome 11','Windows 10','0','退出成功','2023-12-20 07:59:32'),(208,'admin','127.0.0.1','内网IP','Chrome 9','Windows 10','1','用户不存在/密码错误','2023-12-20 07:59:49'),(209,'admin','127.0.0.1','内网IP','Chrome 9','Windows 10','1','验证码错误','2023-12-20 07:59:55'),(210,'admin','127.0.0.1','内网IP','Chrome 9','Windows 10','1','用户不存在/密码错误','2023-12-20 07:59:59'),(211,'admin','127.0.0.1','内网IP','Chrome 9','Windows 10','1','验证码错误','2023-12-20 08:00:04'),(212,'admin','127.0.0.1','内网IP','Chrome 9','Windows 10','1','验证码错误','2023-12-20 08:00:11'),(213,'admin','127.0.0.1','内网IP','Chrome 9','Windows 10','1','用户不存在/密码错误','2023-12-20 08:00:15'),(214,'admin','127.0.0.1','内网IP','Chrome 9','Windows 10','0','登录成功','2023-12-20 08:00:26'),(215,'admin','127.0.0.1','内网IP','Chrome 9','Windows 10','0','退出成功','2023-12-20 08:00:38'),(216,'user','127.0.0.1','内网IP','Chrome 9','Windows 10','1','用户不存在/密码错误','2023-12-20 08:01:01'),(217,'user','127.0.0.1','内网IP','Chrome 9','Windows 10','1','验证码错误','2023-12-20 08:01:06'),(218,'user','127.0.0.1','内网IP','Chrome 9','Windows 10','0','登录成功','2023-12-20 08:01:09'),(219,'admin','127.0.0.1','内网IP','Chrome 11','Windows 10','1','用户不存在/密码错误','2023-12-20 08:03:48'),(220,'admin','127.0.0.1','内网IP','Chrome 11','Windows 10','0','登录成功','2023-12-20 08:03:54'),(221,'admin','127.0.0.1','内网IP','Chrome 11','Windows 10','0','退出成功','2023-12-20 08:23:26'),(222,'admin','127.0.0.1','内网IP','Chrome 11','Windows 10','1','用户不存在/密码错误','2023-12-20 08:30:18'),(223,'admin','127.0.0.1','内网IP','Chrome 11','Windows 10','1','验证码错误','2023-12-20 08:30:22'),(224,'admin','127.0.0.1','内网IP','Chrome 11','Windows 10','0','登录成功','2023-12-20 08:30:26'),(225,'admin','127.0.0.1','内网IP','Chrome 11','Windows 10','0','退出成功','2023-12-20 08:44:18');

/*Table structure for table `sys_menu` */

DROP TABLE IF EXISTS `sys_menu`;

CREATE TABLE `sys_menu` (
  `menu_id` bigint(20) NOT NULL AUTO_INCREMENT COMMENT '菜单ID',
  `menu_name` varchar(50) NOT NULL COMMENT '菜单名称',
  `parent_id` bigint(20) DEFAULT '0' COMMENT '父菜单ID',
  `order_num` int(11) DEFAULT '0' COMMENT '显示顺序',
  `path` varchar(200) DEFAULT '' COMMENT '路由地址',
  `component` varchar(255) DEFAULT NULL COMMENT '组件路径',
  `query` varchar(255) DEFAULT NULL COMMENT '路由参数',
  `is_frame` int(11) DEFAULT '1' COMMENT '是否为外链（0是 1否）',
  `is_cache` int(11) DEFAULT '0' COMMENT '是否缓存（0缓存 1不缓存）',
  `menu_type` char(1) DEFAULT '' COMMENT '菜单类型（M目录 C菜单 F按钮）',
  `visible` char(1) DEFAULT '0' COMMENT '菜单状态（0显示 1隐藏）',
  `status` char(1) DEFAULT '0' COMMENT '菜单状态（0正常 1停用）',
  `perms` varchar(100) DEFAULT NULL COMMENT '权限标识',
  `icon` varchar(100) DEFAULT '#' COMMENT '菜单图标',
  `create_by` varchar(64) DEFAULT '' COMMENT '创建者',
  `create_time` datetime DEFAULT NULL COMMENT '创建时间',
  `update_by` varchar(64) DEFAULT '' COMMENT '更新者',
  `update_time` datetime DEFAULT NULL COMMENT '更新时间',
  `remark` varchar(500) DEFAULT '' COMMENT '备注',
  PRIMARY KEY (`menu_id`) USING BTREE
) ENGINE=InnoDB AUTO_INCREMENT=2074 DEFAULT CHARSET=utf8mb4 ROW_FORMAT=DYNAMIC COMMENT='菜单权限表';

/*Data for the table `sys_menu` */

insert  into `sys_menu`(`menu_id`,`menu_name`,`parent_id`,`order_num`,`path`,`component`,`query`,`is_frame`,`is_cache`,`menu_type`,`visible`,`status`,`perms`,`icon`,`create_by`,`create_time`,`update_by`,`update_time`,`remark`) values (1,'系统管理',0,1,'system',NULL,'',1,0,'M','0','0','','system','admin','2021-12-10 14:12:14','',NULL,'系统管理目录'),(2,'系统监控',0,2,'monitor',NULL,'',1,0,'M','0','0','','monitor','admin','2021-12-10 14:12:14','',NULL,'系统监控目录'),(3,'系统工具',0,3,'tool',NULL,'',1,0,'M','0','0','','tool','admin','2021-12-10 14:12:14','',NULL,'系统工具目录'),(4,'博客官网',0,4,'http://localhost/cms/main/cmsIndex',NULL,'',0,0,'M','0','0','','guide','admin','2021-12-10 14:12:14','admin','2022-01-20 09:22:17','若依官网地址'),(100,'用户管理',1,3,'user','system/user/index','',1,0,'C','0','0','system:user:list','user','admin','2021-12-10 14:12:14','admin','2021-12-10 15:43:44','用户管理菜单'),(101,'角色管理',1,4,'role','system/role/index','',1,0,'C','0','0','system:role:list','peoples','admin','2021-12-10 14:12:14','admin','2021-12-10 15:43:58','角色管理菜单'),(102,'菜单管理',1,5,'menu','system/menu/index','',1,0,'C','0','0','system:menu:list','tree-table','admin','2021-12-10 14:12:14','admin','2021-12-10 15:44:17','菜单管理菜单'),(103,'部门管理',1,1,'dept','system/dept/index','',1,0,'C','0','0','system:dept:list','tree','admin','2021-12-10 14:12:14','admin','2021-12-10 15:43:17','部门管理菜单'),(104,'岗位管理',1,2,'post','system/post/index','',1,0,'C','0','0','system:post:list','post','admin','2021-12-10 14:12:14','admin','2021-12-10 15:43:28','岗位管理菜单'),(105,'字典管理',1,6,'dict','system/dict/index','',1,0,'C','0','0','system:dict:list','dict','admin','2021-12-10 14:12:14','',NULL,'字典管理菜单'),(106,'参数设置',1,7,'config','system/config/index','',1,0,'C','0','0','system:config:list','edit','admin','2021-12-10 14:12:14','',NULL,'参数设置菜单'),(107,'通知公告',1,8,'notice','system/notice/index','',1,0,'C','0','0','system:notice:list','message','admin','2021-12-10 14:12:14','',NULL,'通知公告菜单'),(108,'日志管理',1,9,'log','','',1,0,'M','0','0','','log','admin','2021-12-10 14:12:14','',NULL,'日志管理菜单'),(109,'在线用户',2,1,'online','monitor/online/index','',1,0,'C','0','0','monitor:online:list','online','admin','2021-12-10 14:12:14','',NULL,'在线用户菜单'),(110,'定时任务',2,2,'job','monitor/job/index','',1,0,'C','0','0','monitor:job:list','job','admin','2021-12-10 14:12:14','',NULL,'定时任务菜单'),(111,'数据监控',2,3,'druid','monitor/druid/index','',1,0,'C','0','0','monitor:druid:list','druid','admin','2021-12-10 14:12:14','',NULL,'数据监控菜单'),(112,'服务监控',2,4,'server','monitor/server/index','',1,0,'C','0','0','monitor:server:list','server','admin','2021-12-10 14:12:14','',NULL,'服务监控菜单'),(113,'缓存监控',2,5,'cache','monitor/cache/index','',1,0,'C','0','0','monitor:cache:list','redis','admin','2021-12-10 14:12:14','',NULL,'缓存监控菜单'),(114,'表单构建',3,1,'build','tool/build/index','',1,0,'C','0','0','tool:build:list','build','admin','2021-12-10 14:12:14','',NULL,'表单构建菜单'),(115,'代码生成',3,2,'gen','tool/gen/index','',1,0,'C','0','0','tool:gen:list','code','admin','2021-12-10 14:12:14','',NULL,'代码生成菜单'),(116,'系统接口',3,3,'swagger','tool/swagger/index','',1,0,'C','0','0','tool:swagger:list','swagger','admin','2021-12-10 14:12:14','',NULL,'系统接口菜单'),(500,'操作日志',108,1,'operlog','monitor/operlog/index','',1,0,'C','0','0','monitor:operlog:list','form','admin','2021-12-10 14:12:14','',NULL,'操作日志菜单'),(501,'登录日志',108,2,'logininfor','monitor/logininfor/index','',1,0,'C','0','0','monitor:logininfor:list','logininfor','admin','2021-12-10 14:12:14','',NULL,'登录日志菜单'),(1001,'用户查询',100,1,'','','',1,0,'F','0','0','system:user:query','#','admin','2021-12-10 14:12:14','',NULL,''),(1002,'用户新增',100,2,'','','',1,0,'F','0','0','system:user:add','#','admin','2021-12-10 14:12:14','',NULL,''),(1003,'用户修改',100,3,'','','',1,0,'F','0','0','system:user:edit','#','admin','2021-12-10 14:12:14','',NULL,''),(1004,'用户删除',100,4,'','','',1,0,'F','0','0','system:user:remove','#','admin','2021-12-10 14:12:14','',NULL,''),(1005,'用户导出',100,5,'','','',1,0,'F','0','0','system:user:export','#','admin','2021-12-10 14:12:14','',NULL,''),(1006,'用户导入',100,6,'','','',1,0,'F','0','0','system:user:import','#','admin','2021-12-10 14:12:14','',NULL,''),(1007,'重置密码',100,7,'','','',1,0,'F','0','0','system:user:resetPwd','#','admin','2021-12-10 14:12:14','',NULL,''),(1008,'角色查询',101,1,'','','',1,0,'F','0','0','system:role:query','#','admin','2021-12-10 14:12:14','',NULL,''),(1009,'角色新增',101,2,'','','',1,0,'F','0','0','system:role:add','#','admin','2021-12-10 14:12:14','',NULL,''),(1010,'角色修改',101,3,'','','',1,0,'F','0','0','system:role:edit','#','admin','2021-12-10 14:12:14','',NULL,''),(1011,'角色删除',101,4,'','','',1,0,'F','0','0','system:role:remove','#','admin','2021-12-10 14:12:14','',NULL,''),(1012,'角色导出',101,5,'','','',1,0,'F','0','0','system:role:export','#','admin','2021-12-10 14:12:14','',NULL,''),(1013,'菜单查询',102,1,'','','',1,0,'F','0','0','system:menu:query','#','admin','2021-12-10 14:12:14','',NULL,''),(1014,'菜单新增',102,2,'','','',1,0,'F','0','0','system:menu:add','#','admin','2021-12-10 14:12:14','',NULL,''),(1015,'菜单修改',102,3,'','','',1,0,'F','0','0','system:menu:edit','#','admin','2021-12-10 14:12:14','',NULL,''),(1016,'菜单删除',102,4,'','','',1,0,'F','0','0','system:menu:remove','#','admin','2021-12-10 14:12:14','',NULL,''),(1017,'部门查询',103,1,'','','',1,0,'F','0','0','system:dept:query','#','admin','2021-12-10 14:12:14','',NULL,''),(1018,'部门新增',103,2,'','','',1,0,'F','0','0','system:dept:add','#','admin','2021-12-10 14:12:14','',NULL,''),(1019,'部门修改',103,3,'','','',1,0,'F','0','0','system:dept:edit','#','admin','2021-12-10 14:12:14','',NULL,''),(1020,'部门删除',103,4,'','','',1,0,'F','0','0','system:dept:remove','#','admin','2021-12-10 14:12:14','',NULL,''),(1021,'岗位查询',104,1,'','','',1,0,'F','0','0','system:post:query','#','admin','2021-12-10 14:12:14','',NULL,''),(1022,'岗位新增',104,2,'','','',1,0,'F','0','0','system:post:add','#','admin','2021-12-10 14:12:14','',NULL,''),(1023,'岗位修改',104,3,'','','',1,0,'F','0','0','system:post:edit','#','admin','2021-12-10 14:12:14','',NULL,''),(1024,'岗位删除',104,4,'','','',1,0,'F','0','0','system:post:remove','#','admin','2021-12-10 14:12:14','',NULL,''),(1025,'岗位导出',104,5,'','','',1,0,'F','0','0','system:post:export','#','admin','2021-12-10 14:12:14','',NULL,''),(1026,'字典查询',105,1,'#','','',1,0,'F','0','0','system:dict:query','#','admin','2021-12-10 14:12:14','',NULL,''),(1027,'字典新增',105,2,'#','','',1,0,'F','0','0','system:dict:add','#','admin','2021-12-10 14:12:14','',NULL,''),(1028,'字典修改',105,3,'#','','',1,0,'F','0','0','system:dict:edit','#','admin','2021-12-10 14:12:14','',NULL,''),(1029,'字典删除',105,4,'#','','',1,0,'F','0','0','system:dict:remove','#','admin','2021-12-10 14:12:14','',NULL,''),(1030,'字典导出',105,5,'#','','',1,0,'F','0','0','system:dict:export','#','admin','2021-12-10 14:12:14','',NULL,''),(1031,'参数查询',106,1,'#','','',1,0,'F','0','0','system:config:query','#','admin','2021-12-10 14:12:14','',NULL,''),(1032,'参数新增',106,2,'#','','',1,0,'F','0','0','system:config:add','#','admin','2021-12-10 14:12:14','',NULL,''),(1033,'参数修改',106,3,'#','','',1,0,'F','0','0','system:config:edit','#','admin','2021-12-10 14:12:14','',NULL,''),(1034,'参数删除',106,4,'#','','',1,0,'F','0','0','system:config:remove','#','admin','2021-12-10 14:12:14','',NULL,''),(1035,'参数导出',106,5,'#','','',1,0,'F','0','0','system:config:export','#','admin','2021-12-10 14:12:14','',NULL,''),(1036,'公告查询',107,1,'#','','',1,0,'F','0','0','system:notice:query','#','admin','2021-12-10 14:12:14','',NULL,''),(1037,'公告新增',107,2,'#','','',1,0,'F','0','0','system:notice:add','#','admin','2021-12-10 14:12:14','',NULL,''),(1038,'公告修改',107,3,'#','','',1,0,'F','0','0','system:notice:edit','#','admin','2021-12-10 14:12:14','',NULL,''),(1039,'公告删除',107,4,'#','','',1,0,'F','0','0','system:notice:remove','#','admin','2021-12-10 14:12:14','',NULL,''),(1040,'操作查询',500,1,'#','','',1,0,'F','0','0','monitor:operlog:query','#','admin','2021-12-10 14:12:14','',NULL,''),(1041,'操作删除',500,2,'#','','',1,0,'F','0','0','monitor:operlog:remove','#','admin','2021-12-10 14:12:14','',NULL,''),(1042,'日志导出',500,4,'#','','',1,0,'F','0','0','monitor:operlog:export','#','admin','2021-12-10 14:12:14','',NULL,''),(1043,'登录查询',501,1,'#','','',1,0,'F','0','0','monitor:logininfor:query','#','admin','2021-12-10 14:12:14','',NULL,''),(1044,'登录删除',501,2,'#','','',1,0,'F','0','0','monitor:logininfor:remove','#','admin','2021-12-10 14:12:14','',NULL,''),(1045,'日志导出',501,3,'#','','',1,0,'F','0','0','monitor:logininfor:export','#','admin','2021-12-10 14:12:14','',NULL,''),(1046,'在线查询',109,1,'#','','',1,0,'F','0','0','monitor:online:query','#','admin','2021-12-10 14:12:14','',NULL,''),(1047,'批量强退',109,2,'#','','',1,0,'F','0','0','monitor:online:batchLogout','#','admin','2021-12-10 14:12:14','',NULL,''),(1048,'单条强退',109,3,'#','','',1,0,'F','0','0','monitor:online:forceLogout','#','admin','2021-12-10 14:12:14','',NULL,''),(1049,'任务查询',110,1,'#','','',1,0,'F','0','0','monitor:job:query','#','admin','2021-12-10 14:12:14','',NULL,''),(1050,'任务新增',110,2,'#','','',1,0,'F','0','0','monitor:job:add','#','admin','2021-12-10 14:12:14','',NULL,''),(1051,'任务修改',110,3,'#','','',1,0,'F','0','0','monitor:job:edit','#','admin','2021-12-10 14:12:14','',NULL,''),(1052,'任务删除',110,4,'#','','',1,0,'F','0','0','monitor:job:remove','#','admin','2021-12-10 14:12:14','',NULL,''),(1053,'状态修改',110,5,'#','','',1,0,'F','0','0','monitor:job:changeStatus','#','admin','2021-12-10 14:12:14','',NULL,''),(1054,'任务导出',110,7,'#','','',1,0,'F','0','0','monitor:job:export','#','admin','2021-12-10 14:12:14','',NULL,''),(1055,'生成查询',115,1,'#','','',1,0,'F','0','0','tool:gen:query','#','admin','2021-12-10 14:12:14','',NULL,''),(1056,'生成修改',115,2,'#','','',1,0,'F','0','0','tool:gen:edit','#','admin','2021-12-10 14:12:14','',NULL,''),(1057,'生成删除',115,3,'#','','',1,0,'F','0','0','tool:gen:remove','#','admin','2021-12-10 14:12:14','',NULL,''),(1058,'导入代码',115,2,'#','','',1,0,'F','0','0','tool:gen:import','#','admin','2021-12-10 14:12:14','',NULL,''),(1059,'预览代码',115,4,'#','','',1,0,'F','0','0','tool:gen:preview','#','admin','2021-12-10 14:12:14','',NULL,''),(1060,'生成代码',115,5,'#','','',1,0,'F','0','0','tool:gen:code','#','admin','2021-12-10 14:12:14','',NULL,''),(2007,'内容管理',0,1,'cms',NULL,NULL,1,0,'M','0','0',NULL,'documentation','admin','2021-12-20 14:53:48','',NULL,''),(2026,'文件管理',2007,8,'fileInfo','cms/fileInfo/index',NULL,1,0,'C','0','0','cms:fileInfo:list','#','admin','2021-12-27 22:29:53','admin','2022-01-21 10:28:14','文件管理菜单'),(2027,'文件管理查询',2026,1,'#','',NULL,1,0,'F','0','0','cms:fileInfo:query','#','admin','2021-12-27 22:29:53','',NULL,''),(2028,'文件管理新增',2026,2,'#','',NULL,1,0,'F','0','0','cms:fileInfo:add','#','admin','2021-12-27 22:29:53','',NULL,''),(2029,'文件管理修改',2026,3,'#','',NULL,1,0,'F','0','0','cms:fileInfo:edit','#','admin','2021-12-27 22:29:53','',NULL,''),(2030,'文件管理删除',2026,4,'#','',NULL,1,0,'F','0','0','cms:fileInfo:remove','#','admin','2021-12-27 22:29:53','',NULL,''),(2031,'文件管理导出',2026,5,'#','',NULL,1,0,'F','0','0','cms:fileInfo:export','#','admin','2021-12-27 22:29:53','',NULL,''),(2032,'文章管理',2007,1,'blog','cms/blog/index',NULL,1,0,'C','0','0','cms:blog:list','#','admin','2022-01-01 22:25:42','',NULL,'文章管理菜单'),(2033,'文章管理查询',2032,1,'#','',NULL,1,0,'F','0','0','cms:blog:query','#','admin','2022-01-01 22:25:42','',NULL,''),(2034,'文章管理新增',2032,2,'#','',NULL,1,0,'F','0','0','cms:blog:add','#','admin','2022-01-01 22:25:42','',NULL,''),(2035,'文章管理修改',2032,3,'#','',NULL,1,0,'F','0','0','cms:blog:edit','#','admin','2022-01-01 22:25:42','',NULL,''),(2036,'文章管理删除',2032,4,'#','',NULL,1,0,'F','0','0','cms:blog:remove','#','admin','2022-01-01 22:25:42','',NULL,''),(2037,'文章管理导出',2032,5,'#','',NULL,1,0,'F','0','0','cms:blog:export','#','admin','2022-01-01 22:25:42','',NULL,''),(2038,'随笔管理',2007,2,'essay','cms/blog/essay',NULL,1,0,'C','0','0','cms:blog:list','#','admin','2022-01-02 02:48:37','',NULL,'随笔管理菜单'),(2039,'随笔管理查询',2038,1,'#','',NULL,1,0,'F','0','0','cms:blog:query','#','admin','2022-01-02 02:48:37','',NULL,''),(2040,'随笔管理新增',2038,2,'#','',NULL,1,0,'F','0','0','cms:blog:add','#','admin','2022-01-02 02:48:37','',NULL,''),(2041,'随笔管理修改',2038,3,'#','',NULL,1,0,'F','0','0','cms:blog:edit','#','admin','2022-01-02 02:48:37','',NULL,''),(2042,'随笔管理删除',2038,4,'#','',NULL,1,0,'F','0','0','cms:blog:remove','#','admin','2022-01-02 02:48:37','',NULL,''),(2043,'随笔管理导出',2038,5,'#','',NULL,1,0,'F','0','0','cms:blog:export','#','admin','2022-01-02 02:48:37','',NULL,''),(2044,'文档管理',2007,3,'doucuments','cms/blog/doucuments',NULL,1,0,'C','0','1','cms:blog:list','#','admin','2022-01-02 02:58:41','admin','2022-02-08 18:01:09','文档管理菜单'),(2045,'文档管理查询',2044,1,'#','',NULL,1,0,'F','0','0','cms:blog:query','#','admin','2022-01-02 02:58:41','',NULL,''),(2046,'文档管理新增',2044,2,'#','',NULL,1,0,'F','0','0','cms:blog:add','#','admin','2022-01-02 02:58:41','',NULL,''),(2047,'文档管理修改',2044,3,'#','',NULL,1,0,'F','0','0','cms:blog:edit','#','admin','2022-01-02 02:58:41','',NULL,''),(2048,'文档管理删除',2044,4,'#','',NULL,1,0,'F','0','0','cms:blog:remove','#','admin','2022-01-02 02:58:41','',NULL,''),(2049,'文档管理导出',2044,5,'#','',NULL,1,0,'F','0','0','cms:blog:export','#','admin','2022-01-02 02:58:41','',NULL,''),(2050,'标签管理',2007,5,'tag','cms/tag/index',NULL,1,0,'C','0','0','cms:tag:list','#','admin','2022-01-02 14:51:38','admin','2022-01-02 14:52:31','标签管理菜单'),(2051,'标签管理查询',2050,1,'#','',NULL,1,0,'F','0','0','cms:tag:query','#','admin','2022-01-02 14:51:38','',NULL,''),(2052,'标签管理新增',2050,2,'#','',NULL,1,0,'F','0','0','cms:tag:add','#','admin','2022-01-02 14:51:38','',NULL,''),(2053,'标签管理修改',2050,3,'#','',NULL,1,0,'F','0','0','cms:tag:edit','#','admin','2022-01-02 14:51:38','',NULL,''),(2054,'标签管理删除',2050,4,'#','',NULL,1,0,'F','0','0','cms:tag:remove','#','admin','2022-01-02 14:51:38','',NULL,''),(2055,'标签管理导出',2050,5,'#','',NULL,1,0,'F','0','0','cms:tag:export','#','admin','2022-01-02 14:51:38','',NULL,''),(2056,'分类管理',2007,4,'type','cms/type/index',NULL,1,0,'C','0','0','cms:type:list','#','admin','2022-01-02 15:04:23','admin','2022-01-02 15:05:03','分类管理菜单'),(2057,'分类管理查询',2056,1,'#','',NULL,1,0,'F','0','0','cms:type:query','#','admin','2022-01-02 15:04:23','',NULL,''),(2058,'分类管理新增',2056,2,'#','',NULL,1,0,'F','0','0','cms:type:add','#','admin','2022-01-02 15:04:23','',NULL,''),(2059,'分类管理修改',2056,3,'#','',NULL,1,0,'F','0','0','cms:type:edit','#','admin','2022-01-02 15:04:23','',NULL,''),(2060,'分类管理删除',2056,4,'#','',NULL,1,0,'F','0','0','cms:type:remove','#','admin','2022-01-02 15:04:23','',NULL,''),(2061,'分类管理导出',2056,5,'#','',NULL,1,0,'F','0','0','cms:type:export','#','admin','2022-01-02 15:04:23','',NULL,''),(2062,'留言管理',2007,6,'message','cms/message/index',NULL,1,0,'C','0','0','cms:message:list','#','admin','2022-01-15 13:47:29','admin','2022-01-15 13:49:11','留言管理菜单'),(2063,'留言管理查询',2062,1,'#','',NULL,1,0,'F','0','0','cms:message:query','#','admin','2022-01-15 13:47:29','',NULL,''),(2064,'留言管理新增',2062,2,'#','',NULL,1,0,'F','0','0','cms:message:add','#','admin','2022-01-15 13:47:29','',NULL,''),(2065,'留言管理修改',2062,3,'#','',NULL,1,0,'F','0','0','cms:message:edit','#','admin','2022-01-15 13:47:29','',NULL,''),(2066,'留言管理删除',2062,4,'#','',NULL,1,0,'F','0','0','cms:message:remove','#','admin','2022-01-15 13:47:29','',NULL,''),(2067,'留言管理导出',2062,5,'#','',NULL,1,0,'F','0','0','cms:message:export','#','admin','2022-01-15 13:47:29','',NULL,''),(2068,'评论管理',2007,7,'comment','cms/comment/index',NULL,1,0,'C','0','0','cms:comment:list','#','admin','2022-01-21 10:27:25','admin','2022-01-21 10:28:24','评论管理菜单'),(2069,'评论管理查询',2068,1,'#','',NULL,1,0,'F','0','0','cms:comment:query','#','admin','2022-01-21 10:27:25','',NULL,''),(2070,'评论管理新增',2068,2,'#','',NULL,1,0,'F','0','0','cms:comment:add','#','admin','2022-01-21 10:27:25','',NULL,''),(2071,'评论管理修改',2068,3,'#','',NULL,1,0,'F','0','0','cms:comment:edit','#','admin','2022-01-21 10:27:25','',NULL,''),(2072,'评论管理删除',2068,4,'#','',NULL,1,0,'F','0','0','cms:comment:remove','#','admin','2022-01-21 10:27:25','',NULL,''),(2073,'评论管理导出',2068,5,'#','',NULL,1,0,'F','0','0','cms:comment:export','#','admin','2022-01-21 10:27:25','',NULL,'');

/*Table structure for table `sys_notice` */

DROP TABLE IF EXISTS `sys_notice`;

CREATE TABLE `sys_notice` (
  `notice_id` int(11) NOT NULL AUTO_INCREMENT COMMENT '公告ID',
  `notice_title` varchar(50) NOT NULL COMMENT '公告标题',
  `notice_type` char(1) NOT NULL COMMENT '公告类型（1通知 2公告）',
  `notice_content` longblob COMMENT '公告内容',
  `status` char(1) DEFAULT '0' COMMENT '公告状态（0正常 1关闭）',
  `create_by` varchar(64) DEFAULT '' COMMENT '创建者',
  `create_time` datetime DEFAULT NULL COMMENT '创建时间',
  `update_by` varchar(64) DEFAULT '' COMMENT '更新者',
  `update_time` datetime DEFAULT NULL COMMENT '更新时间',
  `remark` varchar(255) DEFAULT NULL COMMENT '备注',
  PRIMARY KEY (`notice_id`) USING BTREE
) ENGINE=InnoDB AUTO_INCREMENT=3 DEFAULT CHARSET=utf8mb4 ROW_FORMAT=DYNAMIC COMMENT='通知公告表';

/*Data for the table `sys_notice` */

insert  into `sys_notice`(`notice_id`,`notice_title`,`notice_type`,`notice_content`,`status`,`create_by`,`create_time`,`update_by`,`update_time`,`remark`) values (1,'温馨提醒：2018-07-01 若依新版本发布啦','2','新版本内容','0','admin','2021-12-10 14:12:14','',NULL,'管理员'),(2,'维护通知：2018-07-01 若依系统凌晨维护','1','<h1 class=\"ql-align-center\">维护通知</h1><p>	通知:2018-07-01 若依系统凌晨维护</p><p class=\"ql-align-center\"><br></p>','0','admin','2021-12-10 14:12:14','admin','2022-01-15 14:41:23','管理员');

/*Table structure for table `sys_notice_file` */

DROP TABLE IF EXISTS `sys_notice_file`;

CREATE TABLE `sys_notice_file` (
  `file_id` bigint(20) NOT NULL COMMENT '文件ID',
  `notice_id` bigint(20) NOT NULL COMMENT '通知公告ID',
  PRIMARY KEY (`file_id`,`notice_id`) USING BTREE
) ENGINE=InnoDB DEFAULT CHARSET=utf8mb4 ROW_FORMAT=DYNAMIC COMMENT='通知公告文件表';

/*Data for the table `sys_notice_file` */

/*Table structure for table `sys_oper_log` */

DROP TABLE IF EXISTS `sys_oper_log`;

CREATE TABLE `sys_oper_log` (
  `oper_id` bigint(20) NOT NULL AUTO_INCREMENT COMMENT '日志主键',
  `title` varchar(50) DEFAULT '' COMMENT '模块标题',
  `business_type` int(11) DEFAULT '0' COMMENT '业务类型（0其它 1新增 2修改 3删除）',
  `method` varchar(100) DEFAULT '' COMMENT '方法名称',
  `request_method` varchar(10) DEFAULT '' COMMENT '请求方式',
  `operator_type` int(11) DEFAULT '0' COMMENT '操作类别（0其它 1后台用户 2手机端用户）',
  `oper_name` varchar(50) DEFAULT '' COMMENT '操作人员',
  `dept_name` varchar(50) DEFAULT '' COMMENT '部门名称',
  `oper_url` varchar(255) DEFAULT '' COMMENT '请求URL',
  `oper_ip` varchar(128) DEFAULT '' COMMENT '主机地址',
  `oper_location` varchar(255) DEFAULT '' COMMENT '操作地点',
  `oper_param` varchar(2000) DEFAULT '' COMMENT '请求参数',
  `json_result` varchar(2000) DEFAULT '' COMMENT '返回参数',
  `status` int(11) DEFAULT '0' COMMENT '操作状态（0正常 1异常）',
  `error_msg` varchar(2000) DEFAULT '' COMMENT '错误消息',
  `oper_time` datetime DEFAULT NULL COMMENT '操作时间',
  PRIMARY KEY (`oper_id`) USING BTREE
) ENGINE=InnoDB AUTO_INCREMENT=280 DEFAULT CHARSET=utf8mb4 ROW_FORMAT=DYNAMIC COMMENT='操作日志记录';

/*Data for the table `sys_oper_log` */

insert  into `sys_oper_log`(`oper_id`,`title`,`business_type`,`method`,`request_method`,`operator_type`,`oper_name`,`dept_name`,`oper_url`,`oper_ip`,`oper_location`,`oper_param`,`json_result`,`status`,`error_msg`,`oper_time`) values (1,'操作日志',9,'com.ruoyi.web.controller.monitor.SysOperlogController.clean()','DELETE',1,'admin',NULL,'/monitor/operlog/clean','127.0.0.1','内网IP','{}','{\"msg\":\"操作成功\",\"code\":200}',0,NULL,'2022-02-10 17:02:40'),(2,'登录日志',9,'com.ruoyi.web.controller.monitor.SysLogininforController.clean()','DELETE',1,'admin',NULL,'/monitor/logininfor/clean','127.0.0.1','内网IP','{}','{\"msg\":\"操作成功\",\"code\":200}',0,NULL,'2022-02-10 17:02:44'),(3,'个人信息',2,'com.ruoyi.web.controller.system.SysProfileController.updateProfile()','PUT',1,'若依',NULL,'/system/user/profile','127.0.0.1','内网IP','{\"admin\":false,\"params\":{},\"userName\":\"若依\",\"userId\":2}','{\"msg\":\"操作成功\",\"code\":200}',0,NULL,'2022-04-22 16:54:51'),(4,'文章管理',1,'com.ruoyi.cms.blog.controller.CmsBlogController.add()','POST',1,'admin',NULL,'/cms/blog','127.0.0.1','内网IP','{\"tagIds\":[26],\"params\":{},\"title\":\"1\",\"type\":\"1\",\"content\":\"<p>1</p>\",\"createBy\":\"admin\",\"top\":\"0\",\"createTime\":1651044433314,\"typeIds\":[14],\"id\":20,\"status\":\"1\"}','{\"msg\":\"操作成功\",\"code\":200,\"data\":20}',0,NULL,'2022-04-27 15:27:13'),(5,'文章管理',2,'com.ruoyi.cms.blog.controller.CmsBlogController.edit()','PUT',1,'admin',NULL,'/cms/blog','127.0.0.1','内网IP','{\"types\":[],\"tagIds\":[26],\"updateTime\":1651048297168,\"params\":{},\"title\":\"是VSD v阿萨DVD v大是大非v阿斯蒂芬v地方\",\"type\":\"1\",\"content\":\"<p>1234555的风格</p>\",\"tags\":[],\"createBy\":\"admin\",\"top\":\"0\",\"createTime\":1641980454000,\"updateBy\":\"admin\",\"typeIds\":[],\"id\":19,\"views\":132,\"status\":\"1\"}','{\"msg\":\"操作成功\",\"code\":200}',0,NULL,'2022-04-27 16:31:37'),(6,'文章管理',2,'com.ruoyi.cms.blog.controller.CmsBlogController.edit()','PUT',1,'admin',NULL,'/cms/blog','127.0.0.1','内网IP','{\"types\":[],\"tagIds\":[26],\"updateTime\":1651048332392,\"params\":{},\"title\":\"是VSD v阿萨DVD v大是大非v阿斯蒂芬v地方\",\"type\":\"1\",\"content\":\"<p>1234555的风格</p>\",\"tags\":[{\"createBy\":\"若依\",\"createTime\":1641278906000,\"tagId\":26,\"updateBy\":\"\",\"params\":{},\"tagName\":\"若依\",\"blogNum\":0}],\"createBy\":\"admin\",\"top\":\"0\",\"createTime\":1641980454000,\"updateBy\":\"admin\",\"typeIds\":[14],\"id\":19,\"views\":132,\"status\":\"1\"}','{\"msg\":\"操作成功\",\"code\":200}',0,NULL,'2022-04-27 16:32:12'),(7,'文章管理',1,'com.ruoyi.cms.blog.controller.CmsBlogController.add()','POST',1,'admin',NULL,'/cms/blog','127.0.0.1','内网IP','{\"params\":{},\"title\":\"1\",\"type\":\"2\",\"content\":\"<p>1</p>\",\"createBy\":\"admin\",\"top\":\"0\",\"createTime\":1651051851159,\"id\":21,\"status\":\"1\"}','{\"msg\":\"操作成功\",\"code\":200,\"data\":21}',0,NULL,'2022-04-27 17:30:51'),(8,'个人信息',2,'com.ruoyi.web.controller.system.SysProfileController.updateProfile()','PUT',1,'admin',NULL,'/system/user/profile','127.0.0.1','内网IP','{\"admin\":true,\"params\":{},\"userName\":\"admin\",\"userId\":1}','{\"msg\":\"操作成功\",\"code\":200}',0,NULL,'2022-05-09 16:35:42'),(9,'个人信息',2,'com.ruoyi.web.controller.system.SysProfileController.updateProfile()','PUT',1,'admin',NULL,'/system/user/profile','127.0.0.1','内网IP','{\"admin\":true,\"avatar\":\"/static/img/profile.066e0938.jpg\",\"params\":{},\"userName\":\"admin\",\"userId\":1}','{\"msg\":\"操作成功\",\"code\":200}',0,NULL,'2022-05-09 16:36:01'),(10,'个人信息',2,'com.ruoyi.web.controller.system.SysProfileController.updateProfile()','PUT',1,'admin',NULL,'/system/user/profile','127.0.0.1','内网IP','{\"admin\":true,\"params\":{},\"userName\":\"admin\",\"userId\":1}','{\"msg\":\"操作成功\",\"code\":200}',0,NULL,'2022-05-09 17:17:49'),(11,'分类管理',1,'com.ruoyi.cms.type.controller.CmsTypeController.add()','POST',1,'admin',NULL,'/cms/type','127.0.0.1','内网IP','{\"createBy\":\"admin\",\"createTime\":1654848530432,\"typeName\":\"java\",\"typeId\":16,\"params\":{},\"blogNum\":0}','{\"msg\":\"操作成功\",\"code\":200}',0,NULL,'2022-06-10 16:08:50'),(12,'文章管理',2,'com.ruoyi.cms.blog.controller.CmsBlogController.edit()','PUT',1,'admin',NULL,'/cms/blog','127.0.0.1','内网IP','{\"types\":[{\"createBy\":\"admin\",\"createTime\":1641223870000,\"updateBy\":\"\",\"typePic\":\"\",\"typeName\":\"阿萨的\",\"typeId\":10,\"params\":{},\"blogNum\":0},{\"createBy\":\"admin\",\"createTime\":1641223889000,\"updateBy\":\"\",\"typePic\":\"\",\"typeName\":\"啊啊\",\"typeId\":13,\"params\":{},\"blogNum\":0}],\"tagIds\":[20,24,25],\"updateTime\":1654855014192,\"params\":{},\"title\":\"阿萨\",\"type\":\"1\",\"content\":\"<h1 class=\\\"ql-align-center\\\">测试</h1><p>1.发生的地方阿萨的</p><p>2.啊手动阀</p><p>阿萨事实上</p>\",\"tags\":[{\"createBy\":\"admin\",\"createTime\":1641221405000,\"tagId\":20,\"updateBy\":\"\",\"params\":{},\"tagName\":\"啊实打实\",\"blogNum\":0},{\"createBy\":\"admin\",\"createTime\":1641223832000,\"tagId\":24,\"updateBy\":\"\",\"params\":{},\"tagName\":\"阿松大\",\"blogNum\":0},{\"createBy\":\"admin\",\"createTime\":1641223838000,\"tagId\":25,\"updateBy\":\"\",\"params\":{},\"tagName\":\"愤愤愤\",\"blogNum\":0}],\"blogPic\":\"/profile/upload/2022/06/10/9732e55b-4f32-4047-a3cb-0897eae747da.jpg\",\"createBy\":\"admin\",\"top\":\"1\",\"createTime\":1641097526000,\"updateBy\":\"admin\",\"typeIds\":[10,13],\"id\":7,\"views\":17,\"status\":\"1\"}','{\"msg\":\"操作成功\",\"code\":200}',0,NULL,'2022-06-10 17:56:54'),(13,'文章管理',2,'com.ruoyi.cms.blog.controller.CmsBlogController.edit()','PUT',1,'admin',NULL,'/cms/blog','127.0.0.1','内网IP','{\"types\":[{\"createBy\":\"admin\",\"createTime\":1641223870000,\"updateBy\":\"\",\"typePic\":\"\",\"typeName\":\"阿萨的\",\"typeId\":10,\"params\":{},\"blogNum\":0},{\"createBy\":\"admin\",\"createTime\":1641223889000,\"updateBy\":\"\",\"typePic\":\"\",\"typeName\":\"啊啊\",\"typeId\":13,\"params\":{},\"blogNum\":0}],\"tagIds\":[20,24,25],\"updateTime\":1654855389623,\"params\":{},\"title\":\"阿萨\",\"type\":\"1\",\"content\":\"<h1 class=\\\"ql-align-center\\\">测试</h1><p>1.发生的地方阿萨的</p><p>2.啊手动阀</p><p>阿萨事实上</p>\",\"tags\":[{\"createBy\":\"admin\",\"createTime\":1641221405000,\"tagId\":20,\"updateBy\":\"\",\"params\":{},\"tagName\":\"啊实打实\",\"blogNum\":0},{\"createBy\":\"admin\",\"createTime\":1641223832000,\"tagId\":24,\"updateBy\":\"\",\"params\":{},\"tagName\":\"阿松大\",\"blogNum\":0},{\"createBy\":\"admin\",\"createTime\":1641223838000,\"tagId\":25,\"updateBy\":\"\",\"params\":{},\"tagName\":\"愤愤愤\",\"blogNum\":0}],\"blogPic\":\"\",\"createBy\":\"admin\",\"top\":\"1\",\"createTime\":1641097526000,\"updateBy\":\"admin\",\"typeIds\":[10,13],\"id\":7,\"views\":17,\"status\":\"1\"}','{\"msg\":\"操作成功\",\"code\":200}',0,NULL,'2022-06-10 18:03:09'),(14,'文章管理',2,'com.ruoyi.cms.blog.controller.CmsBlogController.edit()','PUT',1,'admin',NULL,'/cms/blog','127.0.0.1','内网IP','{\"types\":[{\"createBy\":\"admin\",\"createTime\":1641223870000,\"updateBy\":\"\",\"typePic\":\"\",\"typeName\":\"阿萨的\",\"typeId\":10,\"params\":{},\"blogNum\":0},{\"createBy\":\"admin\",\"createTime\":1641223889000,\"updateBy\":\"\",\"typePic\":\"\",\"typeName\":\"啊啊\",\"typeId\":13,\"params\":{},\"blogNum\":0}],\"tagIds\":[20,24,25],\"updateTime\":1654855390000,\"params\":{},\"title\":\"阿萨\",\"type\":\"1\",\"content\":\"<h1 class=\\\"ql-align-center\\\">测试</h1><p>1.发生的地方阿萨的</p><p>2.啊手动阀</p><p>阿萨事实上</p>\",\"tags\":[{\"createBy\":\"admin\",\"createTime\":1641221405000,\"tagId\":20,\"updateBy\":\"\",\"params\":{},\"tagName\":\"啊实打实\",\"blogNum\":0},{\"createBy\":\"admin\",\"createTime\":1641223832000,\"tagId\":24,\"updateBy\":\"\",\"params\":{},\"tagName\":\"阿松大\",\"blogNum\":0},{\"createBy\":\"admin\",\"createTime\":1641223838000,\"tagId\":25,\"updateBy\":\"\",\"params\":{},\"tagName\":\"愤愤愤\",\"blogNum\":0}],\"blogPic\":\"/profile/upload/2022/06/10/af4514e3-b16e-4fdf-8d7a-2c378d4ff10b.jpg\",\"createBy\":\"admin\",\"top\":\"1\",\"createTime\":1641097526000,\"updateBy\":\"admin\",\"typeIds\":[10,13],\"id\":7,\"views\":17,\"status\":\"1\"}',NULL,1,'','2022-06-10 18:13:04'),(15,'文章管理',2,'com.ruoyi.cms.blog.controller.CmsBlogController.edit()','PUT',1,'admin',NULL,'/cms/blog','127.0.0.1','内网IP','{\"types\":[{\"createBy\":\"admin\",\"createTime\":1641223870000,\"updateBy\":\"\",\"typePic\":\"\",\"typeName\":\"阿萨的\",\"typeId\":10,\"params\":{},\"blogNum\":0},{\"createBy\":\"admin\",\"createTime\":1641223889000,\"updateBy\":\"\",\"typePic\":\"\",\"typeName\":\"啊啊\",\"typeId\":13,\"params\":{},\"blogNum\":0}],\"tagIds\":[20,24,25],\"updateTime\":1654856025492,\"params\":{},\"title\":\"阿萨\",\"type\":\"1\",\"content\":\"<h1 class=\\\"ql-align-center\\\">测试</h1><p>1.发生的地方阿萨的</p><p>2.啊手动阀</p><p>阿萨事实上</p>\",\"tags\":[{\"createBy\":\"admin\",\"createTime\":1641221405000,\"tagId\":20,\"updateBy\":\"\",\"params\":{},\"tagName\":\"啊实打实\",\"blogNum\":0},{\"createBy\":\"admin\",\"createTime\":1641223832000,\"tagId\":24,\"updateBy\":\"\",\"params\":{},\"tagName\":\"阿松大\",\"blogNum\":0},{\"createBy\":\"admin\",\"createTime\":1641223838000,\"tagId\":25,\"updateBy\":\"\",\"params\":{},\"tagName\":\"愤愤愤\",\"blogNum\":0}],\"blogPic\":\"/profile/upload/2022/06/10/af4514e3-b16e-4fdf-8d7a-2c378d4ff10b.jpg\",\"createBy\":\"admin\",\"top\":\"1\",\"createTime\":1641097526000,\"updateBy\":\"admin\",\"typeIds\":[10,13],\"id\":7,\"views\":17,\"status\":\"1\"}','{\"msg\":\"操作成功\",\"code\":200}',0,NULL,'2022-06-10 18:13:45'),(16,'文章管理',2,'com.ruoyi.cms.blog.controller.CmsBlogController.edit()','PUT',1,'admin',NULL,'/cms/blog','127.0.0.1','内网IP','{\"types\":[{\"createBy\":\"admin\",\"createTime\":1641223870000,\"updateBy\":\"\",\"typePic\":\"\",\"typeName\":\"阿萨的\",\"typeId\":10,\"params\":{},\"blogNum\":0},{\"createBy\":\"admin\",\"createTime\":1641223889000,\"updateBy\":\"\",\"typePic\":\"\",\"typeName\":\"啊啊\",\"typeId\":13,\"params\":{},\"blogNum\":0}],\"tagIds\":[20,24,25],\"updateTime\":1654856033732,\"params\":{},\"title\":\"阿萨\",\"type\":\"1\",\"content\":\"<h1 class=\\\"ql-align-center\\\">测试</h1><p>1.发生的地方阿萨的</p><p>2.啊手动阀</p><p>阿萨事实上</p>\",\"tags\":[{\"createBy\":\"admin\",\"createTime\":1641221405000,\"tagId\":20,\"updateBy\":\"\",\"params\":{},\"tagName\":\"啊实打实\",\"blogNum\":0},{\"createBy\":\"admin\",\"createTime\":1641223832000,\"tagId\":24,\"updateBy\":\"\",\"params\":{},\"tagName\":\"阿松大\",\"blogNum\":0},{\"createBy\":\"admin\",\"createTime\":1641223838000,\"tagId\":25,\"updateBy\":\"\",\"params\":{},\"tagName\":\"愤愤愤\",\"blogNum\":0}],\"blogPic\":\"\",\"createBy\":\"admin\",\"top\":\"1\",\"createTime\":1641097526000,\"updateBy\":\"admin\",\"typeIds\":[10,13],\"id\":7,\"views\":17,\"status\":\"1\"}','{\"msg\":\"操作成功\",\"code\":200}',0,NULL,'2022-06-10 18:13:53'),(17,'分类管理',2,'com.ruoyi.cms.type.controller.CmsTypeController.edit()','PUT',1,'admin',NULL,'/cms/type','127.0.0.1','内网IP','{\"createBy\":\"admin\",\"createTime\":1654848530000,\"updateBy\":\"admin\",\"typePic\":\"/profile/upload/2022/06/13/1c8a0c5d-dad8-4148-8b73-12d9022ae789.jpg\",\"typeName\":\"java\",\"typeId\":16,\"updateTime\":1655081170437,\"params\":{},\"blogNum\":0}','{\"msg\":\"操作成功\",\"code\":200}',0,NULL,'2022-06-13 08:46:10'),(18,'分类管理',2,'com.ruoyi.cms.type.controller.CmsTypeController.edit()','PUT',1,'admin',NULL,'/cms/type','127.0.0.1','内网IP','{\"createBy\":\"admin\",\"createTime\":1654848530000,\"updateBy\":\"admin\",\"typePic\":\"\",\"typeName\":\"java\",\"typeId\":16,\"updateTime\":1655081179069,\"params\":{},\"blogNum\":0}','{\"msg\":\"操作成功\",\"code\":200}',0,NULL,'2022-06-13 08:46:19'),(19,'文章管理',2,'com.ruoyi.cms.blog.controller.CmsBlogController.edit()','PUT',1,'admin',NULL,'/cms/blog','127.0.0.1','内网IP','{\"types\":[{\"createBy\":\"admin\",\"createTime\":1641223870000,\"updateBy\":\"\",\"typePic\":\"\",\"typeName\":\"阿萨的\",\"typeId\":10,\"params\":{},\"blogNum\":0},{\"createBy\":\"admin\",\"createTime\":1641223889000,\"updateBy\":\"\",\"typePic\":\"\",\"typeName\":\"啊啊\",\"typeId\":13,\"params\":{},\"blogNum\":0}],\"tagIds\":[20,24,25],\"updateTime\":1655082303922,\"params\":{},\"title\":\"阿萨\",\"type\":\"1\",\"content\":\"<h1 class=\\\"ql-align-center\\\">测试</h1><p>1.发生的地方阿萨的</p><p>2.啊手动阀</p><p>阿萨事实上</p>\",\"tags\":[{\"createBy\":\"admin\",\"createTime\":1641221405000,\"tagId\":20,\"updateBy\":\"\",\"params\":{},\"tagName\":\"啊实打实\",\"blogNum\":0},{\"createBy\":\"admin\",\"createTime\":1641223832000,\"tagId\":24,\"updateBy\":\"\",\"params\":{},\"tagName\":\"阿松大\",\"blogNum\":0},{\"createBy\":\"admin\",\"createTime\":1641223838000,\"tagId\":25,\"updateBy\":\"\",\"params\":{},\"tagName\":\"愤愤愤\",\"blogNum\":0}],\"blogPic\":\"/profile/upload/2022/06/13/17e6a094-718f-4726-bf76-708e37211527.jpg\",\"createBy\":\"admin\",\"top\":\"1\",\"createTime\":1641097526000,\"updateBy\":\"admin\",\"typeIds\":[10,13],\"blogDesc\":\"1111\",\"id\":7,\"views\":17,\"status\":\"1\"}','{\"msg\":\"操作成功\",\"code\":200}',0,NULL,'2022-06-13 09:05:03'),(20,'文章管理',2,'com.ruoyi.cms.blog.controller.CmsBlogController.edit()','PUT',1,'admin',NULL,'/cms/blog','127.0.0.1','内网IP','{\"types\":[{\"createBy\":\"admin\",\"createTime\":1641223870000,\"updateBy\":\"\",\"typePic\":\"\",\"typeName\":\"阿萨的\",\"typeId\":10,\"params\":{},\"blogNum\":0},{\"createBy\":\"admin\",\"createTime\":1641223889000,\"updateBy\":\"\",\"typePic\":\"\",\"typeName\":\"啊啊\",\"typeId\":13,\"params\":{},\"blogNum\":0}],\"tagIds\":[20,24,25],\"updateTime\":1655082373200,\"params\":{},\"title\":\"阿萨\",\"type\":\"1\",\"content\":\"<h1 class=\\\"ql-align-center\\\">测试</h1><p>1.发生的地方阿萨的</p><p>2.啊手动阀</p><p>阿萨事实上</p>\",\"tags\":[{\"createBy\":\"admin\",\"createTime\":1641221405000,\"tagId\":20,\"updateBy\":\"\",\"params\":{},\"tagName\":\"啊实打实\",\"blogNum\":0},{\"createBy\":\"admin\",\"createTime\":1641223832000,\"tagId\":24,\"updateBy\":\"\",\"params\":{},\"tagName\":\"阿松大\",\"blogNum\":0},{\"createBy\":\"admin\",\"createTime\":1641223838000,\"tagId\":25,\"updateBy\":\"\",\"params\":{},\"tagName\":\"愤愤愤\",\"blogNum\":0}],\"blogPic\":\"\",\"createBy\":\"admin\",\"top\":\"1\",\"createTime\":1641097526000,\"updateBy\":\"admin\",\"typeIds\":[10,13],\"blogDesc\":\"\",\"id\":7,\"views\":17,\"status\":\"1\"}','{\"msg\":\"操作成功\",\"code\":200}',0,NULL,'2022-06-13 09:06:13'),(21,'文章管理',2,'com.ruoyi.cms.blog.controller.CmsBlogController.edit()','PUT',1,'admin',NULL,'/cms/blog','127.0.0.1','内网IP','{\"types\":[{\"createBy\":\"admin\",\"createTime\":1641223870000,\"updateBy\":\"\",\"typePic\":\"\",\"typeName\":\"阿萨的\",\"typeId\":10,\"params\":{},\"blogNum\":0},{\"createBy\":\"admin\",\"createTime\":1641223889000,\"updateBy\":\"\",\"typePic\":\"\",\"typeName\":\"啊啊\",\"typeId\":13,\"params\":{},\"blogNum\":0}],\"tagIds\":[20,24,25],\"updateTime\":1655082750457,\"params\":{},\"title\":\"阿萨\",\"type\":\"1\",\"content\":\"<h1 class=\\\"ql-align-center\\\">测试</h1><p>1.发生的地方阿萨的</p><p>2.啊手动阀</p><p>阿萨事实上</p>\",\"tags\":[{\"createBy\":\"admin\",\"createTime\":1641221405000,\"tagId\":20,\"updateBy\":\"\",\"params\":{},\"tagName\":\"啊实打实\",\"blogNum\":0},{\"createBy\":\"admin\",\"createTime\":1641223832000,\"tagId\":24,\"updateBy\":\"\",\"params\":{},\"tagName\":\"阿松大\",\"blogNum\":0},{\"createBy\":\"admin\",\"createTime\":1641223838000,\"tagId\":25,\"updateBy\":\"\",\"params\":{},\"tagName\":\"愤愤愤\",\"blogNum\":0}],\"blogPic\":\"/profile/upload/2022/06/13/09ecbf24-1d65-40e0-aa0b-8781f0d100e4.jpg\",\"createBy\":\"admin\",\"top\":\"1\",\"createTime\":1641097526000,\"updateBy\":\"admin\",\"typeIds\":[10,13],\"blogDesc\":\"1111\",\"id\":7,\"views\":17,\"status\":\"1\"}','{\"msg\":\"操作成功\",\"code\":200}',0,NULL,'2022-06-13 09:12:30'),(22,'文章管理',2,'com.ruoyi.cms.blog.controller.CmsBlogController.edit()','PUT',1,'admin',NULL,'/cms/blog','127.0.0.1','内网IP','{\"types\":[{\"createBy\":\"admin\",\"createTime\":1641223870000,\"updateBy\":\"\",\"typePic\":\"\",\"typeName\":\"阿萨的\",\"typeId\":10,\"params\":{},\"blogNum\":0},{\"createBy\":\"admin\",\"createTime\":1641223889000,\"updateBy\":\"\",\"typePic\":\"\",\"typeName\":\"啊啊\",\"typeId\":13,\"params\":{},\"blogNum\":0}],\"tagIds\":[20,24,25],\"updateTime\":1655082757826,\"params\":{},\"title\":\"阿萨\",\"type\":\"1\",\"content\":\"<h1 class=\\\"ql-align-center\\\">测试</h1><p>1.发生的地方阿萨的</p><p>2.啊手动阀</p><p>阿萨事实上</p>\",\"tags\":[{\"createBy\":\"admin\",\"createTime\":1641221405000,\"tagId\":20,\"updateBy\":\"\",\"params\":{},\"tagName\":\"啊实打实\",\"blogNum\":0},{\"createBy\":\"admin\",\"createTime\":1641223832000,\"tagId\":24,\"updateBy\":\"\",\"params\":{},\"tagName\":\"阿松大\",\"blogNum\":0},{\"createBy\":\"admin\",\"createTime\":1641223838000,\"tagId\":25,\"updateBy\":\"\",\"params\":{},\"tagName\":\"愤愤愤\",\"blogNum\":0}],\"blogPic\":\"\",\"createBy\":\"admin\",\"top\":\"1\",\"createTime\":1641097526000,\"updateBy\":\"admin\",\"typeIds\":[10,13],\"blogDesc\":\"\",\"id\":7,\"views\":17,\"status\":\"1\"}','{\"msg\":\"操作成功\",\"code\":200}',0,NULL,'2022-06-13 09:12:37'),(23,'文章管理',1,'com.ruoyi.cms.blog.controller.CmsBlogController.add()','POST',1,'admin',NULL,'/cms/blog','127.0.0.1','内网IP','{\"tagIds\":[],\"params\":{},\"title\":\"测试\",\"type\":\"1\",\"createBy\":\"admin\",\"top\":\"0\",\"createTime\":1655082829600,\"typeIds\":[],\"id\":22,\"status\":\"1\"}','{\"msg\":\"操作成功\",\"code\":200,\"data\":22}',0,NULL,'2022-06-13 09:13:49'),(24,'文章管理',2,'com.ruoyi.cms.blog.controller.CmsBlogController.edit()','PUT',1,'admin',NULL,'/cms/blog','127.0.0.1','内网IP','{\"types\":[],\"tagIds\":[],\"updateTime\":1655082863197,\"params\":{},\"title\":\"测试\",\"type\":\"1\",\"tags\":[],\"blogPic\":\"/profile/upload/2022/06/13/9879dd8b-0c06-479b-bdaa-a80e5eb89996.jpg\",\"createBy\":\"admin\",\"top\":\"0\",\"createTime\":1655082830000,\"updateBy\":\"admin\",\"typeIds\":[],\"blogDesc\":\"1\",\"id\":22,\"views\":0,\"status\":\"1\"}','{\"msg\":\"操作成功\",\"code\":200}',0,NULL,'2022-06-13 09:14:23'),(25,'文章管理',2,'com.ruoyi.cms.blog.controller.CmsBlogController.edit()','PUT',1,'admin',NULL,'/cms/blog','127.0.0.1','内网IP','{\"types\":[],\"tagIds\":[],\"updateTime\":1655082870552,\"params\":{},\"title\":\"测试\",\"type\":\"1\",\"tags\":[],\"blogPic\":\"\",\"createBy\":\"admin\",\"top\":\"0\",\"createTime\":1655082830000,\"updateBy\":\"admin\",\"typeIds\":[],\"blogDesc\":\"\",\"id\":22,\"views\":0,\"status\":\"1\"}','{\"msg\":\"操作成功\",\"code\":200}',0,NULL,'2022-06-13 09:14:30'),(26,'文章管理',2,'com.ruoyi.cms.blog.controller.CmsBlogController.edit()','PUT',1,'admin',NULL,'/cms/blog','127.0.0.1','内网IP','{\"types\":[{\"createBy\":\"admin\",\"createTime\":1641223870000,\"updateBy\":\"\",\"typePic\":\"\",\"typeName\":\"阿萨的\",\"typeId\":10,\"params\":{},\"blogNum\":0},{\"createBy\":\"admin\",\"createTime\":1641223889000,\"updateBy\":\"\",\"typePic\":\"\",\"typeName\":\"啊啊\",\"typeId\":13,\"params\":{},\"blogNum\":0}],\"tagIds\":[20,24,25],\"updateTime\":1655089352096,\"params\":{},\"title\":\"阿萨\",\"type\":\"1\",\"content\":\"<h1 class=\\\"ql-align-center\\\">测试</h1><p>1.发生的地方阿萨的</p><p>2.啊手动阀</p><p>阿萨事实上</p>\",\"tags\":[{\"createBy\":\"admin\",\"createTime\":1641221405000,\"tagId\":20,\"updateBy\":\"\",\"params\":{},\"tagName\":\"啊实打实\",\"blogNum\":0},{\"createBy\":\"admin\",\"createTime\":1641223832000,\"tagId\":24,\"updateBy\":\"\",\"params\":{},\"tagName\":\"阿松大\",\"blogNum\":0},{\"createBy\":\"admin\",\"createTime\":1641223838000,\"tagId\":25,\"updateBy\":\"\",\"params\":{},\"tagName\":\"愤愤愤\",\"blogNum\":0}],\"blogPic\":\"\",\"createBy\":\"admin\",\"top\":\"1\",\"createTime\":1641097526000,\"updateBy\":\"admin\",\"typeIds\":[10,13],\"blogDesc\":\"置顶文章\",\"id\":7,\"views\":17,\"status\":\"1\"}','{\"msg\":\"操作成功\",\"code\":200}',0,NULL,'2022-06-13 11:02:32'),(27,'文章管理',2,'com.ruoyi.cms.blog.controller.CmsBlogController.edit()','PUT',1,'admin',NULL,'/cms/blog','127.0.0.1','内网IP','{\"types\":[],\"tagIds\":[],\"updateTime\":1655089395651,\"params\":{},\"title\":\"测试\",\"type\":\"1\",\"tags\":[],\"blogPic\":\"\",\"createBy\":\"admin\",\"top\":\"1\",\"createTime\":1655082830000,\"updateBy\":\"admin\",\"typeIds\":[],\"blogDesc\":\"萨达VS奥迪发奥迪发奥迪发答复答复答复奥迪奥迪发奥迪发奥迪发答复奥迪发奥迪发奥迪发奥迪发答复答复答复\",\"id\":22,\"views\":0,\"status\":\"1\"}','{\"msg\":\"操作成功\",\"code\":200}',0,NULL,'2022-06-13 11:03:15'),(28,'文章管理',2,'com.ruoyi.cms.blog.controller.CmsBlogController.edit()','PUT',1,'admin',NULL,'/cms/blog','127.0.0.1','内网IP','{\"types\":[],\"tagIds\":[],\"updateTime\":1655089425847,\"params\":{},\"title\":\"测试\",\"type\":\"1\",\"tags\":[],\"blogPic\":\"\",\"createBy\":\"admin\",\"top\":\"0\",\"createTime\":1655082830000,\"updateBy\":\"admin\",\"typeIds\":[],\"blogDesc\":\"萨达VS奥迪发奥迪发奥迪发答复答复答复奥迪奥迪发奥迪发奥迪发答复奥迪发奥迪发奥迪发奥迪发答复答复答复\",\"id\":22,\"views\":0,\"status\":\"1\"}','{\"msg\":\"操作成功\",\"code\":200}',0,NULL,'2022-06-13 11:03:45'),(29,'文章管理',2,'com.ruoyi.cms.blog.controller.CmsBlogController.edit()','PUT',1,'admin',NULL,'/cms/blog','127.0.0.1','内网IP','{\"types\":[],\"tagIds\":[],\"updateTime\":1655090296381,\"params\":{},\"title\":\"测试\",\"type\":\"1\",\"tags\":[],\"blogPic\":\"/profile/upload/2022/06/13/eb89b26a-24e9-49a1-9309-36b67bfd1e26.jpg\",\"createBy\":\"admin\",\"top\":\"0\",\"createTime\":1655082830000,\"updateBy\":\"admin\",\"typeIds\":[],\"blogDesc\":\"萨达VS奥迪发奥迪发奥迪发答复答复答复奥迪奥迪发奥迪发奥迪发答复奥迪发奥迪发奥迪发奥迪发答复答复答复\",\"id\":22,\"views\":2,\"status\":\"1\"}','{\"msg\":\"操作成功\",\"code\":200}',0,NULL,'2022-06-13 11:18:16'),(30,'文章管理',2,'com.ruoyi.cms.blog.controller.CmsBlogController.edit()','PUT',1,'admin',NULL,'/cms/blog','127.0.0.1','内网IP','{\"types\":[],\"tagIds\":[],\"updateTime\":1655090320152,\"params\":{},\"title\":\"测试\",\"type\":\"1\",\"tags\":[],\"blogPic\":\"\",\"createBy\":\"admin\",\"top\":\"0\",\"createTime\":1655082830000,\"updateBy\":\"admin\",\"typeIds\":[],\"blogDesc\":\"萨达VS奥迪发奥迪发奥迪发答复答复答复奥迪奥迪发奥迪发奥迪发答复奥迪发奥迪发奥迪发奥迪发答复答复答复\",\"id\":22,\"views\":2,\"status\":\"1\"}','{\"msg\":\"操作成功\",\"code\":200}',0,NULL,'2022-06-13 11:18:40'),(31,'文章管理',1,'com.ruoyi.cms.blog.controller.CmsBlogController.add()','POST',1,'admin',NULL,'/cms/blog','127.0.0.1','内网IP','{\"tagIds\":[],\"params\":{},\"title\":\"2\",\"type\":\"1\",\"createBy\":\"admin\",\"top\":\"0\",\"createTime\":1655090423899,\"typeIds\":[],\"id\":23,\"status\":\"1\"}','{\"msg\":\"操作成功\",\"code\":200,\"data\":23}',0,NULL,'2022-06-13 11:20:23'),(32,'文章管理',1,'com.ruoyi.cms.blog.controller.CmsBlogController.add()','POST',1,'admin',NULL,'/cms/blog','127.0.0.1','内网IP','{\"tagIds\":[],\"params\":{},\"title\":\"3\",\"type\":\"1\",\"createBy\":\"admin\",\"top\":\"0\",\"createTime\":1655090428846,\"typeIds\":[],\"id\":24,\"status\":\"1\"}','{\"msg\":\"操作成功\",\"code\":200,\"data\":24}',0,NULL,'2022-06-13 11:20:28'),(33,'文章管理',1,'com.ruoyi.cms.blog.controller.CmsBlogController.add()','POST',1,'admin',NULL,'/cms/blog','127.0.0.1','内网IP','{\"tagIds\":[],\"params\":{},\"title\":\"4\",\"type\":\"1\",\"createBy\":\"admin\",\"top\":\"0\",\"createTime\":1655090434324,\"typeIds\":[],\"id\":25,\"status\":\"1\"}','{\"msg\":\"操作成功\",\"code\":200,\"data\":25}',0,NULL,'2022-06-13 11:20:34'),(34,'文章管理',1,'com.ruoyi.cms.blog.controller.CmsBlogController.add()','POST',1,'admin',NULL,'/cms/blog','127.0.0.1','内网IP','{\"tagIds\":[],\"params\":{},\"title\":\"5\",\"type\":\"1\",\"createBy\":\"admin\",\"top\":\"0\",\"createTime\":1655091478518,\"typeIds\":[],\"id\":26,\"status\":\"1\"}','{\"msg\":\"操作成功\",\"code\":200,\"data\":26}',0,NULL,'2022-06-13 11:37:58'),(35,'文章管理',3,'com.ruoyi.cms.blog.controller.CmsBlogController.remove()','DELETE',1,'admin',NULL,'/cms/blog/26','127.0.0.1','内网IP','{ids=26}','{\"msg\":\"操作成功\",\"code\":200}',0,NULL,'2022-06-13 14:41:00'),(36,'文章管理',3,'com.ruoyi.cms.blog.controller.CmsBlogController.remove()','DELETE',1,'admin',NULL,'/cms/blog/25','127.0.0.1','内网IP','{ids=25}','{\"msg\":\"操作成功\",\"code\":200}',0,NULL,'2022-06-13 14:41:11'),(37,'文章管理',3,'com.ruoyi.cms.blog.controller.CmsBlogController.remove()','DELETE',1,'admin',NULL,'/cms/blog/24','127.0.0.1','内网IP','{ids=24}','{\"msg\":\"操作成功\",\"code\":200}',0,NULL,'2022-06-13 14:41:23'),(38,'文章管理',3,'com.ruoyi.cms.blog.controller.CmsBlogController.remove()','DELETE',1,'admin',NULL,'/cms/blog/23','127.0.0.1','内网IP','{ids=23}','{\"msg\":\"操作成功\",\"code\":200}',0,NULL,'2022-06-13 14:41:26'),(39,'文章管理',2,'com.ruoyi.cms.blog.controller.CmsBlogController.edit()','PUT',1,'admin',NULL,'/cms/blog','127.0.0.1','内网IP','{\"types\":[],\"tagIds\":[26,25,24,23,22,21,20],\"updateTime\":1655102508994,\"params\":{},\"title\":\"测试\",\"type\":\"1\",\"tags\":[],\"blogPic\":\"\",\"createBy\":\"admin\",\"top\":\"0\",\"createTime\":1655082830000,\"updateBy\":\"admin\",\"typeIds\":[16,14,13,11,10,15],\"blogDesc\":\"萨达VS奥迪发奥迪发奥迪发答复答复答复奥迪奥迪发奥迪发奥迪发答复奥迪发奥迪发奥迪发奥迪发答复答复答复\",\"id\":22,\"views\":2,\"status\":\"1\"}','{\"msg\":\"操作成功\",\"code\":200}',0,NULL,'2022-06-13 14:41:49'),(40,'文章管理',2,'com.ruoyi.cms.blog.controller.CmsBlogController.edit()','PUT',1,'admin',NULL,'/cms/blog','127.0.0.1','内网IP','{\"types\":[{\"createBy\":\"admin\",\"createTime\":1641223870000,\"updateBy\":\"\",\"typePic\":\"\",\"typeName\":\"阿萨的\",\"typeId\":10,\"params\":{},\"blogNum\":0},{\"createBy\":\"admin\",\"createTime\":1641223880000,\"updateBy\":\"\",\"typePic\":\"\",\"typeName\":\"人然\",\"typeId\":11,\"params\":{},\"blogNum\":0},{\"createBy\":\"admin\",\"createTime\":1641223889000,\"updateBy\":\"\",\"typePic\":\"\",\"typeName\":\"啊啊\",\"typeId\":13,\"params\":{},\"blogNum\":0},{\"createBy\":\"若依\",\"createTime\":1641277883000,\"updateBy\":\"admin\",\"typePic\":\"\",\"typeName\":\"若依\",\"typeId\":14,\"updateTime\":1644483360000,\"params\":{},\"blogNum\":0},{\"createBy\":\"admin\",\"createTime\":1641216944000,\"updateBy\":\"\",\"typePic\":\"\",\"typeName\":\"33\",\"typeId\":15,\"params\":{},\"blogNum\":0},{\"createBy\":\"admin\",\"createTime\":1654848530000,\"updateBy\":\"admin\",\"typePic\":\"\",\"typeName\":\"java\",\"typeId\":16,\"updateTime\":1655081179000,\"params\":{},\"blogNum\":0}],\"tagIds\":[20,21,22,23,24,25,26],\"updateTime\":1655103390898,\"params\":{},\"title\":\"测试\",\"type\":\"1\",\"tags\":[{\"createBy\":\"admin\",\"createTime\":1641221405000,\"tagId\":20,\"updateBy\":\"\",\"params\":{},\"tagName\":\"啊实打实\",\"blogNum\":0},{\"createBy\":\"admin\",\"createTime\":1641221423000,\"tagId\":21,\"updateBy\":\"\",\"params\":{},\"tagName\":\"打\",\"blogNum\":0},{\"createBy\":\"admin\",\"createTime\":1641221443000,\"tagId\":22,\"updateBy\":\"\",\"params\":{},\"tagName\":\"问问\",\"blogNum\":0},{\"createBy\":\"admin\",\"createTime\":1641223828000,\"tagId\":23,\"updateBy\":\"\",\"params\":{},\"tagName\":\"阿斯弗\",\"blogNum\":0},{\"createBy\":\"admin\",\"createTime\":1641223832000,\"tagId\":24,\"updateBy\":\"\",\"params\":{},\"tagName\":\"阿松大\",\"blogNum\":0},{\"createBy\":\"admin\",\"createTime\":1641223838000,\"tagId\":25,\"updateBy\":\"\",\"params\":{},\"tagName\":\"愤愤愤\",\"blogNum\":0},{\"createBy\":\"若依\",\"createTime\":1641278906000,\"tagId\":26,\"updateBy\":\"\",\"params\":{},\"tagName\":\"若依\",\"blogNum\":0}],\"blogPic\":\"/profile/upload/2022/06/13/1b2b7b5e-5a83-4620-b87b-35acaf9da950.jpg\",\"createBy\":\"admin\",\"top\":\"0\",\"createTime\":1655082830000,\"updateBy\":\"admin\",\"typeIds\":[10,11,13,14,15,16],\"blogDesc\":\"萨达VS奥迪发奥迪发奥迪发答复答复答复奥迪奥迪发奥迪发奥迪发答复奥迪发奥迪发奥迪发奥迪发答复答复答复\",\"id\":22,\"views\":2,\"status','{\"msg\":\"操作成功\",\"code\":200}',0,NULL,'2022-06-13 14:56:30'),(41,'文章管理',3,'com.ruoyi.cms.blog.controller.CmsBlogController.remove()','DELETE',1,'admin',NULL,'/cms/blog/20','127.0.0.1','内网IP','{ids=20}','{\"msg\":\"操作成功\",\"code\":200}',0,NULL,'2022-06-13 14:57:03'),(42,'文章管理',2,'com.ruoyi.cms.blog.controller.CmsBlogController.edit()','PUT',1,'admin',NULL,'/cms/blog','127.0.0.1','内网IP','{\"types\":[{\"createBy\":\"若依\",\"createTime\":1641277883000,\"updateBy\":\"admin\",\"typePic\":\"\",\"typeName\":\"若依\",\"typeId\":14,\"updateTime\":1644483360000,\"params\":{},\"blogNum\":0}],\"tagIds\":[26],\"updateTime\":1655103452650,\"params\":{},\"title\":\"是VSD v阿萨DVD v大是大非v阿斯蒂芬v地方\",\"type\":\"1\",\"content\":\"<p>1234555的风格</p>\",\"tags\":[{\"createBy\":\"若依\",\"createTime\":1641278906000,\"tagId\":26,\"updateBy\":\"\",\"params\":{},\"tagName\":\"若依\",\"blogNum\":0}],\"blogPic\":\"/profile/upload/2022/06/13/a0e3a25a-2b05-4128-8820-db5eb7cd98a9.jpg\",\"createBy\":\"admin\",\"top\":\"0\",\"createTime\":1641980454000,\"updateBy\":\"admin\",\"typeIds\":[14],\"id\":19,\"views\":133,\"status\":\"1\"}','{\"msg\":\"操作成功\",\"code\":200}',0,NULL,'2022-06-13 14:57:32'),(43,'文章管理',2,'com.ruoyi.cms.blog.controller.CmsBlogController.edit()','PUT',1,'admin',NULL,'/cms/blog','127.0.0.1','内网IP','{\"types\":[{\"createBy\":\"admin\",\"createTime\":1641223880000,\"updateBy\":\"\",\"typePic\":\"\",\"typeName\":\"人然\",\"typeId\":11,\"params\":{},\"blogNum\":0}],\"tagIds\":[21,25],\"updateTime\":1655103481866,\"params\":{},\"title\":\"阿斯顿v奥迪的vvv从vvc从v从 啊高富帅是否公司费格式发给非钢是法国四个非钢\",\"type\":\"1\",\"content\":\"<h2>此事阿萨的</h2><h3>啊手动阀</h3><p><em>啊</em><em style=\\\"color: rgb(230, 0, 0);\\\">发生</em><em>的</em></p><p><s>奥迪发</s></p><p><span style=\\\"background-color: rgb(255, 255, 0);\\\">是否</span></p><p><br></p><p><br></p><p><br></p><h2 class=\\\"ql-align-center\\\"><strong>奥迪</strong></h2><p><u>啊手动阀</u></p><p><br></p><p><br></p><p><br></p><blockquote>var a = 1;</blockquote><blockquote>for (let i = 0; i &lt;10; i++){</blockquote><blockquote>}</blockquote><pre class=\\\"ql-syntax\\\" spellcheck=\\\"false\\\">var a = 1;\\nfor (let i = 0; i &lt;10; i++){\\n}\\n</pre><p>123</p><p><br></p><p><a href=\\\"http://www.baidu.com\\\" rel=\\\"noopener noreferrer\\\" target=\\\"_blank\\\">百度</a></p>\",\"tags\":[{\"createBy\":\"admin\",\"createTime\":1641221423000,\"tagId\":21,\"updateBy\":\"\",\"params\":{},\"tagName\":\"打\",\"blogNum\":0},{\"createBy\":\"admin\",\"createTime\":1641223838000,\"tagId\":25,\"updateBy\":\"\",\"params\":{},\"tagName\":\"愤愤愤\",\"blogNum\":0}],\"blogPic\":\"/profile/upload/2022/06/13/574a6102-08b2-4928-b991-97aedc7df8f8.jpg\",\"createBy\":\"admin\",\"top\":\"0\",\"createTime\":1641347093000,\"updateBy\":\"admin\",\"typeIds\":[11],\"id\":16,\"views\":79,\"status\":\"1\"}','{\"msg\":\"操作成功\",\"code\":200}',0,NULL,'2022-06-13 14:58:01'),(44,'分类管理',2,'com.ruoyi.cms.type.controller.CmsTypeController.edit()','PUT',1,'admin',NULL,'/cms/type','127.0.0.1','内网IP','{\"createBy\":\"admin\",\"createTime\":1654848530000,\"updateBy\":\"admin\",\"typePic\":\"/profile/upload/2022/06/13/d9ed31b7-49b0-4590-9279-9b3948dfc660.jpg\",\"typeName\":\"java\",\"typeId\":16,\"updateTime\":1655103526214,\"params\":{},\"blogNum\":0}','{\"msg\":\"操作成功\",\"code\":200}',0,NULL,'2022-06-13 14:58:46'),(45,'分类管理',2,'com.ruoyi.cms.type.controller.CmsTypeController.edit()','PUT',1,'admin',NULL,'/cms/type','127.0.0.1','内网IP','{\"createBy\":\"admin\",\"createTime\":1654848530000,\"updateBy\":\"admin\",\"typePic\":\"\",\"typeName\":\"java\",\"typeId\":16,\"updateTime\":1655104476895,\"params\":{},\"blogNum\":0}','{\"msg\":\"操作成功\",\"code\":200}',0,NULL,'2022-06-13 15:14:36'),(46,'文章管理',2,'com.ruoyi.cms.blog.controller.CmsBlogController.edit()','PUT',1,'admin',NULL,'/cms/blog','127.0.0.1','内网IP','{\"types\":[{\"createBy\":\"admin\",\"createTime\":1641223870000,\"updateBy\":\"\",\"typePic\":\"\",\"typeName\":\"阿萨的\",\"typeId\":10,\"params\":{},\"blogNum\":0},{\"createBy\":\"admin\",\"createTime\":1641223880000,\"updateBy\":\"\",\"typePic\":\"\",\"typeName\":\"人然\",\"typeId\":11,\"params\":{},\"blogNum\":0},{\"createBy\":\"admin\",\"createTime\":1641223889000,\"updateBy\":\"\",\"typePic\":\"\",\"typeName\":\"啊啊\",\"typeId\":13,\"params\":{},\"blogNum\":0},{\"createBy\":\"若依\",\"createTime\":1641277883000,\"updateBy\":\"admin\",\"typePic\":\"\",\"typeName\":\"若依\",\"typeId\":14,\"updateTime\":1644483360000,\"params\":{},\"blogNum\":0},{\"createBy\":\"admin\",\"createTime\":1641216944000,\"updateBy\":\"\",\"typePic\":\"\",\"typeName\":\"33\",\"typeId\":15,\"params\":{},\"blogNum\":0},{\"createBy\":\"admin\",\"createTime\":1654848530000,\"updateBy\":\"admin\",\"typePic\":\"\",\"typeName\":\"java\",\"typeId\":16,\"updateTime\":1655104477000,\"params\":{},\"blogNum\":0}],\"tagIds\":[20,21,22,23,24,25,26],\"updateTime\":1655104485177,\"params\":{},\"title\":\"测试\",\"type\":\"1\",\"tags\":[{\"createBy\":\"admin\",\"createTime\":1641221405000,\"tagId\":20,\"updateBy\":\"\",\"params\":{},\"tagName\":\"啊实打实\",\"blogNum\":0},{\"createBy\":\"admin\",\"createTime\":1641221423000,\"tagId\":21,\"updateBy\":\"\",\"params\":{},\"tagName\":\"打\",\"blogNum\":0},{\"createBy\":\"admin\",\"createTime\":1641221443000,\"tagId\":22,\"updateBy\":\"\",\"params\":{},\"tagName\":\"问问\",\"blogNum\":0},{\"createBy\":\"admin\",\"createTime\":1641223828000,\"tagId\":23,\"updateBy\":\"\",\"params\":{},\"tagName\":\"阿斯弗\",\"blogNum\":0},{\"createBy\":\"admin\",\"createTime\":1641223832000,\"tagId\":24,\"updateBy\":\"\",\"params\":{},\"tagName\":\"阿松大\",\"blogNum\":0},{\"createBy\":\"admin\",\"createTime\":1641223838000,\"tagId\":25,\"updateBy\":\"\",\"params\":{},\"tagName\":\"愤愤愤\",\"blogNum\":0},{\"createBy\":\"若依\",\"createTime\":1641278906000,\"tagId\":26,\"updateBy\":\"\",\"params\":{},\"tagName\":\"若依\",\"blogNum\":0}],\"blogPic\":\"\",\"createBy\":\"admin\",\"top\":\"0\",\"createTime\":1655082830000,\"updateBy\":\"admin\",\"typeIds\":[10,11,13,14,15,16],\"blogDesc\":\"萨达VS奥迪发奥迪发奥迪发答复答复答复奥迪奥迪发奥迪发奥迪发答复奥迪发奥迪发奥迪发奥迪发答复答复答复\",\"id\":22,\"views\":3,\"status\":\"1\"}','{\"msg\":\"操作成功\",\"code\":200}',0,NULL,'2022-06-13 15:14:45'),(47,'文章管理',2,'com.ruoyi.cms.blog.controller.CmsBlogController.edit()','PUT',1,'admin',NULL,'/cms/blog','127.0.0.1','内网IP','{\"types\":[{\"createBy\":\"若依\",\"createTime\":1641277883000,\"updateBy\":\"admin\",\"typePic\":\"\",\"typeName\":\"若依\",\"typeId\":14,\"updateTime\":1644483360000,\"params\":{},\"blogNum\":0}],\"tagIds\":[26],\"updateTime\":1655104490134,\"params\":{},\"title\":\"是VSD v阿萨DVD v大是大非v阿斯蒂芬v地方\",\"type\":\"1\",\"content\":\"<p>1234555的风格</p>\",\"tags\":[{\"createBy\":\"若依\",\"createTime\":1641278906000,\"tagId\":26,\"updateBy\":\"\",\"params\":{},\"tagName\":\"若依\",\"blogNum\":0}],\"blogPic\":\"\",\"createBy\":\"admin\",\"top\":\"0\",\"createTime\":1641980454000,\"updateBy\":\"admin\",\"typeIds\":[14],\"id\":19,\"views\":133,\"status\":\"1\"}','{\"msg\":\"操作成功\",\"code\":200}',0,NULL,'2022-06-13 15:14:50'),(48,'文章管理',2,'com.ruoyi.cms.blog.controller.CmsBlogController.edit()','PUT',1,'admin',NULL,'/cms/blog','127.0.0.1','内网IP','{\"types\":[{\"createBy\":\"admin\",\"createTime\":1641223880000,\"updateBy\":\"\",\"typePic\":\"\",\"typeName\":\"人然\",\"typeId\":11,\"params\":{},\"blogNum\":0}],\"tagIds\":[21,25],\"updateTime\":1655104495721,\"params\":{},\"title\":\"阿斯顿v奥迪的vvv从vvc从v从 啊高富帅是否公司费格式发给非钢是法国四个非钢\",\"type\":\"1\",\"content\":\"<h2>此事阿萨的</h2><h3>啊手动阀</h3><p><em>啊</em><em style=\\\"color: rgb(230, 0, 0);\\\">发生</em><em>的</em></p><p><s>奥迪发</s></p><p><span style=\\\"background-color: rgb(255, 255, 0);\\\">是否</span></p><p><br></p><p><br></p><p><br></p><p><br></p><h2 class=\\\"ql-align-center\\\"><strong>奥迪</strong></h2><p><u>啊手动阀</u></p><p><br></p><p><br></p><p><br></p><p><br></p><blockquote>var a = 1;</blockquote><blockquote>for (let i = 0; i &lt;10; i++){</blockquote><blockquote>}</blockquote><pre class=\\\"ql-syntax\\\" spellcheck=\\\"false\\\">var a = 1;\\nfor (let i = 0; i &lt;10; i++){\\n}\\n</pre><p>123</p><p><br></p><p><a href=\\\"http://www.baidu.com\\\" rel=\\\"noopener noreferrer\\\" target=\\\"_blank\\\">百度</a></p>\",\"tags\":[{\"createBy\":\"admin\",\"createTime\":1641221423000,\"tagId\":21,\"updateBy\":\"\",\"params\":{},\"tagName\":\"打\",\"blogNum\":0},{\"createBy\":\"admin\",\"createTime\":1641223838000,\"tagId\":25,\"updateBy\":\"\",\"params\":{},\"tagName\":\"愤愤愤\",\"blogNum\":0}],\"blogPic\":\"\",\"createBy\":\"admin\",\"top\":\"0\",\"createTime\":1641347093000,\"updateBy\":\"admin\",\"typeIds\":[11],\"id\":16,\"views\":79,\"status\":\"1\"}','{\"msg\":\"操作成功\",\"code\":200}',0,NULL,'2022-06-13 15:14:55'),(49,'文章管理',3,'com.ruoyi.cms.blog.controller.CmsBlogController.remove()','DELETE',1,'admin',NULL,'/cms/blog/21','127.0.0.1','内网IP','{ids=21}','{\"msg\":\"操作成功\",\"code\":200}',0,NULL,'2022-06-13 15:27:27'),(50,'文章管理',2,'com.ruoyi.cms.blog.controller.CmsBlogController.edit()','PUT',1,'admin',NULL,'/cms/blog','127.0.0.1','内网IP','{\"types\":[{\"createBy\":\"admin\",\"createTime\":1641223870000,\"updateBy\":\"\",\"typePic\":\"\",\"typeName\":\"阿萨的\",\"typeId\":10,\"params\":{},\"blogNum\":0},{\"createBy\":\"admin\",\"createTime\":1641223889000,\"updateBy\":\"\",\"typePic\":\"\",\"typeName\":\"啊啊\",\"typeId\":13,\"params\":{},\"blogNum\":0}],\"tagIds\":[20,24,25],\"updateTime\":1655200174466,\"params\":{},\"title\":\"阿萨\",\"type\":\"1\",\"content\":\"<h1 class=\\\"ql-align-center\\\">测试</h1><p>1.发生的地方阿萨的</p><p>2.啊手动阀</p><p>阿萨事实上</p>\",\"tags\":[{\"createBy\":\"admin\",\"createTime\":1641221405000,\"tagId\":20,\"updateBy\":\"\",\"params\":{},\"tagName\":\"啊实打实\",\"blogNum\":0},{\"createBy\":\"admin\",\"createTime\":1641223832000,\"tagId\":24,\"updateBy\":\"\",\"params\":{},\"tagName\":\"阿松大\",\"blogNum\":0},{\"createBy\":\"admin\",\"createTime\":1641223838000,\"tagId\":25,\"updateBy\":\"\",\"params\":{},\"tagName\":\"愤愤愤\",\"blogNum\":0}],\"blogPic\":\"/profile/upload/2022/06/14/44119643-1fa9-4963-8752-4cccefce523d.jpg\",\"createBy\":\"admin\",\"top\":\"1\",\"createTime\":1641097526000,\"updateBy\":\"admin\",\"typeIds\":[10,13],\"blogDesc\":\"置顶文章\",\"id\":7,\"views\":21,\"status\":\"1\"}','{\"msg\":\"操作成功\",\"code\":200}',0,NULL,'2022-06-14 17:49:34'),(51,'文章管理',2,'com.ruoyi.cms.blog.controller.CmsBlogController.edit()','PUT',1,'admin',NULL,'/cms/blog','127.0.0.1','内网IP','{\"types\":[{\"createBy\":\"admin\",\"createTime\":1641223870000,\"updateBy\":\"\",\"typePic\":\"\",\"typeName\":\"阿萨的\",\"typeId\":10,\"params\":{},\"blogNum\":0},{\"createBy\":\"admin\",\"createTime\":1641223889000,\"updateBy\":\"\",\"typePic\":\"\",\"typeName\":\"啊啊\",\"typeId\":13,\"params\":{},\"blogNum\":0}],\"tagIds\":[20,24,25],\"updateTime\":1655200459176,\"params\":{},\"title\":\"阿萨\",\"type\":\"1\",\"content\":\"<h1 class=\\\"ql-align-center\\\">测试</h1><p>1.发生的地方阿萨的</p><p>2.啊手动阀</p><p>阿萨事实上</p>\",\"tags\":[{\"createBy\":\"admin\",\"createTime\":1641221405000,\"tagId\":20,\"updateBy\":\"\",\"params\":{},\"tagName\":\"啊实打实\",\"blogNum\":0},{\"createBy\":\"admin\",\"createTime\":1641223832000,\"tagId\":24,\"updateBy\":\"\",\"params\":{},\"tagName\":\"阿松大\",\"blogNum\":0},{\"createBy\":\"admin\",\"createTime\":1641223838000,\"tagId\":25,\"updateBy\":\"\",\"params\":{},\"tagName\":\"愤愤愤\",\"blogNum\":0}],\"blogPic\":\"\",\"createBy\":\"admin\",\"top\":\"1\",\"createTime\":1641097526000,\"updateBy\":\"admin\",\"typeIds\":[10,13],\"blogDesc\":\"置顶文章\",\"id\":7,\"views\":21,\"status\":\"1\"}','{\"msg\":\"操作成功\",\"code\":200}',0,NULL,'2022-06-14 17:54:19'),(52,'文章管理',2,'com.ruoyi.cms.blog.controller.CmsBlogController.edit()','PUT',1,'admin',NULL,'/cms/blog','127.0.0.1','内网IP','{\"types\":[{\"createBy\":\"admin\",\"createTime\":1641223870000,\"updateBy\":\"\",\"typePic\":\"\",\"typeName\":\"阿萨的\",\"typeId\":10,\"params\":{},\"blogNum\":0},{\"createBy\":\"admin\",\"createTime\":1641223889000,\"updateBy\":\"\",\"typePic\":\"\",\"typeName\":\"啊啊\",\"typeId\":13,\"params\":{},\"blogNum\":0}],\"tagIds\":[20,24,25],\"updateTime\":1655200471177,\"params\":{},\"title\":\"阿萨\",\"type\":\"1\",\"content\":\"<h1 class=\\\"ql-align-center\\\">测试</h1><p>1.发生的地方阿萨的</p><p>2.啊手动阀</p><p>阿萨事实上</p>\",\"tags\":[{\"createBy\":\"admin\",\"createTime\":1641221405000,\"tagId\":20,\"updateBy\":\"\",\"params\":{},\"tagName\":\"啊实打实\",\"blogNum\":0},{\"createBy\":\"admin\",\"createTime\":1641223832000,\"tagId\":24,\"updateBy\":\"\",\"params\":{},\"tagName\":\"阿松大\",\"blogNum\":0},{\"createBy\":\"admin\",\"createTime\":1641223838000,\"tagId\":25,\"updateBy\":\"\",\"params\":{},\"tagName\":\"愤愤愤\",\"blogNum\":0}],\"blogPic\":\"/profile/upload/2022/06/14/6142a7e1-4ed8-4fce-97a6-10140aea2354.jpg\",\"createBy\":\"admin\",\"top\":\"1\",\"createTime\":1641097526000,\"updateBy\":\"admin\",\"typeIds\":[10,13],\"blogDesc\":\"置顶文章\",\"id\":7,\"views\":21,\"status\":\"1\"}','{\"msg\":\"操作成功\",\"code\":200}',0,NULL,'2022-06-14 17:54:31'),(53,'文章管理',2,'com.ruoyi.cms.blog.controller.CmsBlogController.edit()','PUT',1,'admin',NULL,'/cms/blog','127.0.0.1','内网IP','{\"types\":[{\"createBy\":\"admin\",\"createTime\":1641223870000,\"updateBy\":\"\",\"typePic\":\"\",\"typeName\":\"阿萨的\",\"typeId\":10,\"params\":{},\"blogNum\":0},{\"createBy\":\"admin\",\"createTime\":1641223889000,\"updateBy\":\"\",\"typePic\":\"\",\"typeName\":\"啊啊\",\"typeId\":13,\"params\":{},\"blogNum\":0}],\"tagIds\":[20,24,25],\"updateTime\":1655202098677,\"params\":{},\"title\":\"阿萨\",\"type\":\"1\",\"content\":\"<h1 class=\\\"ql-align-center\\\">测试</h1><p>1.发生的地方阿萨的</p><p>2.啊手动阀</p><p>阿萨事实上</p>\",\"tags\":[{\"createBy\":\"admin\",\"createTime\":1641221405000,\"tagId\":20,\"updateBy\":\"\",\"params\":{},\"tagName\":\"啊实打实\",\"blogNum\":0},{\"createBy\":\"admin\",\"createTime\":1641223832000,\"tagId\":24,\"updateBy\":\"\",\"params\":{},\"tagName\":\"阿松大\",\"blogNum\":0},{\"createBy\":\"admin\",\"createTime\":1641223838000,\"tagId\":25,\"updateBy\":\"\",\"params\":{},\"tagName\":\"愤愤愤\",\"blogNum\":0}],\"blogPic\":\"\",\"createBy\":\"admin\",\"top\":\"1\",\"createTime\":1641097526000,\"updateBy\":\"admin\",\"typeIds\":[10,13],\"blogDesc\":\"置顶文章\",\"id\":7,\"views\":21,\"status\":\"1\"}','{\"msg\":\"操作成功\",\"code\":200}',0,NULL,'2022-06-14 18:21:38'),(54,'文章管理',2,'com.ruoyi.cms.blog.controller.CmsBlogController.edit()','PUT',1,'admin',NULL,'/cms/blog','127.0.0.1','内网IP','{\"types\":[{\"createBy\":\"admin\",\"createTime\":1641223870000,\"updateBy\":\"\",\"typePic\":\"\",\"typeName\":\"阿萨的\",\"typeId\":10,\"params\":{},\"blogNum\":0},{\"createBy\":\"admin\",\"createTime\":1641223889000,\"updateBy\":\"\",\"typePic\":\"\",\"typeName\":\"啊啊\",\"typeId\":13,\"params\":{},\"blogNum\":0}],\"tagIds\":[20,24,25],\"updateTime\":1655252127390,\"params\":{},\"title\":\"阿萨\",\"type\":\"1\",\"content\":\"<h1 class=\\\"ql-align-center\\\">测试</h1><p>1.发生的地方阿萨的</p><p>2.啊手动阀</p><p>阿萨事实上</p>\",\"tags\":[{\"createBy\":\"admin\",\"createTime\":1641221405000,\"tagId\":20,\"updateBy\":\"\",\"params\":{},\"tagName\":\"啊实打实\",\"blogNum\":0},{\"createBy\":\"admin\",\"createTime\":1641223832000,\"tagId\":24,\"updateBy\":\"\",\"params\":{},\"tagName\":\"阿松大\",\"blogNum\":0},{\"createBy\":\"admin\",\"createTime\":1641223838000,\"tagId\":25,\"updateBy\":\"\",\"params\":{},\"tagName\":\"愤愤愤\",\"blogNum\":0}],\"blogPic\":\"/profile/upload/2022/06/15/95bf30dd-24d1-4757-8f4e-0527939b1cd0.jpg\",\"createBy\":\"admin\",\"top\":\"1\",\"createTime\":1641097526000,\"updateBy\":\"admin\",\"typeIds\":[10,13],\"blogDesc\":\"置顶文章\",\"id\":7,\"views\":21,\"status\":\"1\"}','{\"msg\":\"操作成功\",\"code\":200}',0,NULL,'2022-06-15 08:15:27'),(55,'文章管理',2,'com.ruoyi.cms.blog.controller.CmsBlogController.edit()','PUT',1,'admin',NULL,'/cms/blog','127.0.0.1','内网IP','{\"types\":[{\"createBy\":\"admin\",\"createTime\":1641223870000,\"updateBy\":\"\",\"typePic\":\"\",\"typeName\":\"阿萨的\",\"typeId\":10,\"params\":{},\"blogNum\":0},{\"createBy\":\"admin\",\"createTime\":1641223889000,\"updateBy\":\"\",\"typePic\":\"\",\"typeName\":\"啊啊\",\"typeId\":13,\"params\":{},\"blogNum\":0}],\"tagIds\":[20,24,25],\"updateTime\":1655252140428,\"params\":{},\"title\":\"阿萨\",\"type\":\"1\",\"content\":\"<h1 class=\\\"ql-align-center\\\">测试</h1><p>1.发生的地方阿萨的</p><p>2.啊手动阀</p><p>阿萨事实上</p>\",\"tags\":[{\"createBy\":\"admin\",\"createTime\":1641221405000,\"tagId\":20,\"updateBy\":\"\",\"params\":{},\"tagName\":\"啊实打实\",\"blogNum\":0},{\"createBy\":\"admin\",\"createTime\":1641223832000,\"tagId\":24,\"updateBy\":\"\",\"params\":{},\"tagName\":\"阿松大\",\"blogNum\":0},{\"createBy\":\"admin\",\"createTime\":1641223838000,\"tagId\":25,\"updateBy\":\"\",\"params\":{},\"tagName\":\"愤愤愤\",\"blogNum\":0}],\"blogPic\":\"\",\"createBy\":\"admin\",\"top\":\"1\",\"createTime\":1641097526000,\"updateBy\":\"admin\",\"typeIds\":[10,13],\"blogDesc\":\"置顶文章\",\"id\":7,\"views\":21,\"status\":\"1\"}','{\"msg\":\"操作成功\",\"code\":200}',0,NULL,'2022-06-15 08:15:40'),(56,'文章管理',2,'com.ruoyi.cms.blog.controller.CmsBlogController.edit()','PUT',1,'admin',NULL,'/cms/blog','127.0.0.1','内网IP','{\"types\":[{\"createBy\":\"admin\",\"createTime\":1641223870000,\"updateBy\":\"\",\"typePic\":\"\",\"typeName\":\"阿萨的\",\"typeId\":10,\"params\":{},\"blogNum\":0},{\"createBy\":\"admin\",\"createTime\":1641223889000,\"updateBy\":\"\",\"typePic\":\"\",\"typeName\":\"啊啊\",\"typeId\":13,\"params\":{},\"blogNum\":0}],\"tagIds\":[20,24,25],\"updateTime\":1655252385679,\"params\":{},\"title\":\"阿萨\",\"type\":\"1\",\"content\":\"<h1 class=\\\"ql-align-center\\\">测试</h1><p>1.发生的地方阿萨的</p><p>2.啊手动阀</p><p>阿萨事实上</p>\",\"tags\":[{\"createBy\":\"admin\",\"createTime\":1641221405000,\"tagId\":20,\"updateBy\":\"\",\"params\":{},\"tagName\":\"啊实打实\",\"blogNum\":0},{\"createBy\":\"admin\",\"createTime\":1641223832000,\"tagId\":24,\"updateBy\":\"\",\"params\":{},\"tagName\":\"阿松大\",\"blogNum\":0},{\"createBy\":\"admin\",\"createTime\":1641223838000,\"tagId\":25,\"updateBy\":\"\",\"params\":{},\"tagName\":\"愤愤愤\",\"blogNum\":0}],\"blogPic\":\"/profile/upload/2022/06/15/9c6698b6-2a7a-452b-a0a2-a5275e2363e3.jpg\",\"createBy\":\"admin\",\"top\":\"1\",\"createTime\":1641097526000,\"updateBy\":\"admin\",\"typeIds\":[10,13],\"blogDesc\":\"置顶文章\",\"id\":7,\"views\":21,\"status\":\"1\"}','{\"msg\":\"操作成功\",\"code\":200}',0,NULL,'2022-06-15 08:19:45'),(57,'文章管理',2,'com.ruoyi.cms.blog.controller.CmsBlogController.edit()','PUT',1,'admin',NULL,'/cms/blog','127.0.0.1','内网IP','{\"types\":[{\"createBy\":\"admin\",\"createTime\":1641223870000,\"updateBy\":\"\",\"typePic\":\"\",\"typeName\":\"阿萨的\",\"typeId\":10,\"params\":{},\"blogNum\":0},{\"createBy\":\"admin\",\"createTime\":1641223889000,\"updateBy\":\"\",\"typePic\":\"\",\"typeName\":\"啊啊\",\"typeId\":13,\"params\":{},\"blogNum\":0}],\"tagIds\":[20,24,25],\"updateTime\":1655252407795,\"params\":{},\"title\":\"阿萨\",\"type\":\"1\",\"content\":\"<h1 class=\\\"ql-align-center\\\">测试</h1><p>1.发生的地方阿萨的</p><p>2.啊手动阀</p><p>阿萨事实上</p>\",\"tags\":[{\"createBy\":\"admin\",\"createTime\":1641221405000,\"tagId\":20,\"updateBy\":\"\",\"params\":{},\"tagName\":\"啊实打实\",\"blogNum\":0},{\"createBy\":\"admin\",\"createTime\":1641223832000,\"tagId\":24,\"updateBy\":\"\",\"params\":{},\"tagName\":\"阿松大\",\"blogNum\":0},{\"createBy\":\"admin\",\"createTime\":1641223838000,\"tagId\":25,\"updateBy\":\"\",\"params\":{},\"tagName\":\"愤愤愤\",\"blogNum\":0}],\"blogPic\":\"\",\"createBy\":\"admin\",\"top\":\"1\",\"createTime\":1641097526000,\"updateBy\":\"admin\",\"typeIds\":[10,13],\"blogDesc\":\"置顶文章\",\"id\":7,\"views\":21,\"status\":\"1\"}','{\"msg\":\"操作成功\",\"code\":200}',0,NULL,'2022-06-15 08:20:07'),(58,'文章管理',2,'com.ruoyi.cms.blog.controller.CmsBlogController.edit()','PUT',1,'admin',NULL,'/cms/blog','127.0.0.1','内网IP','{\"types\":[{\"createBy\":\"admin\",\"createTime\":1641223870000,\"updateBy\":\"\",\"typePic\":\"\",\"typeName\":\"阿萨的\",\"typeId\":10,\"params\":{},\"blogNum\":0},{\"createBy\":\"admin\",\"createTime\":1641223889000,\"updateBy\":\"\",\"typePic\":\"\",\"typeName\":\"啊啊\",\"typeId\":13,\"params\":{},\"blogNum\":0}],\"tagIds\":[20,24,25],\"updateTime\":1655277823272,\"params\":{},\"title\":\"阿萨\",\"type\":\"1\",\"content\":\"<h1 class=\\\"ql-align-center\\\">测试</h1><p>1.发生的地方阿萨的</p><p>2.啊手动阀</p><p>阿萨事实上</p>\",\"tags\":[{\"createBy\":\"admin\",\"createTime\":1641221405000,\"tagId\":20,\"updateBy\":\"\",\"params\":{},\"tagName\":\"啊实打实\",\"blogNum\":0},{\"createBy\":\"admin\",\"createTime\":1641223832000,\"tagId\":24,\"updateBy\":\"\",\"params\":{},\"tagName\":\"阿松大\",\"blogNum\":0},{\"createBy\":\"admin\",\"createTime\":1641223838000,\"tagId\":25,\"updateBy\":\"\",\"params\":{},\"tagName\":\"愤愤愤\",\"blogNum\":0}],\"blogPic\":\"/profile/upload/2022/06/15/b8f9d310-2faa-45ce-a953-0fd740761c88.jpg\",\"createBy\":\"admin\",\"top\":\"1\",\"createTime\":1641097526000,\"updateBy\":\"admin\",\"typeIds\":[10,13],\"blogDesc\":\"置顶文章\",\"id\":7,\"views\":21,\"status\":\"1\"}','{\"msg\":\"操作成功\",\"code\":200}',0,NULL,'2022-06-15 15:23:43'),(59,'文章管理',2,'com.ruoyi.cms.blog.controller.CmsBlogController.edit()','PUT',1,'admin',NULL,'/cms/blog','127.0.0.1','内网IP','{\"types\":[{\"createBy\":\"admin\",\"createTime\":1641223870000,\"updateBy\":\"\",\"typePic\":\"\",\"typeName\":\"阿萨的\",\"typeId\":10,\"params\":{},\"blogNum\":0},{\"createBy\":\"admin\",\"createTime\":1641223889000,\"updateBy\":\"\",\"typePic\":\"\",\"typeName\":\"啊啊\",\"typeId\":13,\"params\":{},\"blogNum\":0}],\"tagIds\":[20,24,25],\"updateTime\":1655277925006,\"params\":{},\"title\":\"阿萨\",\"type\":\"1\",\"content\":\"<h1 class=\\\"ql-align-center\\\">测试</h1><p>1.发生的地方阿萨的</p><p>2.啊手动阀</p><p>阿萨事实上</p>\",\"tags\":[{\"createBy\":\"admin\",\"createTime\":1641221405000,\"tagId\":20,\"updateBy\":\"\",\"params\":{},\"tagName\":\"啊实打实\",\"blogNum\":0},{\"createBy\":\"admin\",\"createTime\":1641223832000,\"tagId\":24,\"updateBy\":\"\",\"params\":{},\"tagName\":\"阿松大\",\"blogNum\":0},{\"createBy\":\"admin\",\"createTime\":1641223838000,\"tagId\":25,\"updateBy\":\"\",\"params\":{},\"tagName\":\"愤愤愤\",\"blogNum\":0}],\"blogPic\":\"\",\"createBy\":\"admin\",\"top\":\"1\",\"createTime\":1641097526000,\"updateBy\":\"admin\",\"typeIds\":[10,13],\"blogDesc\":\"置顶文章\",\"id\":7,\"views\":21,\"status\":\"1\"}','{\"msg\":\"操作成功\",\"code\":200}',0,NULL,'2022-06-15 15:25:25'),(60,'文章管理',2,'com.ruoyi.cms.blog.controller.CmsBlogController.edit()','PUT',1,'admin',NULL,'/cms/blog','127.0.0.1','内网IP','{\"types\":[{\"createBy\":\"admin\",\"createTime\":1641223870000,\"updateBy\":\"\",\"typePic\":\"\",\"typeName\":\"阿萨的\",\"typeId\":10,\"params\":{},\"blogNum\":0},{\"createBy\":\"admin\",\"createTime\":1641223889000,\"updateBy\":\"\",\"typePic\":\"\",\"typeName\":\"啊啊\",\"typeId\":13,\"params\":{},\"blogNum\":0}],\"tagIds\":[20,24,25],\"updateTime\":1655281507813,\"params\":{},\"title\":\"阿萨\",\"type\":\"1\",\"content\":\"<h1 class=\\\"ql-align-center\\\">测试</h1><p>1.发生的地方阿萨的</p><p>2.啊手动阀</p><p>阿萨事实上</p>\",\"tags\":[{\"createBy\":\"admin\",\"createTime\":1641221405000,\"tagId\":20,\"updateBy\":\"\",\"params\":{},\"tagName\":\"啊实打实\",\"blogNum\":0},{\"createBy\":\"admin\",\"createTime\":1641223832000,\"tagId\":24,\"updateBy\":\"\",\"params\":{},\"tagName\":\"阿松大\",\"blogNum\":0},{\"createBy\":\"admin\",\"createTime\":1641223838000,\"tagId\":25,\"updateBy\":\"\",\"params\":{},\"tagName\":\"愤愤愤\",\"blogNum\":0}],\"blogPic\":\"/profile/upload/2022/06/15/a54bb98f-ec5c-4aa6-a637-77f95f62cbeb.jpg\",\"createBy\":\"admin\",\"top\":\"1\",\"createTime\":1641097526000,\"updateBy\":\"admin\",\"typeIds\":[10,13],\"blogDesc\":\"置顶文章\",\"id\":7,\"views\":21,\"status\":\"1\"}','{\"msg\":\"操作成功\",\"code\":200}',0,NULL,'2022-06-15 16:25:07'),(61,'文章管理',2,'com.ruoyi.cms.blog.controller.CmsBlogController.edit()','PUT',1,'admin',NULL,'/cms/blog','127.0.0.1','内网IP','{\"types\":[{\"createBy\":\"admin\",\"createTime\":1641223870000,\"updateBy\":\"\",\"typePic\":\"\",\"typeName\":\"阿萨的\",\"typeId\":10,\"params\":{},\"blogNum\":0},{\"createBy\":\"admin\",\"createTime\":1641223889000,\"updateBy\":\"\",\"typePic\":\"\",\"typeName\":\"啊啊\",\"typeId\":13,\"params\":{},\"blogNum\":0}],\"tagIds\":[20,24,25],\"updateTime\":1655281526011,\"params\":{},\"title\":\"阿萨\",\"type\":\"1\",\"content\":\"<h1 class=\\\"ql-align-center\\\">测试</h1><p>1.发生的地方阿萨的</p><p>2.啊手动阀</p><p>阿萨事实上</p>\",\"tags\":[{\"createBy\":\"admin\",\"createTime\":1641221405000,\"tagId\":20,\"updateBy\":\"\",\"params\":{},\"tagName\":\"啊实打实\",\"blogNum\":0},{\"createBy\":\"admin\",\"createTime\":1641223832000,\"tagId\":24,\"updateBy\":\"\",\"params\":{},\"tagName\":\"阿松大\",\"blogNum\":0},{\"createBy\":\"admin\",\"createTime\":1641223838000,\"tagId\":25,\"updateBy\":\"\",\"params\":{},\"tagName\":\"愤愤愤\",\"blogNum\":0}],\"blogPic\":\"\",\"createBy\":\"admin\",\"top\":\"1\",\"createTime\":1641097526000,\"updateBy\":\"admin\",\"typeIds\":[10,13],\"blogDesc\":\"置顶文章\",\"id\":7,\"views\":21,\"status\":\"1\"}','{\"msg\":\"操作成功\",\"code\":200}',0,NULL,'2022-06-15 16:25:26'),(62,'文章管理',2,'com.ruoyi.cms.blog.controller.CmsBlogController.edit()','PUT',1,'admin',NULL,'/cms/blog','127.0.0.1','内网IP','{\"types\":[{\"createBy\":\"admin\",\"createTime\":1641223870000,\"updateBy\":\"\",\"typePic\":\"\",\"typeName\":\"阿萨的\",\"typeId\":10,\"params\":{},\"blogNum\":0},{\"createBy\":\"admin\",\"createTime\":1641223880000,\"updateBy\":\"\",\"typePic\":\"\",\"typeName\":\"人然\",\"typeId\":11,\"params\":{},\"blogNum\":0},{\"createBy\":\"admin\",\"createTime\":1641223889000,\"updateBy\":\"\",\"typePic\":\"\",\"typeName\":\"啊啊\",\"typeId\":13,\"params\":{},\"blogNum\":0},{\"createBy\":\"若依\",\"createTime\":1641277883000,\"updateBy\":\"admin\",\"typePic\":\"\",\"typeName\":\"若依\",\"typeId\":14,\"updateTime\":1644483360000,\"params\":{},\"blogNum\":0},{\"createBy\":\"admin\",\"createTime\":1641216944000,\"updateBy\":\"\",\"typePic\":\"\",\"typeName\":\"33\",\"typeId\":15,\"params\":{},\"blogNum\":0},{\"createBy\":\"admin\",\"createTime\":1654848530000,\"updateBy\":\"admin\",\"typePic\":\"\",\"typeName\":\"java\",\"typeId\":16,\"updateTime\":1655104477000,\"params\":{},\"blogNum\":0}],\"tagIds\":[20,21,22,23,24,25,26],\"updateTime\":1655285433208,\"params\":{},\"title\":\"测试\",\"type\":\"1\",\"tags\":[{\"createBy\":\"admin\",\"createTime\":1641221405000,\"tagId\":20,\"updateBy\":\"\",\"params\":{},\"tagName\":\"啊实打实\",\"blogNum\":0},{\"createBy\":\"admin\",\"createTime\":1641221423000,\"tagId\":21,\"updateBy\":\"\",\"params\":{},\"tagName\":\"打\",\"blogNum\":0},{\"createBy\":\"admin\",\"createTime\":1641221443000,\"tagId\":22,\"updateBy\":\"\",\"params\":{},\"tagName\":\"问问\",\"blogNum\":0},{\"createBy\":\"admin\",\"createTime\":1641223828000,\"tagId\":23,\"updateBy\":\"\",\"params\":{},\"tagName\":\"阿斯弗\",\"blogNum\":0},{\"createBy\":\"admin\",\"createTime\":1641223832000,\"tagId\":24,\"updateBy\":\"\",\"params\":{},\"tagName\":\"阿松大\",\"blogNum\":0},{\"createBy\":\"admin\",\"createTime\":1641223838000,\"tagId\":25,\"updateBy\":\"\",\"params\":{},\"tagName\":\"愤愤愤\",\"blogNum\":0},{\"createBy\":\"若依\",\"createTime\":1641278906000,\"tagId\":26,\"updateBy\":\"\",\"params\":{},\"tagName\":\"若依\",\"blogNum\":0}],\"blogPic\":\"/profile/upload/2022/06/15/b7644c02-9f55-43cb-96fd-04484517ebcd.jpg\",\"createBy\":\"admin\",\"top\":\"0\",\"createTime\":1655082830000,\"updateBy\":\"admin\",\"typeIds\":[10,11,13,14,15,16],\"blogDesc\":\"萨达VS奥迪发奥迪发奥迪发答复答复答复奥迪奥迪发奥迪发奥迪发答复奥迪发奥迪发奥迪发奥迪发答复答复答复\",\"id\":22,\"views\":3,\"status','{\"msg\":\"操作成功\",\"code\":200}',0,NULL,'2022-06-15 17:30:33'),(63,'文章管理',2,'com.ruoyi.cms.blog.controller.CmsBlogController.edit()','PUT',1,'admin',NULL,'/cms/blog','127.0.0.1','内网IP','{\"types\":[{\"createBy\":\"admin\",\"createTime\":1641223870000,\"updateBy\":\"\",\"typePic\":\"\",\"typeName\":\"阿萨的\",\"typeId\":10,\"params\":{},\"blogNum\":0},{\"createBy\":\"admin\",\"createTime\":1641223880000,\"updateBy\":\"\",\"typePic\":\"\",\"typeName\":\"人然\",\"typeId\":11,\"params\":{},\"blogNum\":0},{\"createBy\":\"admin\",\"createTime\":1641223889000,\"updateBy\":\"\",\"typePic\":\"\",\"typeName\":\"啊啊\",\"typeId\":13,\"params\":{},\"blogNum\":0},{\"createBy\":\"若依\",\"createTime\":1641277883000,\"updateBy\":\"admin\",\"typePic\":\"\",\"typeName\":\"若依\",\"typeId\":14,\"updateTime\":1644483360000,\"params\":{},\"blogNum\":0},{\"createBy\":\"admin\",\"createTime\":1641216944000,\"updateBy\":\"\",\"typePic\":\"\",\"typeName\":\"33\",\"typeId\":15,\"params\":{},\"blogNum\":0},{\"createBy\":\"admin\",\"createTime\":1654848530000,\"updateBy\":\"admin\",\"typePic\":\"\",\"typeName\":\"java\",\"typeId\":16,\"updateTime\":1655104477000,\"params\":{},\"blogNum\":0}],\"tagIds\":[20,21,22,23,24,25,26],\"updateTime\":1655285469118,\"params\":{},\"title\":\"测试\",\"type\":\"1\",\"tags\":[{\"createBy\":\"admin\",\"createTime\":1641221405000,\"tagId\":20,\"updateBy\":\"\",\"params\":{},\"tagName\":\"啊实打实\",\"blogNum\":0},{\"createBy\":\"admin\",\"createTime\":1641221423000,\"tagId\":21,\"updateBy\":\"\",\"params\":{},\"tagName\":\"打\",\"blogNum\":0},{\"createBy\":\"admin\",\"createTime\":1641221443000,\"tagId\":22,\"updateBy\":\"\",\"params\":{},\"tagName\":\"问问\",\"blogNum\":0},{\"createBy\":\"admin\",\"createTime\":1641223828000,\"tagId\":23,\"updateBy\":\"\",\"params\":{},\"tagName\":\"阿斯弗\",\"blogNum\":0},{\"createBy\":\"admin\",\"createTime\":1641223832000,\"tagId\":24,\"updateBy\":\"\",\"params\":{},\"tagName\":\"阿松大\",\"blogNum\":0},{\"createBy\":\"admin\",\"createTime\":1641223838000,\"tagId\":25,\"updateBy\":\"\",\"params\":{},\"tagName\":\"愤愤愤\",\"blogNum\":0},{\"createBy\":\"若依\",\"createTime\":1641278906000,\"tagId\":26,\"updateBy\":\"\",\"params\":{},\"tagName\":\"若依\",\"blogNum\":0}],\"blogPic\":\"\",\"createBy\":\"admin\",\"top\":\"0\",\"createTime\":1655082830000,\"updateBy\":\"admin\",\"typeIds\":[10,11,13,14,15,16],\"blogDesc\":\"萨达VS奥迪发奥迪发奥迪发答复答复答复奥迪奥迪发奥迪发奥迪发答复奥迪发奥迪发奥迪发奥迪发答复答复答复\",\"id\":22,\"views\":3,\"status\":\"1\"}','{\"msg\":\"操作成功\",\"code\":200}',0,NULL,'2022-06-15 17:31:09'),(64,'文件管理',3,'com.ruoyi.cms.fileInfo.controller.SysFileInfoController.remove()','DELETE',1,'admin',NULL,'/fileInfo/29','127.0.0.1','内网IP','{fileIds=29}','{\"msg\":\"操作成功\",\"code\":200}',0,NULL,'2022-06-16 09:05:22'),(65,'文章管理',2,'com.ruoyi.cms.blog.controller.CmsBlogController.edit()','PUT',1,'admin',NULL,'/cms/blog','127.0.0.1','内网IP','{\"types\":[{\"createBy\":\"admin\",\"createTime\":1641223870000,\"updateBy\":\"\",\"typePic\":\"\",\"typeName\":\"阿萨的\",\"typeId\":10,\"params\":{},\"blogNum\":0},{\"createBy\":\"admin\",\"createTime\":1641223880000,\"updateBy\":\"\",\"typePic\":\"\",\"typeName\":\"人然\",\"typeId\":11,\"params\":{},\"blogNum\":0},{\"createBy\":\"admin\",\"createTime\":1641223889000,\"updateBy\":\"\",\"typePic\":\"\",\"typeName\":\"啊啊\",\"typeId\":13,\"params\":{},\"blogNum\":0},{\"createBy\":\"若依\",\"createTime\":1641277883000,\"updateBy\":\"admin\",\"typePic\":\"\",\"typeName\":\"若依\",\"typeId\":14,\"updateTime\":1644483360000,\"params\":{},\"blogNum\":0},{\"createBy\":\"admin\",\"createTime\":1641216944000,\"updateBy\":\"\",\"typePic\":\"\",\"typeName\":\"33\",\"typeId\":15,\"params\":{},\"blogNum\":0},{\"createBy\":\"admin\",\"createTime\":1654848530000,\"updateBy\":\"admin\",\"typePic\":\"\",\"typeName\":\"java\",\"typeId\":16,\"updateTime\":1655104477000,\"params\":{},\"blogNum\":0}],\"tagIds\":[20,21,22,23,24,25,26],\"updateTime\":1655434491746,\"params\":{},\"title\":\"测试\",\"type\":\"1\",\"tags\":[{\"createBy\":\"admin\",\"createTime\":1641221405000,\"tagId\":20,\"updateBy\":\"\",\"params\":{},\"tagName\":\"啊实打实\",\"blogNum\":0},{\"createBy\":\"admin\",\"createTime\":1641221423000,\"tagId\":21,\"updateBy\":\"\",\"params\":{},\"tagName\":\"打\",\"blogNum\":0},{\"createBy\":\"admin\",\"createTime\":1641221443000,\"tagId\":22,\"updateBy\":\"\",\"params\":{},\"tagName\":\"问问\",\"blogNum\":0},{\"createBy\":\"admin\",\"createTime\":1641223828000,\"tagId\":23,\"updateBy\":\"\",\"params\":{},\"tagName\":\"阿斯弗\",\"blogNum\":0},{\"createBy\":\"admin\",\"createTime\":1641223832000,\"tagId\":24,\"updateBy\":\"\",\"params\":{},\"tagName\":\"阿松大\",\"blogNum\":0},{\"createBy\":\"admin\",\"createTime\":1641223838000,\"tagId\":25,\"updateBy\":\"\",\"params\":{},\"tagName\":\"愤愤愤\",\"blogNum\":0},{\"createBy\":\"若依\",\"createTime\":1641278906000,\"tagId\":26,\"updateBy\":\"\",\"params\":{},\"tagName\":\"若依\",\"blogNum\":0}],\"blogPic\":\"/profile/upload/2022/06/17/8c97fbb8-e872-4af0-871f-45d665cafcb9.jpg\",\"createBy\":\"admin\",\"top\":\"0\",\"createTime\":1655082830000,\"updateBy\":\"admin\",\"typeIds\":[10,11,13,14,15,16],\"blogDesc\":\"萨达VS奥迪发奥迪发奥迪发答复答复答复奥迪奥迪发奥迪发奥迪发答复奥迪发奥迪发奥迪发奥迪发答复答复答复\",\"id\":22,\"views\":71,\"statu','{\"msg\":\"操作成功\",\"code\":200}',0,NULL,'2022-06-17 10:54:51'),(66,'文章管理',2,'com.ruoyi.cms.blog.controller.CmsBlogController.edit()','PUT',1,'admin',NULL,'/cms/blog','127.0.0.1','内网IP','{\"types\":[{\"createBy\":\"若依\",\"createTime\":1641277883000,\"updateBy\":\"admin\",\"typePic\":\"\",\"typeName\":\"若依\",\"typeId\":14,\"updateTime\":1644483360000,\"params\":{},\"blogNum\":0}],\"tagIds\":[26],\"updateTime\":1655434512037,\"params\":{},\"title\":\"是VSD v阿萨DVD v大是大非v阿斯蒂芬v地方\",\"type\":\"1\",\"content\":\"<p>1234555的风格</p>\",\"tags\":[{\"createBy\":\"若依\",\"createTime\":1641278906000,\"tagId\":26,\"updateBy\":\"\",\"params\":{},\"tagName\":\"若依\",\"blogNum\":0}],\"blogPic\":\"/profile/upload/2022/06/17/fbcfd2e2-058d-4cbe-8b2c-d444cd47ade7.jpg\",\"createBy\":\"admin\",\"top\":\"0\",\"createTime\":1641980454000,\"updateBy\":\"admin\",\"typeIds\":[14],\"id\":19,\"views\":191,\"status\":\"1\"}','{\"msg\":\"操作成功\",\"code\":200}',0,NULL,'2022-06-17 10:55:12'),(67,'文章管理',2,'com.ruoyi.cms.blog.controller.CmsBlogController.edit()','PUT',1,'admin',NULL,'/cms/blog','127.0.0.1','内网IP','{\"types\":[{\"createBy\":\"admin\",\"createTime\":1641223880000,\"updateBy\":\"\",\"typePic\":\"\",\"typeName\":\"人然\",\"typeId\":11,\"params\":{},\"blogNum\":0}],\"tagIds\":[21,25],\"updateTime\":1655434523174,\"params\":{},\"title\":\"阿斯顿v奥迪的vvv从vvc从v从 啊高富帅是否公司费格式发给非钢是法国四个非钢\",\"type\":\"1\",\"content\":\"<h2>此事阿萨的</h2><h3>啊手动阀</h3><p><em>啊</em><em style=\\\"color: rgb(230, 0, 0);\\\">发生</em><em>的</em></p><p><s>奥迪发</s></p><p><span style=\\\"background-color: rgb(255, 255, 0);\\\">是否</span></p><p><br></p><p><br></p><p><br></p><p><br></p><p><br></p><h2 class=\\\"ql-align-center\\\"><strong>奥迪</strong></h2><p><u>啊手动阀</u></p><p><br></p><p><br></p><p><br></p><p><br></p><p><br></p><blockquote>var a = 1;</blockquote><blockquote>for (let i = 0; i &lt;10; i++){</blockquote><blockquote>}</blockquote><pre class=\\\"ql-syntax\\\" spellcheck=\\\"false\\\">var a = 1;\\nfor (let i = 0; i &lt;10; i++){\\n}\\n</pre><p>123</p><p><br></p><p><a href=\\\"http://www.baidu.com\\\" rel=\\\"noopener noreferrer\\\" target=\\\"_blank\\\">百度</a></p>\",\"tags\":[{\"createBy\":\"admin\",\"createTime\":1641221423000,\"tagId\":21,\"updateBy\":\"\",\"params\":{},\"tagName\":\"打\",\"blogNum\":0},{\"createBy\":\"admin\",\"createTime\":1641223838000,\"tagId\":25,\"updateBy\":\"\",\"params\":{},\"tagName\":\"愤愤愤\",\"blogNum\":0}],\"blogPic\":\"/profile/upload/2022/06/17/651f8890-a4a8-4f86-a9ea-eddeba5cf1da.jpg\",\"createBy\":\"admin\",\"top\":\"0\",\"createTime\":1641347093000,\"updateBy\":\"admin\",\"typeIds\":[11],\"id\":16,\"views\":137,\"status\":\"1\"}','{\"msg\":\"操作成功\",\"code\":200}',0,NULL,'2022-06-17 10:55:23'),(68,'个人信息',2,'com.ruoyi.web.controller.system.SysProfileController.updateProfile()','PUT',1,'admin',NULL,'/system/user/profile','127.0.0.1','内网IP','{\"admin\":true,\"params\":{},\"userName\":\"admin\",\"userId\":1}','{\"msg\":\"操作成功\",\"code\":200}',0,NULL,'2022-06-17 14:17:10'),(69,'文章管理',2,'com.ruoyi.cms.blog.controller.CmsBlogController.edit()','PUT',1,'admin',NULL,'/cms/blog','127.0.0.1','内网IP','{\"types\":[{\"createBy\":\"admin\",\"createTime\":1641223870000,\"updateBy\":\"\",\"typePic\":\"\",\"typeName\":\"阿萨的\",\"typeId\":10,\"params\":{},\"blogNum\":0},{\"createBy\":\"admin\",\"createTime\":1641223880000,\"updateBy\":\"\",\"typePic\":\"\",\"typeName\":\"人然\",\"typeId\":11,\"params\":{},\"blogNum\":0},{\"createBy\":\"admin\",\"createTime\":1641223889000,\"updateBy\":\"\",\"typePic\":\"\",\"typeName\":\"啊啊\",\"typeId\":13,\"params\":{},\"blogNum\":0},{\"createBy\":\"若依\",\"createTime\":1641277883000,\"updateBy\":\"admin\",\"typePic\":\"\",\"typeName\":\"若依\",\"typeId\":14,\"updateTime\":1644483360000,\"params\":{},\"blogNum\":0},{\"createBy\":\"admin\",\"createTime\":1641216944000,\"updateBy\":\"\",\"typePic\":\"\",\"typeName\":\"33\",\"typeId\":15,\"params\":{},\"blogNum\":0},{\"createBy\":\"admin\",\"createTime\":1654848530000,\"updateBy\":\"admin\",\"typePic\":\"\",\"typeName\":\"java\",\"typeId\":16,\"updateTime\":1655104477000,\"params\":{},\"blogNum\":0}],\"tagIds\":[20,21,22,23,24,25,26],\"updateTime\":1655772579575,\"params\":{},\"title\":\"测试\",\"type\":\"1\",\"tags\":[{\"createBy\":\"admin\",\"createTime\":1641221405000,\"tagId\":20,\"updateBy\":\"\",\"params\":{},\"tagName\":\"啊实打实\",\"blogNum\":0},{\"createBy\":\"admin\",\"createTime\":1641221423000,\"tagId\":21,\"updateBy\":\"\",\"params\":{},\"tagName\":\"打\",\"blogNum\":0},{\"createBy\":\"admin\",\"createTime\":1641221443000,\"tagId\":22,\"updateBy\":\"\",\"params\":{},\"tagName\":\"问问\",\"blogNum\":0},{\"createBy\":\"admin\",\"createTime\":1641223828000,\"tagId\":23,\"updateBy\":\"\",\"params\":{},\"tagName\":\"阿斯弗\",\"blogNum\":0},{\"createBy\":\"admin\",\"createTime\":1641223832000,\"tagId\":24,\"updateBy\":\"\",\"params\":{},\"tagName\":\"阿松大\",\"blogNum\":0},{\"createBy\":\"admin\",\"createTime\":1641223838000,\"tagId\":25,\"updateBy\":\"\",\"params\":{},\"tagName\":\"愤愤愤\",\"blogNum\":0},{\"createBy\":\"若依\",\"createTime\":1641278906000,\"tagId\":26,\"updateBy\":\"\",\"params\":{},\"tagName\":\"若依\",\"blogNum\":0}],\"blogPic\":\"\",\"createBy\":\"admin\",\"top\":\"0\",\"createTime\":1655082830000,\"updateBy\":\"admin\",\"typeIds\":[10,11,13,14,15,16],\"blogDesc\":\"萨达VS奥迪发奥迪发奥迪发答复答复答复奥迪奥迪发奥迪发奥迪发答复奥迪发奥迪发奥迪发奥迪发答复答复答复\",\"id\":22,\"views\":73,\"status\":\"1\"}','{\"msg\":\"操作成功\",\"code\":200}',0,NULL,'2022-06-21 08:49:39'),(70,'文章管理',2,'com.ruoyi.cms.blog.controller.CmsBlogController.edit()','PUT',1,'admin',NULL,'/cms/blog','127.0.0.1','内网IP','{\"types\":[{\"createBy\":\"若依\",\"createTime\":1641277883000,\"updateBy\":\"admin\",\"typePic\":\"\",\"typeName\":\"若依\",\"typeId\":14,\"updateTime\":1644483360000,\"params\":{},\"blogNum\":0}],\"tagIds\":[26],\"updateTime\":1655772584960,\"params\":{},\"title\":\"是VSD v阿萨DVD v大是大非v阿斯蒂芬v地方\",\"type\":\"1\",\"content\":\"<p>1234555的风格</p>\",\"tags\":[{\"createBy\":\"若依\",\"createTime\":1641278906000,\"tagId\":26,\"updateBy\":\"\",\"params\":{},\"tagName\":\"若依\",\"blogNum\":0}],\"blogPic\":\"\",\"createBy\":\"admin\",\"top\":\"0\",\"createTime\":1641980454000,\"updateBy\":\"admin\",\"typeIds\":[14],\"id\":19,\"views\":200,\"status\":\"1\"}','{\"msg\":\"操作成功\",\"code\":200}',0,NULL,'2022-06-21 08:49:44'),(71,'文章管理',2,'com.ruoyi.cms.blog.controller.CmsBlogController.edit()','PUT',1,'admin',NULL,'/cms/blog','127.0.0.1','内网IP','{\"types\":[{\"createBy\":\"admin\",\"createTime\":1641223880000,\"updateBy\":\"\",\"typePic\":\"\",\"typeName\":\"人然\",\"typeId\":11,\"params\":{},\"blogNum\":0}],\"tagIds\":[21,25],\"updateTime\":1655772590844,\"params\":{},\"title\":\"阿斯顿v奥迪的vvv从vvc从v从 啊高富帅是否公司费格式发给非钢是法国四个非钢\",\"type\":\"1\",\"content\":\"<h2>此事阿萨的</h2><h3>啊手动阀</h3><p><em>啊</em><em style=\\\"color: rgb(230, 0, 0);\\\">发生</em><em>的</em></p><p><s>奥迪发</s></p><p><span style=\\\"background-color: rgb(255, 255, 0);\\\">是否</span></p><p><br></p><p><br></p><p><br></p><p><br></p><p><br></p><p><br></p><h2 class=\\\"ql-align-center\\\"><strong>奥迪</strong></h2><p><u>啊手动阀</u></p><p><br></p><p><br></p><p><br></p><p><br></p><p><br></p><p><br></p><blockquote>var a = 1;</blockquote><blockquote>for (let i = 0; i &lt;10; i++){</blockquote><blockquote>}</blockquote><pre class=\\\"ql-syntax\\\" spellcheck=\\\"false\\\">var a = 1;\\nfor (let i = 0; i &lt;10; i++){\\n}\\n</pre><p>123</p><p><br></p><p><a href=\\\"http://www.baidu.com\\\" rel=\\\"noopener noreferrer\\\" target=\\\"_blank\\\">百度</a></p>\",\"tags\":[{\"createBy\":\"admin\",\"createTime\":1641221423000,\"tagId\":21,\"updateBy\":\"\",\"params\":{},\"tagName\":\"打\",\"blogNum\":0},{\"createBy\":\"admin\",\"createTime\":1641223838000,\"tagId\":25,\"updateBy\":\"\",\"params\":{},\"tagName\":\"愤愤愤\",\"blogNum\":0}],\"blogPic\":\"\",\"createBy\":\"admin\",\"top\":\"0\",\"createTime\":1641347093000,\"updateBy\":\"admin\",\"typeIds\":[11],\"id\":16,\"views\":140,\"status\":\"1\"}','{\"msg\":\"操作成功\",\"code\":200}',0,NULL,'2022-06-21 08:49:50'),(72,'文章管理',2,'com.ruoyi.cms.blog.controller.CmsBlogController.edit()','PUT',1,'admin',NULL,'/cms/blog','127.0.0.1','内网IP','{\"types\":[],\"tagIds\":[],\"updateTime\":1655772652949,\"params\":{},\"title\":\"你好!!!!\",\"type\":\"2\",\"content\":\"<p>和那路上看到你第三方</p><p>大师傅</p><p>啊手动阀</p><p>啊手动阀</p><p>撒旦</p><p><img src=\\\"/dev-api/profile/upload/2022/06/21/5251ff35-7d85-4b0a-afee-27d1444d933c.jpg\\\"></p>\",\"tags\":[],\"blogPic\":\"\",\"createBy\":\"admin\",\"top\":\"0\",\"createTime\":1641974788000,\"updateBy\":\"admin\",\"typeIds\":[],\"id\":17,\"views\":0,\"status\":\"1\"}','{\"msg\":\"操作成功\",\"code\":200}',0,NULL,'2022-06-21 08:50:52'),(73,'文章管理',2,'com.ruoyi.cms.blog.controller.CmsBlogController.edit()','PUT',1,'admin',NULL,'/cms/blog','127.0.0.1','内网IP','{\"types\":[],\"tagIds\":[],\"updateTime\":1655772768346,\"params\":{},\"title\":\"你好!!!!\",\"type\":\"2\",\"content\":\"<p>和那路上看到你第三方</p><p>大师傅</p><p>啊手动阀</p><p>啊手动阀</p><p>撒旦</p>\",\"tags\":[],\"blogPic\":\"\",\"createBy\":\"admin\",\"top\":\"0\",\"createTime\":1641974788000,\"updateBy\":\"admin\",\"typeIds\":[],\"id\":17,\"views\":0,\"status\":\"1\"}','{\"msg\":\"操作成功\",\"code\":200}',0,NULL,'2022-06-21 08:52:48'),(74,'文件管理',3,'com.ruoyi.cms.fileInfo.controller.SysFileInfoController.remove()','DELETE',1,'admin',NULL,'/fileInfo/33','127.0.0.1','内网IP','{fileIds=33}','{\"msg\":\"操作成功\",\"code\":200}',0,NULL,'2022-06-21 08:52:52'),(75,'文章管理',2,'com.ruoyi.cms.blog.controller.CmsBlogController.edit()','PUT',1,'admin',NULL,'/cms/blog','127.0.0.1','内网IP','{\"types\":[],\"tagIds\":[],\"updateTime\":1655772816630,\"params\":{},\"title\":\"你好!!!!\",\"type\":\"2\",\"content\":\"<p>和那路上看到你第三方</p><p>大师傅</p><p>啊手动阀</p><p>啊手动阀</p><p>撒旦</p><p><img src=\\\"/dev-api/profile/upload/2022/06/21/8795b399-ad96-46ec-b0f9-1d9490324b0c.jpg\\\"></p>\",\"tags\":[],\"blogPic\":\"\",\"createBy\":\"admin\",\"top\":\"0\",\"createTime\":1641974788000,\"updateBy\":\"admin\",\"typeIds\":[],\"id\":17,\"views\":0,\"status\":\"1\"}','{\"msg\":\"操作成功\",\"code\":200}',0,NULL,'2022-06-21 08:53:36'),(76,'文章管理',2,'com.ruoyi.cms.blog.controller.CmsBlogController.edit()','PUT',1,'admin',NULL,'/cms/blog','127.0.0.1','内网IP','{\"types\":[{\"createBy\":\"admin\",\"createTime\":1641223870000,\"updateBy\":\"\",\"typePic\":\"\",\"typeName\":\"阿萨的\",\"typeId\":10,\"params\":{},\"blogNum\":0},{\"createBy\":\"admin\",\"createTime\":1641223880000,\"updateBy\":\"\",\"typePic\":\"\",\"typeName\":\"人然\",\"typeId\":11,\"params\":{},\"blogNum\":0},{\"createBy\":\"admin\",\"createTime\":1641223889000,\"updateBy\":\"\",\"typePic\":\"\",\"typeName\":\"啊啊\",\"typeId\":13,\"params\":{},\"blogNum\":0},{\"createBy\":\"若依\",\"createTime\":1641277883000,\"updateBy\":\"admin\",\"typePic\":\"\",\"typeName\":\"若依\",\"typeId\":14,\"updateTime\":1644483360000,\"params\":{},\"blogNum\":0},{\"createBy\":\"admin\",\"createTime\":1641216944000,\"updateBy\":\"\",\"typePic\":\"\",\"typeName\":\"33\",\"typeId\":15,\"params\":{},\"blogNum\":0},{\"createBy\":\"admin\",\"createTime\":1654848530000,\"updateBy\":\"admin\",\"typePic\":\"\",\"typeName\":\"java\",\"typeId\":16,\"updateTime\":1655104477000,\"params\":{},\"blogNum\":0}],\"tagIds\":[20,21,22,23,24,25,26],\"updateTime\":1655776982525,\"params\":{},\"title\":\"测试\",\"type\":\"1\",\"tags\":[{\"createBy\":\"admin\",\"createTime\":1641221405000,\"tagId\":20,\"updateBy\":\"\",\"params\":{},\"tagName\":\"啊实打实\",\"blogNum\":0},{\"createBy\":\"admin\",\"createTime\":1641221423000,\"tagId\":21,\"updateBy\":\"\",\"params\":{},\"tagName\":\"打\",\"blogNum\":0},{\"createBy\":\"admin\",\"createTime\":1641221443000,\"tagId\":22,\"updateBy\":\"\",\"params\":{},\"tagName\":\"问问\",\"blogNum\":0},{\"createBy\":\"admin\",\"createTime\":1641223828000,\"tagId\":23,\"updateBy\":\"\",\"params\":{},\"tagName\":\"阿斯弗\",\"blogNum\":0},{\"createBy\":\"admin\",\"createTime\":1641223832000,\"tagId\":24,\"updateBy\":\"\",\"params\":{},\"tagName\":\"阿松大\",\"blogNum\":0},{\"createBy\":\"admin\",\"createTime\":1641223838000,\"tagId\":25,\"updateBy\":\"\",\"params\":{},\"tagName\":\"愤愤愤\",\"blogNum\":0},{\"createBy\":\"若依\",\"createTime\":1641278906000,\"tagId\":26,\"updateBy\":\"\",\"params\":{},\"tagName\":\"若依\",\"blogNum\":0}],\"blogPic\":\"/profile/upload/2022/06/21/fd8d3842-1916-4b70-ae12-cc5ae7d01df0.jpg\",\"createBy\":\"admin\",\"top\":\"0\",\"createTime\":1655082830000,\"updateBy\":\"admin\",\"typeIds\":[10,11,13,14,15,16],\"blogDesc\":\"萨达VS奥迪发奥迪发奥迪发答复答复答复奥迪奥迪发奥迪发奥迪发答复奥迪发奥迪发奥迪发奥迪发答复答复答复\",\"id\":22,\"views\":73,\"statu','{\"msg\":\"操作成功\",\"code\":200}',0,NULL,'2022-06-21 10:03:02'),(77,'文章管理',2,'com.ruoyi.cms.blog.controller.CmsBlogController.edit()','PUT',1,'admin',NULL,'/cms/blog','127.0.0.1','内网IP','{\"types\":[{\"createBy\":\"admin\",\"createTime\":1641223870000,\"updateBy\":\"\",\"typePic\":\"\",\"typeName\":\"阿萨的\",\"typeId\":10,\"params\":{},\"blogNum\":0},{\"createBy\":\"admin\",\"createTime\":1641223880000,\"updateBy\":\"\",\"typePic\":\"\",\"typeName\":\"人然\",\"typeId\":11,\"params\":{},\"blogNum\":0},{\"createBy\":\"admin\",\"createTime\":1641223889000,\"updateBy\":\"\",\"typePic\":\"\",\"typeName\":\"啊啊\",\"typeId\":13,\"params\":{},\"blogNum\":0},{\"createBy\":\"若依\",\"createTime\":1641277883000,\"updateBy\":\"admin\",\"typePic\":\"\",\"typeName\":\"若依\",\"typeId\":14,\"updateTime\":1644483360000,\"params\":{},\"blogNum\":0},{\"createBy\":\"admin\",\"createTime\":1641216944000,\"updateBy\":\"\",\"typePic\":\"\",\"typeName\":\"33\",\"typeId\":15,\"params\":{},\"blogNum\":0},{\"createBy\":\"admin\",\"createTime\":1654848530000,\"updateBy\":\"admin\",\"typePic\":\"\",\"typeName\":\"java\",\"typeId\":16,\"updateTime\":1655104477000,\"params\":{},\"blogNum\":0}],\"tagIds\":[20,21,22,23,24,25,26],\"updateTime\":1655777232276,\"params\":{},\"title\":\"测试\",\"type\":\"1\",\"tags\":[{\"createBy\":\"admin\",\"createTime\":1641221405000,\"tagId\":20,\"updateBy\":\"\",\"params\":{},\"tagName\":\"啊实打实\",\"blogNum\":0},{\"createBy\":\"admin\",\"createTime\":1641221423000,\"tagId\":21,\"updateBy\":\"\",\"params\":{},\"tagName\":\"打\",\"blogNum\":0},{\"createBy\":\"admin\",\"createTime\":1641221443000,\"tagId\":22,\"updateBy\":\"\",\"params\":{},\"tagName\":\"问问\",\"blogNum\":0},{\"createBy\":\"admin\",\"createTime\":1641223828000,\"tagId\":23,\"updateBy\":\"\",\"params\":{},\"tagName\":\"阿斯弗\",\"blogNum\":0},{\"createBy\":\"admin\",\"createTime\":1641223832000,\"tagId\":24,\"updateBy\":\"\",\"params\":{},\"tagName\":\"阿松大\",\"blogNum\":0},{\"createBy\":\"admin\",\"createTime\":1641223838000,\"tagId\":25,\"updateBy\":\"\",\"params\":{},\"tagName\":\"愤愤愤\",\"blogNum\":0},{\"createBy\":\"若依\",\"createTime\":1641278906000,\"tagId\":26,\"updateBy\":\"\",\"params\":{},\"tagName\":\"若依\",\"blogNum\":0}],\"blogPic\":\"\",\"createBy\":\"admin\",\"top\":\"0\",\"createTime\":1655082830000,\"updateBy\":\"admin\",\"typeIds\":[10,11,13,14,15,16],\"blogDesc\":\"萨达VS奥迪发奥迪发奥迪发答复答复答复奥迪奥迪发奥迪发奥迪发答复奥迪发奥迪发奥迪发奥迪发答复答复答复\",\"id\":22,\"views\":73,\"status\":\"1\"}','{\"msg\":\"操作成功\",\"code\":200}',0,NULL,'2022-06-21 10:07:12'),(78,'文章管理',2,'com.ruoyi.cms.blog.controller.CmsBlogController.edit()','PUT',1,'admin',NULL,'/cms/blog','127.0.0.1','内网IP','{\"types\":[],\"tagIds\":[],\"updateTime\":1655778749393,\"params\":{},\"title\":\"你好!!!!\",\"type\":\"2\",\"content\":\"<p>和那路上看到你第三方</p><p>大师傅</p><p>啊手动阀</p><p>啊手动阀</p><p>撒旦</p>\",\"tags\":[],\"blogPic\":\"\",\"createBy\":\"admin\",\"top\":\"0\",\"createTime\":1641974788000,\"updateBy\":\"admin\",\"typeIds\":[],\"id\":17,\"views\":0,\"status\":\"1\"}','{\"msg\":\"操作成功\",\"code\":200}',0,NULL,'2022-06-21 10:32:29'),(79,'文件管理',3,'com.ruoyi.cms.fileInfo.controller.SysFileInfoController.remove()','DELETE',1,'admin',NULL,'/fileInfo/34','127.0.0.1','内网IP','{fileIds=34}','{\"msg\":\"操作成功\",\"code\":200}',0,NULL,'2022-06-21 10:32:33'),(80,'个人信息',2,'com.ruoyi.web.controller.system.SysProfileController.updateProfile()','PUT',1,'admin',NULL,'/system/user/profile','127.0.0.1','内网IP','{\"admin\":true,\"params\":{},\"userName\":\"admin\",\"userId\":1}','{\"msg\":\"操作成功\",\"code\":200}',0,NULL,'2022-06-21 10:34:33'),(81,'个人信息',2,'com.ruoyi.web.controller.system.SysProfileController.updateProfile()','PUT',1,'admin',NULL,'/system/user/profile','127.0.0.1','内网IP','{\"admin\":true,\"params\":{},\"userName\":\"admin\",\"userId\":1}','{\"msg\":\"操作成功\",\"code\":200}',0,NULL,'2022-06-21 11:24:57'),(82,'个人信息',2,'com.ruoyi.web.controller.system.SysProfileController.updateProfile()','PUT',1,'admin',NULL,'/system/user/profile','127.0.0.1','内网IP','{\"admin\":true,\"params\":{},\"userName\":\"admin\",\"userId\":1}','{\"msg\":\"操作成功\",\"code\":200}',0,NULL,'2022-06-21 11:28:11'),(83,'用户头像',2,'com.ruoyi.web.controller.system.SysProfileController.avatar()','POST',1,'admin',NULL,'/system/user/profile/avatar','127.0.0.1','内网IP','','{\"msg\":\"操作成功\",\"imgUrl\":\"/profile/avatar/2022/06/21/3ab3c21f-3675-4f70-a533-7feffcdf9a02.jpeg\",\"code\":200}',0,NULL,'2022-06-21 11:32:55'),(84,'个人信息',2,'com.ruoyi.web.controller.system.SysProfileController.updateProfile()','PUT',1,'admin',NULL,'/system/user/profile','127.0.0.1','内网IP','{\"admin\":true,\"params\":{},\"userName\":\"admin\",\"userId\":1}','{\"msg\":\"操作成功\",\"code\":200}',0,NULL,'2022-06-21 11:34:49'),(85,'个人信息',2,'com.ruoyi.web.controller.system.SysProfileController.updateProfile()','PUT',1,'admin',NULL,'/system/user/profile','127.0.0.1','内网IP','{\"admin\":true,\"avatar\":\"/profile/avatar/2022/06/21/3ab3c21f-3675-4f70-a533-7feffcdf9a02.jpeg\",\"params\":{},\"userName\":\"admin\",\"userId\":1}','{\"msg\":\"操作成功\",\"code\":200}',0,NULL,'2022-06-21 11:35:01'),(86,'个人信息',2,'com.ruoyi.web.controller.system.SysProfileController.updateProfile()','PUT',1,'admin',NULL,'/system/user/profile','127.0.0.1','内网IP','{\"admin\":true,\"params\":{},\"userName\":\"admin\",\"userId\":1}','{\"msg\":\"操作成功\",\"code\":200}',0,NULL,'2022-06-21 11:36:30'),(87,'个人信息',2,'com.ruoyi.web.controller.system.SysProfileController.updateProfile()','PUT',1,'admin',NULL,'/system/user/profile','127.0.0.1','内网IP','{\"admin\":true,\"avatar\":\"/static/img/profile.473f5971.jpg\",\"params\":{},\"userName\":\"admin\",\"userId\":1}','{\"msg\":\"操作成功\",\"code\":200}',0,NULL,'2022-06-21 11:36:47'),(88,'个人信息',2,'com.ruoyi.web.controller.system.SysProfileController.updateProfile()','PUT',1,'admin',NULL,'/system/user/profile','127.0.0.1','内网IP','{\"admin\":true,\"params\":{},\"userName\":\"admin\",\"userId\":1}','{\"msg\":\"操作成功\",\"code\":200}',0,NULL,'2022-06-21 11:48:01'),(89,'个人信息',2,'com.ruoyi.web.controller.system.SysProfileController.updateProfile()','PUT',1,'admin',NULL,'/system/user/profile','127.0.0.1','内网IP','{\"admin\":true,\"params\":{},\"userName\":\"admin\",\"userId\":1}','{\"msg\":\"操作成功\",\"code\":200}',0,NULL,'2022-06-21 14:10:46'),(90,'个人信息',2,'com.ruoyi.web.controller.system.SysProfileController.updateProfile()','PUT',1,'admin',NULL,'/system/user/profile','127.0.0.1','内网IP','{\"admin\":true,\"params\":{},\"userName\":\"admin\",\"userId\":1}','{\"msg\":\"操作成功\",\"code\":200}',0,NULL,'2022-06-21 14:22:37'),(91,'个人信息',2,'com.ruoyi.web.controller.system.SysProfileController.updateProfile()','PUT',1,'admin',NULL,'/system/user/profile','127.0.0.1','内网IP','{\"admin\":true,\"params\":{},\"userName\":\"admin\",\"userId\":1}','{\"msg\":\"操作成功\",\"code\":200}',0,NULL,'2022-06-21 14:24:21'),(92,'个人信息',2,'com.ruoyi.web.controller.system.SysProfileController.updateProfile()','PUT',1,'admin',NULL,'/system/user/profile','127.0.0.1','内网IP','{\"admin\":true,\"params\":{},\"userName\":\"admin\",\"userId\":1}','{\"msg\":\"操作成功\",\"code\":200}',0,NULL,'2022-06-22 08:17:33'),(93,'个人信息',2,'com.ruoyi.web.controller.system.SysProfileController.updateProfile()','PUT',1,'admin',NULL,'/system/user/profile','127.0.0.1','内网IP','{\"admin\":true,\"params\":{},\"userName\":\"admin\",\"userId\":1}','{\"msg\":\"操作成功\",\"code\":200}',0,NULL,'2022-06-22 08:52:04'),(94,'个人信息',2,'com.ruoyi.web.controller.system.SysProfileController.updateProfile()','PUT',1,'admin',NULL,'/system/user/profile','127.0.0.1','内网IP','{\"admin\":true,\"params\":{},\"userName\":\"admin\",\"userId\":1}','{\"msg\":\"操作成功\",\"code\":200}',0,NULL,'2022-06-22 09:52:33'),(95,'个人信息',2,'com.ruoyi.web.controller.system.SysProfileController.updateProfile()','PUT',1,'admin',NULL,'/system/user/profile','127.0.0.1','内网IP','{\"admin\":true,\"params\":{},\"userName\":\"admin\",\"userId\":1}','{\"msg\":\"操作成功\",\"code\":200}',0,NULL,'2022-06-22 11:28:02'),(96,'个人信息',2,'com.ruoyi.web.controller.system.SysProfileController.updateProfile()','PUT',1,'admin',NULL,'/system/user/profile','127.0.0.1','内网IP','{\"admin\":true,\"params\":{},\"userName\":\"admin\",\"userId\":1}','{\"msg\":\"操作成功\",\"code\":200}',0,NULL,'2022-06-22 14:09:55'),(97,'个人信息',2,'com.ruoyi.web.controller.system.SysProfileController.updateProfile()','PUT',1,'admin',NULL,'/system/user/profile','127.0.0.1','内网IP','{\"admin\":true,\"params\":{},\"userName\":\"admin\",\"userId\":1}','{\"msg\":\"操作成功\",\"code\":200}',0,NULL,'2022-06-22 14:47:07'),(98,'个人信息',2,'com.ruoyi.web.controller.system.SysProfileController.updateProfile()','PUT',1,'admin',NULL,'/system/user/profile','127.0.0.1','内网IP','{\"phonenumber\":\"15888888889\",\"admin\":true,\"email\":\"ry@163.com\",\"sex\":\"1\",\"params\":{},\"userName\":\"admin\",\"userId\":1}','{\"msg\":\"操作成功\",\"code\":200}',0,NULL,'2022-06-22 14:51:09'),(99,'个人信息',2,'com.ruoyi.web.controller.system.SysProfileController.updateProfile()','PUT',1,'admin',NULL,'/system/user/profile','127.0.0.1','内网IP','{\"phonenumber\":\"15888888887\",\"admin\":true,\"email\":\"ry@163.com\",\"sex\":\"1\",\"params\":{},\"userName\":\"admin\",\"userId\":1}','{\"msg\":\"操作成功\",\"code\":200}',0,NULL,'2022-06-22 14:54:03'),(100,'个人信息',2,'com.ruoyi.web.controller.system.SysProfileController.updateProfile()','PUT',1,'admin',NULL,'/system/user/profile','127.0.0.1','内网IP','{\"roles\":[{\"flag\":false,\"roleId\":1,\"admin\":true,\"dataScope\":\"1\",\"params\":{},\"roleSort\":\"1\",\"deptCheckStrictly\":false,\"menuCheckStrictly\":false,\"roleKey\":\"admin\",\"roleName\":\"超级管理员\",\"status\":\"0\"}],\"phonenumber\":\"15888888888\",\"admin\":true,\"loginDate\":1655878196000,\"remark\":\"管理员\",\"delFlag\":\"0\",\"loginIp\":\"127.0.0.1\",\"email\":\"ry@163.com\",\"nickName\":\"admin\",\"sex\":\"1\",\"deptId\":103,\"avatar\":\"\",\"dept\":{\"deptName\":\"研发部门\",\"leader\":\"若依\",\"deptId\":103,\"orderNum\":\"1\",\"params\":{},\"parentId\":101,\"children\":[],\"status\":\"0\"},\"params\":{},\"userName\":\"admin\",\"userId\":1,\"createBy\":\"admin\",\"createTime\":1639116734000,\"status\":\"0\"}','{\"msg\":\"操作成功\",\"code\":200}',0,NULL,'2022-06-22 14:54:50'),(101,'个人信息',2,'com.ruoyi.web.controller.system.SysProfileController.updateProfile()','PUT',1,'admin',NULL,'/system/user/profile','127.0.0.1','内网IP','{\"phonenumber\":\"15888888888\",\"admin\":true,\"email\":\"ry@163.com\",\"sex\":\"2\",\"params\":{},\"userName\":\"admin\",\"userId\":1}','{\"msg\":\"操作成功\",\"code\":200}',0,NULL,'2022-06-22 14:55:33'),(102,'个人信息',2,'com.ruoyi.web.controller.system.SysProfileController.updateProfile()','PUT',1,'admin',NULL,'/system/user/profile','127.0.0.1','内网IP','{\"roles\":[{\"flag\":false,\"roleId\":1,\"admin\":true,\"dataScope\":\"1\",\"params\":{},\"roleSort\":\"1\",\"deptCheckStrictly\":false,\"menuCheckStrictly\":false,\"roleKey\":\"admin\",\"roleName\":\"超级管理员\",\"status\":\"0\"}],\"phonenumber\":\"15888888888\",\"admin\":true,\"loginDate\":1655878196000,\"remark\":\"管理员\",\"delFlag\":\"0\",\"loginIp\":\"127.0.0.1\",\"email\":\"ry@163.com\",\"nickName\":\"admin\",\"sex\":\"0\",\"deptId\":103,\"avatar\":\"\",\"dept\":{\"deptName\":\"研发部门\",\"leader\":\"若依\",\"deptId\":103,\"orderNum\":\"1\",\"params\":{},\"parentId\":101,\"children\":[],\"status\":\"0\"},\"params\":{},\"userName\":\"admin\",\"userId\":1,\"createBy\":\"admin\",\"createTime\":1639116734000,\"status\":\"0\"}','{\"msg\":\"操作成功\",\"code\":200}',0,NULL,'2022-06-22 14:55:39'),(103,'个人信息',2,'com.ruoyi.web.controller.system.SysProfileController.updateProfile()','PUT',1,'admin',NULL,'/system/user/profile','127.0.0.1','内网IP','{\"phonenumber\":\"15888888888\",\"admin\":true,\"email\":\"ry@163.com\",\"sex\":\"1\",\"params\":{},\"userName\":\"admin\",\"userId\":1}','{\"msg\":\"操作成功\",\"code\":200}',0,NULL,'2022-06-22 14:56:20'),(104,'个人信息',2,'com.ruoyi.web.controller.system.SysProfileController.updateProfile()','PUT',1,'admin',NULL,'/system/user/profile','127.0.0.1','内网IP','{\"roles\":[{\"flag\":false,\"roleId\":1,\"admin\":true,\"dataScope\":\"1\",\"params\":{},\"roleSort\":\"1\",\"deptCheckStrictly\":false,\"menuCheckStrictly\":false,\"roleKey\":\"admin\",\"roleName\":\"超级管理员\",\"status\":\"0\"}],\"phonenumber\":\"15888888888\",\"admin\":true,\"loginDate\":1655878196000,\"remark\":\"管理员\",\"delFlag\":\"0\",\"loginIp\":\"127.0.0.1\",\"email\":\"ry@163.com\",\"nickName\":\"admin\",\"sex\":\"1\",\"deptId\":103,\"avatar\":\"\",\"dept\":{\"deptName\":\"研发部门\",\"leader\":\"若依\",\"deptId\":103,\"orderNum\":\"1\",\"params\":{},\"parentId\":101,\"children\":[],\"status\":\"0\"},\"params\":{},\"userName\":\"admin\",\"userId\":1,\"createBy\":\"admin\",\"createTime\":1639116734000,\"status\":\"0\"}','{\"msg\":\"操作成功\",\"code\":200}',0,NULL,'2022-06-22 14:56:40'),(105,'个人信息',2,'com.ruoyi.web.controller.system.SysProfileController.updateProfile()','PUT',1,'admin',NULL,'/system/user/profile','127.0.0.1','内网IP','{\"roles\":[{\"flag\":false,\"roleId\":1,\"admin\":true,\"dataScope\":\"1\",\"params\":{},\"roleSort\":\"1\",\"deptCheckStrictly\":false,\"menuCheckStrictly\":false,\"roleKey\":\"admin\",\"roleName\":\"超级管理员\",\"status\":\"0\"}],\"phonenumber\":\"15888888888\",\"admin\":true,\"loginDate\":1655878196000,\"remark\":\"管理员\",\"delFlag\":\"0\",\"loginIp\":\"127.0.0.1\",\"email\":\"ry@163.com\",\"nickName\":\"admin\",\"sex\":\"1\",\"deptId\":103,\"avatar\":\"\",\"dept\":{\"deptName\":\"研发部门\",\"leader\":\"若依\",\"deptId\":103,\"orderNum\":\"1\",\"params\":{},\"parentId\":101,\"children\":[],\"status\":\"0\"},\"params\":{},\"userName\":\"admin\",\"userId\":1,\"createBy\":\"admin\",\"createTime\":1639116734000,\"status\":\"0\"}','{\"msg\":\"操作成功\",\"code\":200}',0,NULL,'2022-06-22 14:57:50'),(106,'个人信息',2,'com.ruoyi.web.controller.system.SysProfileController.updateProfile()','PUT',1,'admin',NULL,'/system/user/profile','127.0.0.1','内网IP','{\"roles\":[{\"flag\":false,\"roleId\":1,\"admin\":true,\"dataScope\":\"1\",\"params\":{},\"roleSort\":\"1\",\"deptCheckStrictly\":false,\"menuCheckStrictly\":false,\"roleKey\":\"admin\",\"roleName\":\"超级管理员\",\"status\":\"0\"}],\"phonenumber\":\"15888888888\",\"admin\":true,\"loginDate\":1655878196000,\"remark\":\"管理员\",\"delFlag\":\"0\",\"loginIp\":\"127.0.0.1\",\"email\":\"ry@163.com\",\"nickName\":\"admin\",\"sex\":\"1\",\"deptId\":103,\"avatar\":\"\",\"dept\":{\"deptName\":\"研发部门\",\"leader\":\"若依\",\"deptId\":103,\"orderNum\":\"1\",\"params\":{},\"parentId\":101,\"children\":[],\"status\":\"0\"},\"params\":{},\"userName\":\"admin\",\"userId\":1,\"createBy\":\"admin\",\"createTime\":1639116734000,\"status\":\"0\"}','{\"msg\":\"操作成功\",\"code\":200}',0,NULL,'2022-06-22 14:57:58'),(107,'个人信息',2,'com.ruoyi.web.controller.system.SysProfileController.updateProfile()','PUT',1,'admin',NULL,'/system/user/profile','127.0.0.1','内网IP','{\"roles\":[{\"flag\":false,\"roleId\":1,\"admin\":true,\"dataScope\":\"1\",\"params\":{},\"roleSort\":\"1\",\"deptCheckStrictly\":false,\"menuCheckStrictly\":false,\"roleKey\":\"admin\",\"roleName\":\"超级管理员\",\"status\":\"0\"}],\"phonenumber\":\"15888888888\",\"admin\":true,\"loginDate\":1655878196000,\"remark\":\"管理员\",\"delFlag\":\"0\",\"loginIp\":\"127.0.0.1\",\"email\":\"ry@163.com\",\"nickName\":\"admin\",\"sex\":\"0\",\"deptId\":103,\"avatar\":\"\",\"dept\":{\"deptName\":\"研发部门\",\"leader\":\"若依\",\"deptId\":103,\"orderNum\":\"1\",\"params\":{},\"parentId\":101,\"children\":[],\"status\":\"0\"},\"params\":{},\"userName\":\"admin\",\"userId\":1,\"createBy\":\"admin\",\"createTime\":1639116734000,\"status\":\"0\"}','{\"msg\":\"操作成功\",\"code\":200}',0,NULL,'2022-06-22 14:59:37'),(108,'个人信息',2,'com.ruoyi.web.controller.system.SysProfileController.updateProfile()','PUT',1,'admin',NULL,'/system/user/profile','127.0.0.1','内网IP','{\"admin\":true,\"params\":{},\"userName\":\"admin\",\"userId\":1}','{\"msg\":\"操作成功\",\"code\":200}',0,NULL,'2022-06-22 17:29:36'),(109,'个人信息',2,'com.ruoyi.web.controller.system.SysProfileController.updateProfile()','PUT',1,'admin',NULL,'/system/user/profile','127.0.0.1','内网IP','{\"admin\":true,\"params\":{},\"userName\":\"admin\",\"userId\":1}','{\"msg\":\"操作成功\",\"code\":200}',0,NULL,'2022-06-22 17:30:15'),(110,'个人信息',2,'com.ruoyi.web.controller.system.SysProfileController.updateProfile()','PUT',1,'admin',NULL,'/system/user/profile','127.0.0.1','内网IP','{\"admin\":true,\"params\":{},\"userName\":\"admin\",\"userId\":1}','{\"msg\":\"操作成功\",\"code\":200}',0,NULL,'2022-06-22 17:36:48'),(111,'个人信息',2,'com.ruoyi.web.controller.system.SysProfileController.updateProfile()','PUT',1,'admin',NULL,'/system/user/profile','127.0.0.1','内网IP','{\"admin\":true,\"params\":{},\"userName\":\"admin\",\"userId\":1}','{\"msg\":\"操作成功\",\"code\":200}',0,NULL,'2022-06-22 17:57:17'),(112,'个人信息',2,'com.ruoyi.web.controller.system.SysProfileController.updateProfile()','PUT',1,'admin',NULL,'/system/user/profile','127.0.0.1','内网IP','{\"admin\":true,\"params\":{},\"userName\":\"admin\",\"userId\":1}','{\"msg\":\"操作成功\",\"code\":200}',0,NULL,'2022-06-22 18:13:40'),(113,'个人信息',2,'com.ruoyi.web.controller.system.SysProfileController.updateProfile()','PUT',1,'admin',NULL,'/system/user/profile','127.0.0.1','内网IP','{\"admin\":true,\"params\":{},\"userName\":\"admin\",\"userId\":1}','{\"msg\":\"操作成功\",\"code\":200}',0,NULL,'2022-06-23 14:42:54'),(114,'文章管理',2,'com.ruoyi.cms.blog.controller.CmsBlogController.edit()','PUT',1,'admin',NULL,'/cms/blog','127.0.0.1','内网IP','{\"types\":[],\"tagIds\":[],\"updateTime\":1655968301964,\"params\":{},\"title\":\"你好!!!!\",\"type\":\"2\",\"content\":\"<p>和那路上看到你第三方</p><p>大师傅</p><p>啊手动阀</p><p>啊手动阀</p><p>撒旦</p><p><img src=\\\"/dev-api/profile/upload/2022/06/23/4d7c82f1-00fc-474c-950d-d9a2fcd9191a.jpg\\\"></p>\",\"tags\":[],\"blogPic\":\"\",\"createBy\":\"admin\",\"top\":\"0\",\"createTime\":1641974788000,\"updateBy\":\"admin\",\"typeIds\":[],\"id\":17,\"views\":0,\"status\":\"1\"}','{\"msg\":\"操作成功\",\"code\":200}',0,NULL,'2022-06-23 15:11:41'),(115,'文章管理',2,'com.ruoyi.cms.blog.controller.CmsBlogController.edit()','PUT',1,'admin',NULL,'/cms/blog','127.0.0.1','内网IP','{\"types\":[],\"tagIds\":[],\"updateTime\":1655968333743,\"params\":{},\"title\":\"你好!!!!\",\"type\":\"2\",\"content\":\"<p>和那路上看到你第三方</p><p>大师傅</p><p>啊手动阀</p><p>啊手动阀</p><p>撒旦</p>\",\"tags\":[],\"blogPic\":\"\",\"createBy\":\"admin\",\"top\":\"0\",\"createTime\":1641974788000,\"updateBy\":\"admin\",\"typeIds\":[],\"id\":17,\"views\":0,\"status\":\"1\"}','{\"msg\":\"操作成功\",\"code\":200}',0,NULL,'2022-06-23 15:12:13'),(116,'文件管理',3,'com.ruoyi.cms.fileInfo.controller.SysFileInfoController.remove()','DELETE',1,'admin',NULL,'/fileInfo/36','127.0.0.1','内网IP','{fileIds=36}','{\"msg\":\"操作成功\",\"code\":200}',0,NULL,'2022-06-23 15:12:19'),(117,'文章管理',2,'com.ruoyi.cms.blog.controller.CmsBlogController.edit()','PUT',1,'admin',NULL,'/cms/blog','127.0.0.1','内网IP','{\"types\":[],\"tagIds\":[],\"updateTime\":1655968459850,\"params\":{},\"title\":\"你好!!!!\",\"type\":\"2\",\"content\":\"<p>和那路上看到你第三方</p><p>大师傅</p><p>啊手动阀</p><p>啊手动阀</p><p>撒旦</p><p><img src=\\\"/dev-api/profile/upload/2022/06/23/edc44ffe-8cd9-4ca3-ab20-cbd563ed86f1.jpg\\\"></p>\",\"tags\":[],\"blogPic\":\"\",\"createBy\":\"admin\",\"top\":\"0\",\"createTime\":1641974788000,\"updateBy\":\"admin\",\"typeIds\":[],\"id\":17,\"views\":0,\"status\":\"1\"}','{\"msg\":\"操作成功\",\"code\":200}',0,NULL,'2022-06-23 15:14:19'),(118,'文件管理',3,'com.ruoyi.cms.fileInfo.controller.SysFileInfoController.remove()','DELETE',1,'admin',NULL,'/fileInfo/37','127.0.0.1','内网IP','{fileIds=37}','{\"msg\":\"操作成功\",\"code\":200}',0,NULL,'2022-06-23 15:14:29'),(119,'文章管理',2,'com.ruoyi.cms.blog.controller.CmsBlogController.edit()','PUT',1,'admin',NULL,'/cms/blog','127.0.0.1','内网IP','{\"types\":[],\"tagIds\":[],\"updateTime\":1655968476356,\"params\":{},\"title\":\"你好!!!!\",\"type\":\"2\",\"content\":\"<p>和那路上看到你第三方</p><p>大师傅</p><p>啊手动阀</p><p>啊手动阀</p><p>撒旦</p>\",\"tags\":[],\"blogPic\":\"\",\"createBy\":\"admin\",\"top\":\"0\",\"createTime\":1641974788000,\"updateBy\":\"admin\",\"typeIds\":[],\"id\":17,\"views\":0,\"status\":\"1\"}','{\"msg\":\"操作成功\",\"code\":200}',0,NULL,'2022-06-23 15:14:36'),(120,'文章管理',2,'com.ruoyi.cms.blog.controller.CmsBlogController.edit()','PUT',1,'admin',NULL,'/cms/blog','127.0.0.1','内网IP','{\"types\":[],\"tagIds\":[],\"updateTime\":1655969883360,\"params\":{},\"title\":\"你好!!!!\",\"type\":\"2\",\"content\":\"<p>和那路上看到你第三方</p><p>大师傅</p><p>啊手动阀</p><p>啊手动阀</p><p>撒旦</p><p><img src=\\\"data:image/jpeg;base64,/9j/4AAQSkZJRgABAQEAeAB4AAD/4QAiRXhpZgAATU0AKgAAAAgAAQESAAMAAAABAAEAAAAAAAD/2wBDAAIBAQIBAQICAgICAgICAwUDAwMDAwYEBAMFBwYHBwcGBwcICQsJCAgKCAcHCg0KCgsMDAwMBwkODw0MDgsMDAz/2wBDAQICAgMDAwYDAwYMCAcIDAwMDAwMDAwMDAwMDAwMDAwMDAwMDAwMDAwMDAwMDAwMDAwMDAwMDAwMDAwMDAwMDAz/wAARCABtAFoDASIAAhEBAxEB/8QAHwAAAQUBAQEBAQEAAAAAAAAAAAECAwQFBgcICQoL/8QAtRAAAgEDAwIEAwUFBAQAAAF9AQIDAAQRBRIhMUEGE1FhByJxFDKBkaEII0KxwRVS0fAkM2JyggkKFhcYGRolJicoKSo0NTY3ODk6Q0RFRkdISUpTVFVWV1hZWmNkZWZnaGlqc3R1dnd4eXqDhIWGh4iJipKTlJWWl5iZmqKjpKWmp6ipqrKztLW2t7i5usLDxMXGx8jJytLT1NXW19jZ2uHi4+Tl5ufo6erx8vP09fb3+Pn6/8QAHwEAAwEBAQEBAQEBAQAAAAAAAAECAwQFBgcICQoL/8QAtREAAgECBAQDBAcFBAQAAQJ3AAECAxEEBSExBhJBUQdhcRMiMoEIFEKRobHBCSMzUvAVYnLRChYkNOEl8RcYGRomJygpKjU2Nzg5OkNERUZHSElKU1RVVldYWVpjZGVmZ2hpanN0dXZ3eHl6goOEhYaHiImKkpOUlZaXmJmaoqOkpaanqKmqsrO0tba3uLm6wsPExcbHyMnK0tPU1dbX2Nna4uPk5ebn6Onq8vP09fb3+Pn6/9oADAMBAAIRAxEAPwD9uf2uvjIf2df2UPif8QVhuLlvAvhLVfEIht3SOaX7JZy3G1GkV0Vj5eAWVlBIypGQf5qv2qf+DrD9pzxv8R7eb4X+Mb74f+GrXTre2exvdI0TVrq4uRzLcyzNY7fmZgAqKqgKOM5J/pA/by8c23ww/Yb+M3ia80eDxBZ+HfAut6nPpc0hjj1KOHT55Gt2YAlVkClCQCQGzg1/EV4l1OK912+1BbVbOO8uZJYbZGLLBGWJWNSeSqjCg+gFe9k2Go1OadVXt933GdS+yPuqL/g5x/bqnKKnxraRpmAQJ4N0DJJ/hH+g17X8Mv8AgtT+394xihe8+OLWvnfME/4QvQGbHof9B4r5j/Yn/Y4+0aRaeJNYt1kvtQO+2RkJECHpjtvPUfWvu74Q/AKG1WPzdox2YAN+OO9eZnefYTDXhThG/oj7TIeG/rCVWv8ACXbD/gqf+21d2y7vjdeCTABYeDtBIJP/AG5V5H8YPiP+2T8UPHl94jv/ANo/4uWt5qBiMkOk+ILrRLFAsSIvl2lk0VvFlVBPlxruYszZZmY/Y/gj4S2dpGNscbKAOdma6DUPhHb3MzSC3jYMvXGO1fAy44qwl7kV9yPt48J5W7Re5+Z3jT4i/te6BAZE/aW+OTAZOE8eatnH/f8Arwz4mft1ftefD64P2j9or9oDyVUtvHxA1YZH/gRX6xePPg9bsrBY0LDhoj9018wftLfsp6fqukS5tl3Mcnb0AxX0WUcX+2aVWK+487NOCcPyOWH3Pgf/AIes/tR5X/jJL4+/j8QdW/8Akivr3/gjz/wXR179mj9rzQPFXx68f/E7x5pM27QG1LWtcm1kaJp97JCbtyLkzTLEr2trcMtqBJK1mifMDtPxV+0Z+zbdfDeSS/s4pG09XO+Mf8s/9qoP2SvjP4L+DXjHU9S8beA','{\"msg\":\"操作成功\",\"code\":200}',0,NULL,'2022-06-23 15:38:03'),(121,'文章管理',2,'com.ruoyi.cms.blog.controller.CmsBlogController.edit()','PUT',1,'admin',NULL,'/cms/blog','127.0.0.1','内网IP','{\"types\":[],\"tagIds\":[],\"updateTime\":1655970148039,\"params\":{},\"title\":\"你好!!!!\",\"type\":\"2\",\"content\":\"<p>和那路上看到你第三方</p><p>大师傅</p><p>啊手动阀</p><p>啊手动阀</p><p>撒旦</p>\",\"tags\":[],\"blogPic\":\"\",\"createBy\":\"admin\",\"top\":\"0\",\"createTime\":1641974788000,\"updateBy\":\"admin\",\"typeIds\":[],\"id\":17,\"views\":0,\"status\":\"1\"}','{\"msg\":\"操作成功\",\"code\":200}',0,NULL,'2022-06-23 15:42:28'),(122,'文章管理',2,'com.ruoyi.cms.blog.controller.CmsBlogController.edit()','PUT',1,'admin',NULL,'/cms/blog','127.0.0.1','内网IP','{\"types\":[],\"tagIds\":[],\"updateTime\":1655972185276,\"params\":{},\"title\":\"你好!!!!\",\"type\":\"2\",\"content\":\"<p>和那路上看到你第三方</p><p>大师傅</p><p>啊手动阀</p><p>啊手动阀</p><p class=\\\"ql-align-center\\\"><img src=\\\"data:image/jpeg;base64,/9j/4AAQSkZJRgABAQEAeAB4AAD/4QAiRXhpZgAATU0AKgAAAAgAAQESAAMAAAABAAEAAAAAAAD/2wBDAAIBAQIBAQICAgICAgICAwUDAwMDAwYEBAMFBwYHBwcGBwcICQsJCAgKCAcHCg0KCgsMDAwMBwkODw0MDgsMDAz/2wBDAQICAgMDAwYDAwYMCAcIDAwMDAwMDAwMDAwMDAwMDAwMDAwMDAwMDAwMDAwMDAwMDAwMDAwMDAwMDAwMDAwMDAz/wAARCABtAFoDASIAAhEBAxEB/8QAHwAAAQUBAQEBAQEAAAAAAAAAAAECAwQFBgcICQoL/8QAtRAAAgEDAwIEAwUFBAQAAAF9AQIDAAQRBRIhMUEGE1FhByJxFDKBkaEII0KxwRVS0fAkM2JyggkKFhcYGRolJicoKSo0NTY3ODk6Q0RFRkdISUpTVFVWV1hZWmNkZWZnaGlqc3R1dnd4eXqDhIWGh4iJipKTlJWWl5iZmqKjpKWmp6ipqrKztLW2t7i5usLDxMXGx8jJytLT1NXW19jZ2uHi4+Tl5ufo6erx8vP09fb3+Pn6/8QAHwEAAwEBAQEBAQEBAQAAAAAAAAECAwQFBgcICQoL/8QAtREAAgECBAQDBAcFBAQAAQJ3AAECAxEEBSExBhJBUQdhcRMiMoEIFEKRobHBCSMzUvAVYnLRChYkNOEl8RcYGRomJygpKjU2Nzg5OkNERUZHSElKU1RVVldYWVpjZGVmZ2hpanN0dXZ3eHl6goOEhYaHiImKkpOUlZaXmJmaoqOkpaanqKmqsrO0tba3uLm6wsPExcbHyMnK0tPU1dbX2Nna4uPk5ebn6Onq8vP09fb3+Pn6/9oADAMBAAIRAxEAPwD9uf2uvjIf2df2UPif8QVhuLlvAvhLVfEIht3SOaX7JZy3G1GkV0Vj5eAWVlBIypGQf5qv2qf+DrD9pzxv8R7eb4X+Mb74f+GrXTre2exvdI0TVrq4uRzLcyzNY7fmZgAqKqgKOM5J/pA/by8c23ww/Yb+M3ia80eDxBZ+HfAut6nPpc0hjj1KOHT55Gt2YAlVkClCQCQGzg1/EV4l1OK912+1BbVbOO8uZJYbZGLLBGWJWNSeSqjCg+gFe9k2Go1OadVXt933GdS+yPuqL/g5x/bqnKKnxraRpmAQJ4N0DJJ/hH+g17X8Mv8AgtT+394xihe8+OLWvnfME/4QvQGbHof9B4r5j/Yn/Y4+0aRaeJNYt1kvtQO+2RkJECHpjtvPUfWvu74Q/AKG1WPzdox2YAN+OO9eZnefYTDXhThG/oj7TIeG/rCVWv8ACXbD/gqf+21d2y7vjdeCTABYeDtBIJP/AG5V5H8YPiP+2T8UPHl94jv/ANo/4uWt5qBiMkOk+ILrRLFAsSIvl2lk0VvFlVBPlxruYszZZmY/Y/gj4S2dpGNscbKAOdma6DUPhHb3MzSC3jYMvXGO1fAy44qwl7kV9yPt48J5W7Re5+Z3jT4i/te6BAZE/aW+OTAZOE8eatnH/f8Arwz4mft1ftefD64P2j9or9oDyVUtvHxA1YZH/gRX6xePPg9bsrBY0LDhoj9018wftLfsp6fqukS5tl3Mcnb0AxX0WUcX+2aVWK+487NOCcPyOWH3Pgf/AIes/tR5X/jJL4+/j8QdW/8Akivr3/gjz/wXR179mj9rzQPFXx68f/E7x5pM27QG1LWtcm1kaJp97JCbtyLkzTLEr2trcMtqBJK1mifMDtPxV+0Z+zbdfDeSS/s4pG09XO+Mf8s/9qoP2S','{\"msg\":\"操作成功\",\"code\":200}',0,NULL,'2022-06-23 16:16:25'),(123,'文章管理',2,'com.ruoyi.cms.blog.controller.CmsBlogController.edit()','PUT',1,'admin',NULL,'/cms/blog','127.0.0.1','内网IP','{\"types\":[],\"tagIds\":[],\"updateTime\":1655972213893,\"params\":{},\"title\":\"你好!!!!\",\"type\":\"2\",\"content\":\"<p>和那路上看到你第三方</p><p>大师傅</p><p>啊手动阀</p><p>啊手动阀</p><p>撒旦</p>\",\"tags\":[],\"blogPic\":\"\",\"createBy\":\"admin\",\"top\":\"0\",\"createTime\":1641974788000,\"updateBy\":\"admin\",\"typeIds\":[],\"id\":17,\"views\":0,\"status\":\"1\"}','{\"msg\":\"操作成功\",\"code\":200}',0,NULL,'2022-06-23 16:16:53'),(124,'用户管理',2,'com.ruoyi.web.controller.system.SysUserController.edit()','PUT',1,'admin',NULL,'/system/user','127.0.0.1','内网IP','{\"roles\":[{\"flag\":false,\"roleId\":2,\"admin\":false,\"dataScope\":\"2\",\"params\":{},\"roleSort\":\"2\",\"deptCheckStrictly\":false,\"menuCheckStrictly\":false,\"roleKey\":\"common\",\"roleName\":\"普通角色\",\"status\":\"0\"}],\"phonenumber\":\"15666666666\",\"admin\":false,\"loginDate\":1650619700000,\"remark\":\"测试员\",\"delFlag\":\"0\",\"password\":\"\",\"updateBy\":\"admin\",\"postIds\":[2],\"loginIp\":\"127.0.0.1\",\"email\":\"ry@qq.com\",\"nickName\":\"若依\",\"sex\":\"1\",\"deptId\":105,\"avatar\":\"\",\"dept\":{\"deptName\":\"测试部门\",\"leader\":\"若依\",\"deptId\":105,\"orderNum\":\"3\",\"params\":{},\"parentId\":101,\"children\":[],\"status\":\"0\"},\"params\":{},\"userName\":\"若依\",\"userId\":2,\"createBy\":\"admin\",\"roleIds\":[2],\"createTime\":1639116734000,\"status\":\"0\"}','{\"msg\":\"操作成功\",\"code\":200}',0,NULL,'2022-07-28 09:57:07'),(125,'文章管理',2,'com.ruoyi.cms.blog.controller.CmsBlogController.edit()','PUT',1,'admin',NULL,'/cms/blog','127.0.0.1','内网IP','{\"types\":[{\"createBy\":\"admin\",\"createTime\":1641223870000,\"updateBy\":\"\",\"typePic\":\"\",\"typeName\":\"阿萨的\",\"typeId\":10,\"params\":{},\"blogNum\":0},{\"createBy\":\"admin\",\"createTime\":1641223889000,\"updateBy\":\"\",\"typePic\":\"\",\"typeName\":\"啊啊\",\"typeId\":13,\"params\":{},\"blogNum\":0}],\"tagIds\":[20,24,25],\"updateTime\":1663923853095,\"params\":{},\"title\":\"阿萨\",\"type\":\"1\",\"content\":\"<h1 class=\\\"ql-align-center\\\">测试</h1><p>1.发生的地方阿萨的</p><p>2.啊手动阀</p><p>阿萨事实上</p>\",\"tags\":[{\"createBy\":\"admin\",\"createTime\":1641221405000,\"tagId\":20,\"updateBy\":\"\",\"params\":{},\"tagName\":\"啊实打实\",\"blogNum\":0},{\"createBy\":\"admin\",\"createTime\":1641223832000,\"tagId\":24,\"updateBy\":\"\",\"params\":{},\"tagName\":\"阿松大\",\"blogNum\":0},{\"createBy\":\"admin\",\"createTime\":1641223838000,\"tagId\":25,\"updateBy\":\"\",\"params\":{},\"tagName\":\"愤愤愤\",\"blogNum\":0}],\"blogPic\":\"/profile/upload/2022/09/23/e15e8c97-4029-4346-9f45-b3d6064b86ad.jpg\",\"createBy\":\"admin\",\"top\":\"1\",\"createTime\":1641097526000,\"updateBy\":\"admin\",\"typeIds\":[10,13],\"blogDesc\":\"置顶文章\",\"id\":7,\"views\":44,\"status\":\"1\"}','{\"msg\":\"操作成功\",\"code\":200}',0,NULL,'2022-09-23 17:04:13'),(126,'文章管理',2,'com.ruoyi.cms.blog.controller.CmsBlogController.edit()','PUT',1,'admin',NULL,'/cms/blog','127.0.0.1','内网IP','{\"types\":[{\"createBy\":\"admin\",\"createTime\":1641223870000,\"updateBy\":\"\",\"typePic\":\"\",\"typeName\":\"阿萨的\",\"typeId\":10,\"params\":{},\"blogNum\":0},{\"createBy\":\"admin\",\"createTime\":1641223889000,\"updateBy\":\"\",\"typePic\":\"\",\"typeName\":\"啊啊\",\"typeId\":13,\"params\":{},\"blogNum\":0}],\"tagIds\":[20,24,25],\"updateTime\":1663924471230,\"params\":{},\"title\":\"阿萨\",\"type\":\"1\",\"content\":\"<h1 class=\\\"ql-align-center\\\">测试</h1><p>1.发生的地方阿萨的</p><p>2.啊手动阀</p><p>阿萨事实上</p>\",\"tags\":[{\"createBy\":\"admin\",\"createTime\":1641221405000,\"tagId\":20,\"updateBy\":\"\",\"params\":{},\"tagName\":\"啊实打实\",\"blogNum\":0},{\"createBy\":\"admin\",\"createTime\":1641223832000,\"tagId\":24,\"updateBy\":\"\",\"params\":{},\"tagName\":\"阿松大\",\"blogNum\":0},{\"createBy\":\"admin\",\"createTime\":1641223838000,\"tagId\":25,\"updateBy\":\"\",\"params\":{},\"tagName\":\"愤愤愤\",\"blogNum\":0}],\"blogPic\":\"\",\"createBy\":\"admin\",\"top\":\"1\",\"createTime\":1641097526000,\"updateBy\":\"admin\",\"typeIds\":[10,13],\"blogDesc\":\"置顶文章\",\"id\":7,\"views\":45,\"status\":\"1\"}','{\"msg\":\"操作成功\",\"code\":200}',0,NULL,'2022-09-23 17:14:31'),(127,'文章管理',2,'com.ruoyi.cms.blog.controller.CmsBlogController.edit()','PUT',1,'admin',NULL,'/cms/blog','127.0.0.1','内网IP','{\"types\":[{\"createBy\":\"admin\",\"createTime\":1641223870000,\"updateBy\":\"\",\"typePic\":\"\",\"typeName\":\"阿萨的\",\"typeId\":10,\"params\":{},\"blogNum\":0},{\"createBy\":\"admin\",\"createTime\":1641223889000,\"updateBy\":\"\",\"typePic\":\"\",\"typeName\":\"啊啊\",\"typeId\":13,\"params\":{},\"blogNum\":0}],\"tagIds\":[20,24,25],\"updateTime\":1663925380132,\"params\":{},\"title\":\"阿萨\",\"type\":\"1\",\"content\":\"<h1 class=\\\"ql-align-center\\\">测试</h1><p>1.发生的地方阿萨的</p><p>2.啊手动阀</p><p>阿萨事实上</p>\",\"tags\":[{\"createBy\":\"admin\",\"createTime\":1641221405000,\"tagId\":20,\"updateBy\":\"\",\"params\":{},\"tagName\":\"啊实打实\",\"blogNum\":0},{\"createBy\":\"admin\",\"createTime\":1641223832000,\"tagId\":24,\"updateBy\":\"\",\"params\":{},\"tagName\":\"阿松大\",\"blogNum\":0},{\"createBy\":\"admin\",\"createTime\":1641223838000,\"tagId\":25,\"updateBy\":\"\",\"params\":{},\"tagName\":\"愤愤愤\",\"blogNum\":0}],\"blogPic\":\"/profile/upload/2022/09/23/145645ec-e0a4-4d6f-84e1-069c6ba79350.jpg\",\"createBy\":\"admin\",\"top\":\"1\",\"createTime\":1641097526000,\"updateBy\":\"admin\",\"typeIds\":[10,13],\"blogDesc\":\"置顶文章\",\"id\":7,\"views\":45,\"status\":\"1\"}','{\"msg\":\"操作成功\",\"code\":200}',0,NULL,'2022-09-23 17:29:40'),(128,'文章管理',2,'com.ruoyi.cms.blog.controller.CmsBlogController.edit()','PUT',1,'admin',NULL,'/cms/blog','127.0.0.1','内网IP','{\"types\":[{\"createBy\":\"admin\",\"createTime\":1641223870000,\"updateBy\":\"\",\"typePic\":\"\",\"typeName\":\"阿萨的\",\"typeId\":10,\"params\":{},\"blogNum\":0},{\"createBy\":\"admin\",\"createTime\":1641223889000,\"updateBy\":\"\",\"typePic\":\"\",\"typeName\":\"啊啊\",\"typeId\":13,\"params\":{},\"blogNum\":0}],\"tagIds\":[20,24,25],\"updateTime\":1664152911772,\"params\":{},\"title\":\"阿萨\",\"type\":\"1\",\"content\":\"<h1 class=\\\"ql-align-center\\\">测试</h1><p>1.发生的地方阿萨的</p><p>2.啊手动阀</p><p>阿萨事实上</p>\",\"tags\":[{\"createBy\":\"admin\",\"createTime\":1641221405000,\"tagId\":20,\"updateBy\":\"\",\"params\":{},\"tagName\":\"啊实打实\",\"blogNum\":0},{\"createBy\":\"admin\",\"createTime\":1641223832000,\"tagId\":24,\"updateBy\":\"\",\"params\":{},\"tagName\":\"阿松大\",\"blogNum\":0},{\"createBy\":\"admin\",\"createTime\":1641223838000,\"tagId\":25,\"updateBy\":\"\",\"params\":{},\"tagName\":\"愤愤愤\",\"blogNum\":0}],\"blogPic\":\"\",\"createBy\":\"admin\",\"top\":\"1\",\"createTime\":1641097526000,\"updateBy\":\"admin\",\"typeIds\":[10,13],\"blogDesc\":\"置顶文章\",\"id\":7,\"views\":45,\"status\":\"1\"}','{\"msg\":\"操作成功\",\"code\":200}',0,NULL,'2022-09-26 08:41:51'),(129,'文件管理',3,'com.ruoyi.cms.fileInfo.controller.SysFileInfoController.remove()','DELETE',1,'admin',NULL,'/fileInfo/6','127.0.0.1','内网IP','{fileIds=6}','{\"msg\":\"操作成功\",\"code\":200}',0,NULL,'2022-09-26 14:08:57'),(130,'文件管理',3,'com.ruoyi.cms.fileInfo.controller.SysFileInfoController.remove()','DELETE',1,'admin',NULL,'/fileInfo/8','127.0.0.1','内网IP','{fileIds=8}','{\"msg\":\"操作成功\",\"code\":200}',0,NULL,'2022-09-26 14:49:41'),(131,'文件管理',3,'com.ruoyi.cms.fileInfo.controller.SysFileInfoController.remove()','DELETE',1,'admin',NULL,'/fileInfo/9','127.0.0.1','内网IP','{fileIds=9}','{\"msg\":\"操作成功\",\"code\":200}',0,NULL,'2022-09-26 14:55:38'),(132,'文件管理',3,'com.ruoyi.cms.fileInfo.controller.SysFileInfoController.remove()','DELETE',1,'admin',NULL,'/fileInfo/10','127.0.0.1','内网IP','{fileIds=10}','{\"msg\":\"操作成功\",\"code\":200}',0,NULL,'2022-09-26 14:56:22'),(133,'文件管理',3,'com.ruoyi.cms.fileInfo.controller.SysFileInfoController.remove()','DELETE',1,'admin',NULL,'/fileInfo/11','127.0.0.1','内网IP','{fileIds=11}','{\"msg\":\"操作成功\",\"code\":200}',0,NULL,'2022-09-26 14:57:14'),(134,'文件管理',3,'com.ruoyi.cms.fileInfo.controller.SysFileInfoController.remove()','DELETE',1,'admin',NULL,'/fileInfo/12','127.0.0.1','内网IP','{fileIds=12}','{\"msg\":\"操作成功\",\"code\":200}',0,NULL,'2022-09-26 16:53:44'),(135,'文件管理',3,'com.ruoyi.cms.fileInfo.controller.SysFileInfoController.remove()','DELETE',1,'admin',NULL,'/fileInfo/13','127.0.0.1','内网IP','{fileIds=13}','{\"msg\":\"操作成功\",\"code\":200}',0,NULL,'2022-09-26 17:20:16'),(136,'文件管理',3,'com.ruoyi.cms.fileInfo.controller.SysFileInfoController.remove()','DELETE',1,'admin',NULL,'/fileInfo/14','127.0.0.1','内网IP','{fileIds=14}','{\"msg\":\"操作成功\",\"code\":200}',0,NULL,'2022-09-26 17:23:24'),(137,'文件管理',3,'com.ruoyi.cms.fileInfo.controller.SysFileInfoController.remove()','DELETE',1,'admin',NULL,'/fileInfo/15','127.0.0.1','内网IP','{fileIds=15}','{\"msg\":\"操作成功\",\"code\":200}',0,NULL,'2022-09-26 17:34:09'),(138,'文件管理',3,'com.ruoyi.cms.fileInfo.controller.SysFileInfoController.remove()','DELETE',1,'admin',NULL,'/fileInfo/16','127.0.0.1','内网IP','{fileIds=16}','{\"msg\":\"操作成功\",\"code\":200}',0,NULL,'2022-09-26 17:46:18'),(139,'文章管理',2,'com.ruoyi.cms.blog.controller.CmsBlogController.edit()','PUT',1,'admin',NULL,'/cms/blog','127.0.0.1','内网IP','{\"types\":[{\"createBy\":\"admin\",\"createTime\":1641223870000,\"updateBy\":\"\",\"typePic\":\"\",\"typeName\":\"阿萨的\",\"typeId\":10,\"params\":{},\"blogNum\":0},{\"createBy\":\"admin\",\"createTime\":1641223889000,\"updateBy\":\"\",\"typePic\":\"\",\"typeName\":\"啊啊\",\"typeId\":13,\"params\":{},\"blogNum\":0}],\"tagIds\":[20,24,25],\"updateTime\":1664186580258,\"params\":{},\"title\":\"阿萨\",\"type\":\"1\",\"content\":\"<h1 class=\\\"ql-align-center\\\">测试</h1><p>1.发生的地方阿萨的</p><p>2.啊手动阀</p><p>阿萨事实上</p>\",\"tags\":[{\"createBy\":\"admin\",\"createTime\":1641221405000,\"tagId\":20,\"updateBy\":\"\",\"params\":{},\"tagName\":\"啊实打实\",\"blogNum\":0},{\"createBy\":\"admin\",\"createTime\":1641223832000,\"tagId\":24,\"updateBy\":\"\",\"params\":{},\"tagName\":\"阿松大\",\"blogNum\":0},{\"createBy\":\"admin\",\"createTime\":1641223838000,\"tagId\":25,\"updateBy\":\"\",\"params\":{},\"tagName\":\"愤愤愤\",\"blogNum\":0}],\"blogPic\":\"\",\"createBy\":\"admin\",\"top\":\"1\",\"createTime\":1641097526000,\"updateBy\":\"admin\",\"typeIds\":[10,13],\"blogDesc\":\"置顶文章\",\"id\":7,\"views\":45,\"status\":\"1\"}','{\"msg\":\"操作成功\",\"code\":200}',0,NULL,'2022-09-26 18:03:00'),(140,'文章管理',2,'com.ruoyi.cms.blog.controller.CmsBlogController.edit()','PUT',1,'admin',NULL,'/cms/blog','127.0.0.1','内网IP','{\"blogFiles\":\"[{\\\"id\\\":\\\"9d022e7e-e71b-4a85-aff1-b4b37fb5d372\\\",\\\"fileId\\\":\\\"/profile/upload/2022/09/26/4c2bac99-ef29-4ead-9f59-45a4481f3c22.docx\\\",\\\"remark\\\":\\\"萨达哈哈\\\"}]\",\"types\":[{\"createBy\":\"admin\",\"createTime\":1641223870000,\"updateBy\":\"\",\"typePic\":\"\",\"typeName\":\"阿萨的\",\"typeId\":10,\"params\":{},\"blogNum\":0},{\"createBy\":\"admin\",\"createTime\":1641223889000,\"updateBy\":\"\",\"typePic\":\"\",\"typeName\":\"啊啊\",\"typeId\":13,\"params\":{},\"blogNum\":0}],\"tagIds\":[20,24,25],\"updateTime\":1664186822468,\"params\":{},\"title\":\"阿萨\",\"type\":\"1\",\"content\":\"<h1 class=\\\"ql-align-center\\\">测试</h1><p>1.发生的地方阿萨的</p><p>2.啊手动阀</p><p>阿萨事实上</p>\",\"tags\":[{\"createBy\":\"admin\",\"createTime\":1641221405000,\"tagId\":20,\"updateBy\":\"\",\"params\":{},\"tagName\":\"啊实打实\",\"blogNum\":0},{\"createBy\":\"admin\",\"createTime\":1641223832000,\"tagId\":24,\"updateBy\":\"\",\"params\":{},\"tagName\":\"阿松大\",\"blogNum\":0},{\"createBy\":\"admin\",\"createTime\":1641223838000,\"tagId\":25,\"updateBy\":\"\",\"params\":{},\"tagName\":\"愤愤愤\",\"blogNum\":0}],\"blogPic\":\"\",\"createBy\":\"admin\",\"top\":\"1\",\"createTime\":1641097526000,\"updateBy\":\"admin\",\"typeIds\":[10,13],\"blogDesc\":\"置顶文章\",\"id\":7,\"views\":45,\"status\":\"1\"}','{\"msg\":\"操作成功\",\"code\":200}',0,NULL,'2022-09-26 18:07:02'),(141,'文件管理',3,'com.ruoyi.cms.fileInfo.controller.SysFileInfoController.remove()','DELETE',1,'admin',NULL,'/fileInfo/18','127.0.0.1','内网IP','{fileIds=18}','{\"msg\":\"操作成功\",\"code\":200}',0,NULL,'2022-09-26 18:07:22'),(142,'文件管理',3,'com.ruoyi.cms.fileInfo.controller.SysFileInfoController.remove()','DELETE',1,'admin',NULL,'/fileInfo/17','127.0.0.1','内网IP','{fileIds=17}','{\"msg\":\"操作成功\",\"code\":200}',0,NULL,'2022-09-26 18:07:24'),(143,'文章管理',2,'com.ruoyi.cms.blog.controller.CmsBlogController.edit()','PUT',1,'admin',NULL,'/cms/blog','127.0.0.1','内网IP','{\"blogFiles\":\"[]\",\"types\":[{\"createBy\":\"admin\",\"createTime\":1641223870000,\"updateBy\":\"\",\"typePic\":\"\",\"typeName\":\"阿萨的\",\"typeId\":10,\"params\":{},\"blogNum\":0},{\"createBy\":\"admin\",\"createTime\":1641223889000,\"updateBy\":\"\",\"typePic\":\"\",\"typeName\":\"啊啊\",\"typeId\":13,\"params\":{},\"blogNum\":0}],\"tagIds\":[20,24,25],\"updateTime\":1664186856411,\"params\":{},\"title\":\"阿萨\",\"type\":\"1\",\"content\":\"<h1 class=\\\"ql-align-center\\\">测试</h1><p>1.发生的地方阿萨的</p><p>2.啊手动阀</p><p>阿萨事实上</p>\",\"tags\":[{\"createBy\":\"admin\",\"createTime\":1641221405000,\"tagId\":20,\"updateBy\":\"\",\"params\":{},\"tagName\":\"啊实打实\",\"blogNum\":0},{\"createBy\":\"admin\",\"createTime\":1641223832000,\"tagId\":24,\"updateBy\":\"\",\"params\":{},\"tagName\":\"阿松大\",\"blogNum\":0},{\"createBy\":\"admin\",\"createTime\":1641223838000,\"tagId\":25,\"updateBy\":\"\",\"params\":{},\"tagName\":\"愤愤愤\",\"blogNum\":0}],\"blogPic\":\"\",\"createBy\":\"admin\",\"top\":\"1\",\"createTime\":1641097526000,\"updateBy\":\"admin\",\"typeIds\":[10,13],\"blogDesc\":\"置顶文章\",\"id\":7,\"views\":45,\"status\":\"1\"}','{\"msg\":\"操作成功\",\"code\":200}',0,NULL,'2022-09-26 18:07:36'),(144,'文件管理',3,'com.ruoyi.cms.fileInfo.controller.SysFileInfoController.remove()','DELETE',1,'admin',NULL,'/fileInfo/19','127.0.0.1','内网IP','{fileIds=19}','{\"msg\":\"操作成功\",\"code\":200}',0,NULL,'2022-09-27 08:31:17'),(145,'文件管理',3,'com.ruoyi.cms.fileInfo.controller.SysFileInfoController.remove()','DELETE',1,'admin',NULL,'/fileInfo/20','127.0.0.1','内网IP','{fileIds=20}','{\"msg\":\"操作成功\",\"code\":200}',0,NULL,'2022-09-27 08:33:10'),(146,'文件管理',3,'com.ruoyi.cms.fileInfo.controller.SysFileInfoController.remove()','DELETE',1,'admin',NULL,'/fileInfo/21','127.0.0.1','内网IP','{fileIds=21}','{\"msg\":\"操作成功\",\"code\":200}',0,NULL,'2022-09-27 08:44:18'),(147,'文件管理',3,'com.ruoyi.cms.fileInfo.controller.SysFileInfoController.remove()','DELETE',1,'admin',NULL,'/fileInfo/24','127.0.0.1','内网IP','{fileIds=24}','{\"msg\":\"操作成功\",\"code\":200}',0,NULL,'2022-09-27 09:38:09'),(148,'文件管理',3,'com.ruoyi.cms.fileInfo.controller.SysFileInfoController.remove()','DELETE',1,'admin',NULL,'/fileInfo/23','127.0.0.1','内网IP','{fileIds=23}','{\"msg\":\"操作成功\",\"code\":200}',0,NULL,'2022-09-27 09:38:12'),(149,'文件管理',3,'com.ruoyi.cms.fileInfo.controller.SysFileInfoController.remove()','DELETE',1,'admin',NULL,'/fileInfo/22','127.0.0.1','内网IP','{fileIds=22}','{\"msg\":\"操作成功\",\"code\":200}',0,NULL,'2022-09-27 09:38:13'),(150,'文件管理',3,'com.ruoyi.cms.fileInfo.controller.SysFileInfoController.remove()','DELETE',1,'admin',NULL,'/fileInfo/25','127.0.0.1','内网IP','{fileIds=25}','{\"msg\":\"操作成功\",\"code\":200}',0,NULL,'2022-09-27 09:39:51'),(151,'文件管理',3,'com.ruoyi.cms.fileInfo.controller.SysFileInfoController.remove()','DELETE',1,'admin',NULL,'/fileInfo/27','127.0.0.1','内网IP','{fileIds=27}','{\"msg\":\"操作成功\",\"code\":200}',0,NULL,'2022-09-27 09:41:06'),(152,'文件管理',3,'com.ruoyi.cms.fileInfo.controller.SysFileInfoController.remove()','DELETE',1,'admin',NULL,'/fileInfo/26','127.0.0.1','内网IP','{fileIds=26}','{\"msg\":\"操作成功\",\"code\":200}',0,NULL,'2022-09-27 09:41:08'),(153,'文章管理',2,'com.ruoyi.cms.blog.controller.CmsBlogController.edit()','PUT',1,'admin',NULL,'/cms/blog','127.0.0.1','内网IP','{\"blogFiles\":\"[{\\\"id\\\":\\\"0ff944fe-7b0c-47bf-8600-99368ef31bef\\\",\\\"fileId\\\":\\\"\\\",\\\"fileOriginName\\\":\\\"\\\",\\\"fileSuffix\\\":\\\"\\\",\\\"fileSize\\\":\\\"\\\",\\\"remark\\\":\\\"\\\"}]\",\"types\":[{\"createBy\":\"admin\",\"createTime\":1641223870000,\"updateBy\":\"\",\"typePic\":\"\",\"typeName\":\"阿萨的\",\"typeId\":10,\"params\":{},\"blogNum\":0},{\"createBy\":\"admin\",\"createTime\":1641223889000,\"updateBy\":\"\",\"typePic\":\"\",\"typeName\":\"啊啊\",\"typeId\":13,\"params\":{},\"blogNum\":0}],\"tagIds\":[20,24,25],\"updateTime\":1664243596257,\"params\":{},\"title\":\"阿萨\",\"type\":\"1\",\"content\":\"<h1 class=\\\"ql-align-center\\\">测试</h1><p>1.发生的地方阿萨的</p><p>2.啊手动阀</p><p>阿萨事实上</p>\",\"tags\":[{\"createBy\":\"admin\",\"createTime\":1641221405000,\"tagId\":20,\"updateBy\":\"\",\"params\":{},\"tagName\":\"啊实打实\",\"blogNum\":0},{\"createBy\":\"admin\",\"createTime\":1641223832000,\"tagId\":24,\"updateBy\":\"\",\"params\":{},\"tagName\":\"阿松大\",\"blogNum\":0},{\"createBy\":\"admin\",\"createTime\":1641223838000,\"tagId\":25,\"updateBy\":\"\",\"params\":{},\"tagName\":\"愤愤愤\",\"blogNum\":0}],\"blogPic\":\"\",\"createBy\":\"admin\",\"top\":\"1\",\"createTime\":1641097526000,\"updateBy\":\"admin\",\"typeIds\":[10,13],\"blogDesc\":\"置顶文章\",\"id\":7,\"views\":45,\"status\":\"1\"}','{\"msg\":\"操作成功\",\"code\":200}',0,NULL,'2022-09-27 09:53:16'),(154,'文章管理',2,'com.ruoyi.cms.blog.controller.CmsBlogController.edit()','PUT',1,'admin',NULL,'/cms/blog','127.0.0.1','内网IP','{\"blogFiles\":\"[]\",\"types\":[{\"createBy\":\"admin\",\"createTime\":1641223870000,\"updateBy\":\"\",\"typePic\":\"\",\"typeName\":\"阿萨的\",\"typeId\":10,\"params\":{},\"blogNum\":0},{\"createBy\":\"admin\",\"createTime\":1641223889000,\"updateBy\":\"\",\"typePic\":\"\",\"typeName\":\"啊啊\",\"typeId\":13,\"params\":{},\"blogNum\":0}],\"tagIds\":[20,24,25],\"updateTime\":1664243603587,\"params\":{},\"title\":\"阿萨\",\"type\":\"1\",\"content\":\"<h1 class=\\\"ql-align-center\\\">测试</h1><p>1.发生的地方阿萨的</p><p>2.啊手动阀</p><p>阿萨事实上</p>\",\"tags\":[{\"createBy\":\"admin\",\"createTime\":1641221405000,\"tagId\":20,\"updateBy\":\"\",\"params\":{},\"tagName\":\"啊实打实\",\"blogNum\":0},{\"createBy\":\"admin\",\"createTime\":1641223832000,\"tagId\":24,\"updateBy\":\"\",\"params\":{},\"tagName\":\"阿松大\",\"blogNum\":0},{\"createBy\":\"admin\",\"createTime\":1641223838000,\"tagId\":25,\"updateBy\":\"\",\"params\":{},\"tagName\":\"愤愤愤\",\"blogNum\":0}],\"blogPic\":\"\",\"createBy\":\"admin\",\"top\":\"1\",\"createTime\":1641097526000,\"updateBy\":\"admin\",\"typeIds\":[10,13],\"blogDesc\":\"置顶文章\",\"id\":7,\"views\":45,\"status\":\"1\"}','{\"msg\":\"操作成功\",\"code\":200}',0,NULL,'2022-09-27 09:53:23'),(155,'文章管理',2,'com.ruoyi.cms.blog.controller.CmsBlogController.edit()','PUT',1,'admin',NULL,'/cms/blog','127.0.0.1','内网IP','{\"blogFiles\":\"[{\\\"id\\\":\\\"1ea8b15c-685f-4ca0-93f3-9612864d8628\\\",\\\"fileId\\\":\\\"/profile/upload/2022/09/27/fe314261-dde9-43bd-83de-a1f149bc23a5.docx\\\",\\\"fileOriginName\\\":\\\"新建 Microsoft Word 文档.docx\\\",\\\"fileSuffix\\\":\\\"docx\\\",\\\"fileSize\\\":\\\"0kB\\\",\\\"remark\\\":\\\"阿萨\\\"}]\",\"types\":[{\"createBy\":\"admin\",\"createTime\":1641223870000,\"updateBy\":\"\",\"typePic\":\"\",\"typeName\":\"阿萨的\",\"typeId\":10,\"params\":{},\"blogNum\":0},{\"createBy\":\"admin\",\"createTime\":1641223889000,\"updateBy\":\"\",\"typePic\":\"\",\"typeName\":\"啊啊\",\"typeId\":13,\"params\":{},\"blogNum\":0}],\"tagIds\":[20,24,25],\"updateTime\":1664243764496,\"params\":{},\"title\":\"阿萨\",\"type\":\"1\",\"content\":\"<h1 class=\\\"ql-align-center\\\">测试</h1><p>1.发生的地方阿萨的</p><p>2.啊手动阀</p><p>阿萨事实上</p>\",\"tags\":[{\"createBy\":\"admin\",\"createTime\":1641221405000,\"tagId\":20,\"updateBy\":\"\",\"params\":{},\"tagName\":\"啊实打实\",\"blogNum\":0},{\"createBy\":\"admin\",\"createTime\":1641223832000,\"tagId\":24,\"updateBy\":\"\",\"params\":{},\"tagName\":\"阿松大\",\"blogNum\":0},{\"createBy\":\"admin\",\"createTime\":1641223838000,\"tagId\":25,\"updateBy\":\"\",\"params\":{},\"tagName\":\"愤愤愤\",\"blogNum\":0}],\"blogPic\":\"\",\"createBy\":\"admin\",\"top\":\"1\",\"createTime\":1641097526000,\"updateBy\":\"admin\",\"typeIds\":[10,13],\"blogDesc\":\"置顶文章\",\"id\":7,\"views\":45,\"status\":\"1\"}','{\"msg\":\"操作成功\",\"code\":200}',0,NULL,'2022-09-27 09:56:04'),(156,'文章管理',2,'com.ruoyi.cms.blog.controller.CmsBlogController.edit()','PUT',1,'admin',NULL,'/cms/blog','127.0.0.1','内网IP','{\"blogFiles\":\"[{\\\"id\\\":\\\"1ea8b15c-685f-4ca0-93f3-9612864d8628\\\",\\\"fileId\\\":\\\"/profile/upload/2022/09/27/fe314261-dde9-43bd-83de-a1f149bc23a5.docx\\\",\\\"fileOriginName\\\":\\\"新建 Microsoft Word 文档.docx\\\",\\\"fileSuffix\\\":\\\"docx\\\",\\\"fileSize\\\":\\\"0kB\\\",\\\"remark\\\":\\\"阿萨\\\"}]\",\"types\":[{\"createBy\":\"admin\",\"createTime\":1641223870000,\"updateBy\":\"\",\"typePic\":\"\",\"typeName\":\"阿萨的\",\"typeId\":10,\"params\":{},\"blogNum\":0},{\"createBy\":\"admin\",\"createTime\":1641223889000,\"updateBy\":\"\",\"typePic\":\"\",\"typeName\":\"啊啊\",\"typeId\":13,\"params\":{},\"blogNum\":0}],\"tagIds\":[20,24,25],\"updateTime\":1664243857015,\"params\":{},\"title\":\"阿萨\",\"type\":\"1\",\"content\":\"<h1 class=\\\"ql-align-center\\\">测试</h1><p>1.发生的地方阿萨的</p><p>2.啊手动阀</p><p>阿萨事实上</p>\",\"tags\":[{\"createBy\":\"admin\",\"createTime\":1641221405000,\"tagId\":20,\"updateBy\":\"\",\"params\":{},\"tagName\":\"啊实打实\",\"blogNum\":0},{\"createBy\":\"admin\",\"createTime\":1641223832000,\"tagId\":24,\"updateBy\":\"\",\"params\":{},\"tagName\":\"阿松大\",\"blogNum\":0},{\"createBy\":\"admin\",\"createTime\":1641223838000,\"tagId\":25,\"updateBy\":\"\",\"params\":{},\"tagName\":\"愤愤愤\",\"blogNum\":0}],\"blogPic\":\"\",\"createBy\":\"admin\",\"top\":\"1\",\"createTime\":1641097526000,\"updateBy\":\"admin\",\"typeIds\":[10,13],\"blogDesc\":\"置顶文章\",\"id\":7,\"views\":45,\"status\":\"1\"}','{\"msg\":\"操作成功\",\"code\":200}',0,NULL,'2022-09-27 09:57:37'),(157,'文章管理',2,'com.ruoyi.cms.blog.controller.CmsBlogController.edit()','PUT',1,'admin',NULL,'/cms/blog','127.0.0.1','内网IP','{\"blogFiles\":\"[{\\\"id\\\":\\\"1ea8b15c-685f-4ca0-93f3-9612864d8628\\\",\\\"fileId\\\":\\\"/profile/upload/2022/09/27/fe314261-dde9-43bd-83de-a1f149bc23a5.docx\\\",\\\"fileOriginName\\\":\\\"新建 Microsoft Word 文档.docx\\\",\\\"fileSuffix\\\":\\\"docx\\\",\\\"fileSize\\\":\\\"0kB\\\",\\\"remark\\\":\\\"阿萨\\\"}]\",\"types\":[{\"createBy\":\"admin\",\"createTime\":1641223870000,\"updateBy\":\"\",\"typePic\":\"\",\"typeName\":\"阿萨的\",\"typeId\":10,\"params\":{},\"blogNum\":0},{\"createBy\":\"admin\",\"createTime\":1641223889000,\"updateBy\":\"\",\"typePic\":\"\",\"typeName\":\"啊啊\",\"typeId\":13,\"params\":{},\"blogNum\":0}],\"tagIds\":[20,24,25],\"updateTime\":1664243869980,\"params\":{},\"title\":\"阿萨\",\"type\":\"1\",\"content\":\"<h1 class=\\\"ql-align-center\\\">测试</h1><p>1.发生的地方阿萨的</p><p>2.啊手动阀</p><p>阿萨事实上</p>\",\"tags\":[{\"createBy\":\"admin\",\"createTime\":1641221405000,\"tagId\":20,\"updateBy\":\"\",\"params\":{},\"tagName\":\"啊实打实\",\"blogNum\":0},{\"createBy\":\"admin\",\"createTime\":1641223832000,\"tagId\":24,\"updateBy\":\"\",\"params\":{},\"tagName\":\"阿松大\",\"blogNum\":0},{\"createBy\":\"admin\",\"createTime\":1641223838000,\"tagId\":25,\"updateBy\":\"\",\"params\":{},\"tagName\":\"愤愤愤\",\"blogNum\":0}],\"blogPic\":\"\",\"createBy\":\"admin\",\"top\":\"1\",\"createTime\":1641097526000,\"updateBy\":\"admin\",\"typeIds\":[10,13],\"blogDesc\":\"置顶文章\",\"id\":7,\"views\":45,\"status\":\"1\"}','{\"msg\":\"操作成功\",\"code\":200}',0,NULL,'2022-09-27 09:57:50'),(158,'文章管理',2,'com.ruoyi.cms.blog.controller.CmsBlogController.edit()','PUT',1,'admin',NULL,'/cms/blog','127.0.0.1','内网IP','{\"blogFiles\":\"[{\\\"id\\\":\\\"1ea8b15c-685f-4ca0-93f3-9612864d8628\\\",\\\"fileId\\\":\\\"/profile/upload/2022/09/27/fe314261-dde9-43bd-83de-a1f149bc23a5.docx\\\",\\\"fileOriginName\\\":\\\"新建 Microsoft Word 文档.docx\\\",\\\"fileSuffix\\\":\\\"docx\\\",\\\"fileSize\\\":\\\"0kB\\\",\\\"remark\\\":\\\"阿萨\\\"}]\",\"types\":[{\"createBy\":\"admin\",\"createTime\":1641223870000,\"updateBy\":\"\",\"typePic\":\"\",\"typeName\":\"阿萨的\",\"typeId\":10,\"params\":{},\"blogNum\":0},{\"createBy\":\"admin\",\"createTime\":1641223889000,\"updateBy\":\"\",\"typePic\":\"\",\"typeName\":\"啊啊\",\"typeId\":13,\"params\":{},\"blogNum\":0}],\"tagIds\":[20,24,25],\"updateTime\":1664244221447,\"params\":{},\"title\":\"阿萨\",\"type\":\"1\",\"content\":\"<h1 class=\\\"ql-align-center\\\">测试</h1><p>1.发生的地方阿萨的</p><p>2.啊手动阀</p><p>阿萨事实上</p>\",\"tags\":[{\"createBy\":\"admin\",\"createTime\":1641221405000,\"tagId\":20,\"updateBy\":\"\",\"params\":{},\"tagName\":\"啊实打实\",\"blogNum\":0},{\"createBy\":\"admin\",\"createTime\":1641223832000,\"tagId\":24,\"updateBy\":\"\",\"params\":{},\"tagName\":\"阿松大\",\"blogNum\":0},{\"createBy\":\"admin\",\"createTime\":1641223838000,\"tagId\":25,\"updateBy\":\"\",\"params\":{},\"tagName\":\"愤愤愤\",\"blogNum\":0}],\"blogPic\":\"\",\"createBy\":\"admin\",\"top\":\"1\",\"createTime\":1641097526000,\"updateBy\":\"admin\",\"typeIds\":[10,13],\"blogDesc\":\"置顶文章\",\"id\":7,\"views\":45,\"status\":\"1\"}','{\"msg\":\"操作成功\",\"code\":200}',0,NULL,'2022-09-27 10:03:41'),(159,'文章管理',2,'com.ruoyi.cms.blog.controller.CmsBlogController.edit()','PUT',1,'admin',NULL,'/cms/blog','127.0.0.1','内网IP','{\"blogFiles\":\"[]\",\"types\":[{\"createBy\":\"admin\",\"createTime\":1641223870000,\"updateBy\":\"\",\"typePic\":\"\",\"typeName\":\"阿萨的\",\"typeId\":10,\"params\":{},\"blogNum\":0},{\"createBy\":\"admin\",\"createTime\":1641223889000,\"updateBy\":\"\",\"typePic\":\"\",\"typeName\":\"啊啊\",\"typeId\":13,\"params\":{},\"blogNum\":0}],\"tagIds\":[20,24,25],\"updateTime\":1664244336965,\"params\":{},\"title\":\"阿萨\",\"type\":\"1\",\"content\":\"<h1 class=\\\"ql-align-center\\\">测试</h1><p>1.发生的地方阿萨的</p><p>2.啊手动阀</p><p>阿萨事实上</p>\",\"tags\":[{\"createBy\":\"admin\",\"createTime\":1641221405000,\"tagId\":20,\"updateBy\":\"\",\"params\":{},\"tagName\":\"啊实打实\",\"blogNum\":0},{\"createBy\":\"admin\",\"createTime\":1641223832000,\"tagId\":24,\"updateBy\":\"\",\"params\":{},\"tagName\":\"阿松大\",\"blogNum\":0},{\"createBy\":\"admin\",\"createTime\":1641223838000,\"tagId\":25,\"updateBy\":\"\",\"params\":{},\"tagName\":\"愤愤愤\",\"blogNum\":0}],\"blogPic\":\"\",\"createBy\":\"admin\",\"top\":\"1\",\"createTime\":1641097526000,\"updateBy\":\"admin\",\"typeIds\":[10,13],\"blogDesc\":\"置顶文章\",\"id\":7,\"views\":45,\"status\":\"1\"}','{\"msg\":\"操作成功\",\"code\":200}',0,NULL,'2022-09-27 10:05:37'),(160,'文章管理',2,'com.ruoyi.cms.blog.controller.CmsBlogController.edit()','PUT',1,'admin',NULL,'/cms/blog','127.0.0.1','内网IP','{\"blogFiles\":\"[]\",\"types\":[{\"createBy\":\"admin\",\"createTime\":1641223870000,\"updateBy\":\"\",\"typePic\":\"\",\"typeName\":\"阿萨的\",\"typeId\":10,\"params\":{},\"blogNum\":0},{\"createBy\":\"admin\",\"createTime\":1641223889000,\"updateBy\":\"\",\"typePic\":\"\",\"typeName\":\"啊啊\",\"typeId\":13,\"params\":{},\"blogNum\":0}],\"tagIds\":[20,24,25],\"updateTime\":1664244345275,\"params\":{},\"title\":\"阿萨\",\"type\":\"1\",\"content\":\"<h1 class=\\\"ql-align-center\\\">测试</h1><p>1.发生的地方阿萨的</p><p>2.啊手动阀</p><p>阿萨事实上</p>\",\"tags\":[{\"createBy\":\"admin\",\"createTime\":1641221405000,\"tagId\":20,\"updateBy\":\"\",\"params\":{},\"tagName\":\"啊实打实\",\"blogNum\":0},{\"createBy\":\"admin\",\"createTime\":1641223832000,\"tagId\":24,\"updateBy\":\"\",\"params\":{},\"tagName\":\"阿松大\",\"blogNum\":0},{\"createBy\":\"admin\",\"createTime\":1641223838000,\"tagId\":25,\"updateBy\":\"\",\"params\":{},\"tagName\":\"愤愤愤\",\"blogNum\":0}],\"blogPic\":\"\",\"createBy\":\"admin\",\"top\":\"1\",\"createTime\":1641097526000,\"updateBy\":\"admin\",\"typeIds\":[10,13],\"blogDesc\":\"置顶文章\",\"id\":7,\"views\":45,\"status\":\"1\"}','{\"msg\":\"操作成功\",\"code\":200}',0,NULL,'2022-09-27 10:05:45'),(161,'文件管理',3,'com.ruoyi.cms.fileInfo.controller.SysFileInfoController.remove()','DELETE',1,'admin',NULL,'/fileInfo/28','127.0.0.1','内网IP','{fileIds=28}','{\"msg\":\"操作成功\",\"code\":200}',0,NULL,'2022-09-27 10:06:03'),(162,'文章管理',2,'com.ruoyi.cms.blog.controller.CmsBlogController.edit()','PUT',1,'admin',NULL,'/cms/blog','127.0.0.1','内网IP','{\"blogFiles\":\"[{\\\"id\\\":\\\"51bea44c-17a6-4120-8472-e9b481c044f1\\\",\\\"fileId\\\":\\\"/profile/upload/2022/09/27/cffa8b9b-fbbc-41ce-9581-eab3c1549cdb.xlsx\\\",\\\"fileOriginName\\\":\\\"新建 Microsoft Excel 工作表.xlsx\\\",\\\"fileSuffix\\\":\\\"xlsx\\\",\\\"fileSize\\\":\\\"8.51 kB\\\",\\\"remark\\\":\\\"去\\\"}]\",\"types\":[{\"createBy\":\"admin\",\"createTime\":1641223870000,\"updateBy\":\"\",\"typePic\":\"\",\"typeName\":\"阿萨的\",\"typeId\":10,\"params\":{},\"blogNum\":0},{\"createBy\":\"admin\",\"createTime\":1641223889000,\"updateBy\":\"\",\"typePic\":\"\",\"typeName\":\"啊啊\",\"typeId\":13,\"params\":{},\"blogNum\":0}],\"tagIds\":[20,24,25],\"updateTime\":1664244378308,\"params\":{},\"title\":\"阿萨\",\"type\":\"1\",\"content\":\"<h1 class=\\\"ql-align-center\\\">测试</h1><p>1.发生的地方阿萨的</p><p>2.啊手动阀</p><p>阿萨事实上</p>\",\"tags\":[{\"createBy\":\"admin\",\"createTime\":1641221405000,\"tagId\":20,\"updateBy\":\"\",\"params\":{},\"tagName\":\"啊实打实\",\"blogNum\":0},{\"createBy\":\"admin\",\"createTime\":1641223832000,\"tagId\":24,\"updateBy\":\"\",\"params\":{},\"tagName\":\"阿松大\",\"blogNum\":0},{\"createBy\":\"admin\",\"createTime\":1641223838000,\"tagId\":25,\"updateBy\":\"\",\"params\":{},\"tagName\":\"愤愤愤\",\"blogNum\":0}],\"blogPic\":\"\",\"createBy\":\"admin\",\"top\":\"1\",\"createTime\":1641097526000,\"updateBy\":\"admin\",\"typeIds\":[10,13],\"blogDesc\":\"置顶文章\",\"id\":7,\"views\":45,\"status\":\"1\"}','{\"msg\":\"操作成功\",\"code\":200}',0,NULL,'2022-09-27 10:06:18'),(163,'文章管理',2,'com.ruoyi.cms.blog.controller.CmsBlogController.edit()','PUT',1,'admin',NULL,'/cms/blog','127.0.0.1','内网IP','{\"blogFiles\":\"[]\",\"types\":[{\"createBy\":\"admin\",\"createTime\":1641223870000,\"updateBy\":\"\",\"typePic\":\"\",\"typeName\":\"阿萨的\",\"typeId\":10,\"params\":{},\"blogNum\":0},{\"createBy\":\"admin\",\"createTime\":1641223889000,\"updateBy\":\"\",\"typePic\":\"\",\"typeName\":\"啊啊\",\"typeId\":13,\"params\":{},\"blogNum\":0}],\"tagIds\":[20,24,25],\"updateTime\":1664245057591,\"params\":{},\"title\":\"阿萨\",\"type\":\"1\",\"content\":\"<h1 class=\\\"ql-align-center\\\">测试</h1><p>1.发生的地方阿萨的</p><p>2.啊手动阀</p><p>阿萨事实上</p>\",\"tags\":[{\"createBy\":\"admin\",\"createTime\":1641221405000,\"tagId\":20,\"updateBy\":\"\",\"params\":{},\"tagName\":\"啊实打实\",\"blogNum\":0},{\"createBy\":\"admin\",\"createTime\":1641223832000,\"tagId\":24,\"updateBy\":\"\",\"params\":{},\"tagName\":\"阿松大\",\"blogNum\":0},{\"createBy\":\"admin\",\"createTime\":1641223838000,\"tagId\":25,\"updateBy\":\"\",\"params\":{},\"tagName\":\"愤愤愤\",\"blogNum\":0}],\"blogPic\":\"\",\"createBy\":\"admin\",\"top\":\"1\",\"createTime\":1641097526000,\"updateBy\":\"admin\",\"typeIds\":[10,13],\"blogDesc\":\"置顶文章\",\"id\":7,\"views\":45,\"status\":\"1\"}','{\"msg\":\"操作成功\",\"code\":200}',0,NULL,'2022-09-27 10:17:37'),(164,'文件管理',3,'com.ruoyi.cms.fileInfo.controller.SysFileInfoController.remove()','DELETE',1,'admin',NULL,'/fileInfo/29','127.0.0.1','内网IP','{fileIds=29}','{\"msg\":\"操作成功\",\"code\":200}',0,NULL,'2022-09-27 10:17:42'),(165,'文件管理',3,'com.ruoyi.cms.fileInfo.controller.SysFileInfoController.remove()','DELETE',1,'admin',NULL,'/fileInfo/30','127.0.0.1','内网IP','{fileIds=30}','{\"msg\":\"操作成功\",\"code\":200}',0,NULL,'2022-09-27 10:18:50'),(166,'文章管理',2,'com.ruoyi.cms.blog.controller.CmsBlogController.edit()','PUT',1,'admin',NULL,'/cms/blog','127.0.0.1','内网IP','{\"blogFiles\":\"[{\\\"id\\\":\\\"9993df63-41c6-4532-acf9-204870ea4fa2\\\",\\\"fileId\\\":\\\"/profile/upload/2022/09/27/50a8815a-ba58-43e4-be19-7e83b808e591.xlsx\\\",\\\"fileOriginName\\\":\\\"新建 Microsoft Excel 工作表.xlsx\\\",\\\"fileSuffix\\\":\\\"xlsx\\\",\\\"fileSize\\\":\\\"8.51 kB\\\",\\\"filePath\\\":\\\"/profile/upload/2022/09/27/50a8815a-ba58-43e4-be19-7e83b808e591.xlsx\\\",\\\"remark\\\":\\\"1\\\"}]\",\"types\":[{\"createBy\":\"admin\",\"createTime\":1641223870000,\"updateBy\":\"\",\"typePic\":\"\",\"typeName\":\"阿萨的\",\"typeId\":10,\"params\":{},\"blogNum\":0},{\"createBy\":\"admin\",\"createTime\":1641223889000,\"updateBy\":\"\",\"typePic\":\"\",\"typeName\":\"啊啊\",\"typeId\":13,\"params\":{},\"blogNum\":0}],\"tagIds\":[20,24,25],\"updateTime\":1664245158024,\"params\":{},\"title\":\"阿萨\",\"type\":\"1\",\"content\":\"<h1 class=\\\"ql-align-center\\\">测试</h1><p>1.发生的地方阿萨的</p><p>2.啊手动阀</p><p>阿萨事实上</p>\",\"tags\":[{\"createBy\":\"admin\",\"createTime\":1641221405000,\"tagId\":20,\"updateBy\":\"\",\"params\":{},\"tagName\":\"啊实打实\",\"blogNum\":0},{\"createBy\":\"admin\",\"createTime\":1641223832000,\"tagId\":24,\"updateBy\":\"\",\"params\":{},\"tagName\":\"阿松大\",\"blogNum\":0},{\"createBy\":\"admin\",\"createTime\":1641223838000,\"tagId\":25,\"updateBy\":\"\",\"params\":{},\"tagName\":\"愤愤愤\",\"blogNum\":0}],\"blogPic\":\"\",\"createBy\":\"admin\",\"top\":\"1\",\"createTime\":1641097526000,\"updateBy\":\"admin\",\"typeIds\":[10,13],\"blogDesc\":\"置顶文章\",\"id\":7,\"views\":45,\"status\":\"1\"}','{\"msg\":\"操作成功\",\"code\":200}',0,NULL,'2022-09-27 10:19:18'),(167,'文件管理',3,'com.ruoyi.cms.fileInfo.controller.SysFileInfoController.remove()','DELETE',1,'admin',NULL,'/fileInfo/32','127.0.0.1','内网IP','{fileIds=32}','{\"msg\":\"操作成功\",\"code\":200}',0,NULL,'2022-09-27 10:20:31'),(168,'文件管理',3,'com.ruoyi.cms.fileInfo.controller.SysFileInfoController.remove()','DELETE',1,'admin',NULL,'/fileInfo/31','127.0.0.1','内网IP','{fileIds=31}','{\"msg\":\"操作成功\",\"code\":200}',0,NULL,'2022-09-27 10:20:33'),(169,'文章管理',2,'com.ruoyi.cms.blog.controller.CmsBlogController.edit()','PUT',1,'admin',NULL,'/cms/blog','127.0.0.1','内网IP','{\"blogFiles\":\"[]\",\"types\":[{\"createBy\":\"admin\",\"createTime\":1641223870000,\"updateBy\":\"\",\"typePic\":\"\",\"typeName\":\"阿萨的\",\"typeId\":10,\"params\":{},\"blogNum\":0},{\"createBy\":\"admin\",\"createTime\":1641223889000,\"updateBy\":\"\",\"typePic\":\"\",\"typeName\":\"啊啊\",\"typeId\":13,\"params\":{},\"blogNum\":0}],\"tagIds\":[20,24,25],\"updateTime\":1664246027571,\"params\":{},\"title\":\"阿萨\",\"type\":\"1\",\"content\":\"<h1 class=\\\"ql-align-center\\\">测试</h1><p>1.发生的地方阿萨的</p><p>2.啊手动阀</p><p>阿萨事实上</p>\",\"tags\":[{\"createBy\":\"admin\",\"createTime\":1641221405000,\"tagId\":20,\"updateBy\":\"\",\"params\":{},\"tagName\":\"啊实打实\",\"blogNum\":0},{\"createBy\":\"admin\",\"createTime\":1641223832000,\"tagId\":24,\"updateBy\":\"\",\"params\":{},\"tagName\":\"阿松大\",\"blogNum\":0},{\"createBy\":\"admin\",\"createTime\":1641223838000,\"tagId\":25,\"updateBy\":\"\",\"params\":{},\"tagName\":\"愤愤愤\",\"blogNum\":0}],\"blogPic\":\"\",\"createBy\":\"admin\",\"top\":\"1\",\"createTime\":1641097526000,\"updateBy\":\"admin\",\"typeIds\":[10,13],\"blogDesc\":\"置顶文章\",\"id\":7,\"views\":49,\"status\":\"1\"}','{\"msg\":\"操作成功\",\"code\":200}',0,NULL,'2022-09-27 10:33:47'),(170,'文章管理',2,'com.ruoyi.cms.blog.controller.CmsBlogController.edit()','PUT',1,'admin',NULL,'/cms/blog','127.0.0.1','内网IP','{\"blogFiles\":\"[{\\\"id\\\":\\\"b058b435-9196-4e30-8347-738b3cdc2539\\\",\\\"fileId\\\":\\\"/profile/upload/2022/09/27/46b96ff0-cbfb-4783-8d0f-38913de75c6c.xlsx\\\",\\\"fileOriginName\\\":\\\"新建 Microsoft Excel 工作表.xlsx\\\",\\\"fileSuffix\\\":\\\"xlsx\\\",\\\"fileSize\\\":\\\"8.51 kB\\\",\\\"filePath\\\":\\\"/profile/upload/2022/09/27/46b96ff0-cbfb-4783-8d0f-38913de75c6c.xlsx\\\",\\\"remark\\\":\\\"是\\\"}]\",\"types\":[{\"createBy\":\"admin\",\"createTime\":1641223870000,\"updateBy\":\"\",\"typePic\":\"\",\"typeName\":\"阿萨的\",\"typeId\":10,\"params\":{},\"blogNum\":0},{\"createBy\":\"admin\",\"createTime\":1641223889000,\"updateBy\":\"\",\"typePic\":\"\",\"typeName\":\"啊啊\",\"typeId\":13,\"params\":{},\"blogNum\":0}],\"tagIds\":[20,24,25],\"updateTime\":1664246041688,\"params\":{},\"title\":\"阿萨\",\"type\":\"1\",\"content\":\"<h1 class=\\\"ql-align-center\\\">测试</h1><p>1.发生的地方阿萨的</p><p>2.啊手动阀</p><p>阿萨事实上</p>\",\"tags\":[{\"createBy\":\"admin\",\"createTime\":1641221405000,\"tagId\":20,\"updateBy\":\"\",\"params\":{},\"tagName\":\"啊实打实\",\"blogNum\":0},{\"createBy\":\"admin\",\"createTime\":1641223832000,\"tagId\":24,\"updateBy\":\"\",\"params\":{},\"tagName\":\"阿松大\",\"blogNum\":0},{\"createBy\":\"admin\",\"createTime\":1641223838000,\"tagId\":25,\"updateBy\":\"\",\"params\":{},\"tagName\":\"愤愤愤\",\"blogNum\":0}],\"blogPic\":\"\",\"createBy\":\"admin\",\"top\":\"1\",\"createTime\":1641097526000,\"updateBy\":\"admin\",\"typeIds\":[10,13],\"blogDesc\":\"置顶文章\",\"id\":7,\"views\":49,\"status\":\"1\"}','{\"msg\":\"操作成功\",\"code\":200}',0,NULL,'2022-09-27 10:34:01'),(171,'文章管理',2,'com.ruoyi.cms.blog.controller.CmsBlogController.edit()','PUT',1,'admin',NULL,'/cms/blog','127.0.0.1','内网IP','{\"blogFiles\":\"[]\",\"types\":[{\"createBy\":\"admin\",\"createTime\":1641223870000,\"updateBy\":\"\",\"typePic\":\"\",\"typeName\":\"阿萨的\",\"typeId\":10,\"params\":{},\"blogNum\":0},{\"createBy\":\"admin\",\"createTime\":1641223889000,\"updateBy\":\"\",\"typePic\":\"\",\"typeName\":\"啊啊\",\"typeId\":13,\"params\":{},\"blogNum\":0}],\"tagIds\":[20,24,25],\"updateTime\":1664246859741,\"params\":{},\"title\":\"阿萨\",\"type\":\"1\",\"content\":\"<h1 class=\\\"ql-align-center\\\">测试</h1><p>1.发生的地方阿萨的</p><p>2.啊手动阀</p><p>阿萨事实上</p>\",\"tags\":[{\"createBy\":\"admin\",\"createTime\":1641221405000,\"tagId\":20,\"updateBy\":\"\",\"params\":{},\"tagName\":\"啊实打实\",\"blogNum\":0},{\"createBy\":\"admin\",\"createTime\":1641223832000,\"tagId\":24,\"updateBy\":\"\",\"params\":{},\"tagName\":\"阿松大\",\"blogNum\":0},{\"createBy\":\"admin\",\"createTime\":1641223838000,\"tagId\":25,\"updateBy\":\"\",\"params\":{},\"tagName\":\"愤愤愤\",\"blogNum\":0}],\"blogPic\":\"\",\"createBy\":\"admin\",\"top\":\"1\",\"createTime\":1641097526000,\"updateBy\":\"admin\",\"typeIds\":[10,13],\"blogDesc\":\"置顶文章\",\"id\":7,\"views\":58,\"status\":\"1\"}','{\"msg\":\"操作成功\",\"code\":200}',0,NULL,'2022-09-27 10:47:39'),(172,'文件管理',3,'com.ruoyi.cms.fileInfo.controller.SysFileInfoController.remove()','DELETE',1,'admin',NULL,'/fileInfo/33','127.0.0.1','内网IP','{fileIds=33}','{\"msg\":\"操作成功\",\"code\":200}',0,NULL,'2022-09-27 10:47:43'),(173,'文件管理',3,'com.ruoyi.cms.fileInfo.controller.SysFileInfoController.remove()','DELETE',1,'admin',NULL,'/fileInfo/34','127.0.0.1','内网IP','{fileIds=34}','{\"msg\":\"操作成功\",\"code\":200}',0,NULL,'2022-09-27 10:48:49'),(174,'文件管理',3,'com.ruoyi.cms.fileInfo.controller.SysFileInfoController.remove()','DELETE',1,'admin',NULL,'/fileInfo/35','127.0.0.1','内网IP','{fileIds=35}','{\"msg\":\"操作成功\",\"code\":200}',0,NULL,'2022-09-27 10:51:05'),(175,'文件管理',3,'com.ruoyi.cms.fileInfo.controller.SysFileInfoController.remove()','DELETE',1,'admin',NULL,'/fileInfo/37','127.0.0.1','内网IP','{fileIds=37}','{\"msg\":\"操作成功\",\"code\":200}',0,NULL,'2022-09-27 10:52:29'),(176,'文件管理',3,'com.ruoyi.cms.fileInfo.controller.SysFileInfoController.remove()','DELETE',1,'admin',NULL,'/fileInfo/36','127.0.0.1','内网IP','{fileIds=36}','{\"msg\":\"操作成功\",\"code\":200}',0,NULL,'2022-09-27 10:52:31'),(177,'文章管理',2,'com.ruoyi.cms.blog.controller.CmsBlogController.edit()','PUT',1,'admin',NULL,'/cms/blog','127.0.0.1','内网IP','{\"blogFiles\":\"[{\\\"id\\\":\\\"eb6fb0a8-9827-4b98-b93c-be467872f489\\\",\\\"fileId\\\":\\\"/profile/upload/2022/09/27/c639cf14-aeb0-46ec-aafb-2101e59f094d.docx\\\",\\\"fileOriginName\\\":\\\"新建 Microsoft Word 文档.docx\\\",\\\"fileSuffix\\\":\\\"docx\\\",\\\"fileSize\\\":\\\"0kB\\\",\\\"filePath\\\":\\\"/profile/upload/2022/09/27/c639cf14-aeb0-46ec-aafb-2101e59f094d.docx\\\",\\\"remark\\\":\\\"阿萨\\\"}]\",\"types\":[{\"createBy\":\"admin\",\"createTime\":1641223870000,\"updateBy\":\"\",\"typePic\":\"\",\"typeName\":\"阿萨的\",\"typeId\":10,\"params\":{},\"blogNum\":0},{\"createBy\":\"admin\",\"createTime\":1641223889000,\"updateBy\":\"\",\"typePic\":\"\",\"typeName\":\"啊啊\",\"typeId\":13,\"params\":{},\"blogNum\":0}],\"tagIds\":[20,24,25],\"updateTime\":1664247196349,\"params\":{},\"title\":\"阿萨\",\"type\":\"1\",\"content\":\"<h1 class=\\\"ql-align-center\\\">测试</h1><p>1.发生的地方阿萨的</p><p>2.啊手动阀</p><p>阿萨事实上</p>\",\"tags\":[{\"createBy\":\"admin\",\"createTime\":1641221405000,\"tagId\":20,\"updateBy\":\"\",\"params\":{},\"tagName\":\"啊实打实\",\"blogNum\":0},{\"createBy\":\"admin\",\"createTime\":1641223832000,\"tagId\":24,\"updateBy\":\"\",\"params\":{},\"tagName\":\"阿松大\",\"blogNum\":0},{\"createBy\":\"admin\",\"createTime\":1641223838000,\"tagId\":25,\"updateBy\":\"\",\"params\":{},\"tagName\":\"愤愤愤\",\"blogNum\":0}],\"blogPic\":\"\",\"createBy\":\"admin\",\"top\":\"1\",\"createTime\":1641097526000,\"updateBy\":\"admin\",\"typeIds\":[10,13],\"blogDesc\":\"置顶文章\",\"id\":7,\"views\":59,\"status\":\"1\"}','{\"msg\":\"操作成功\",\"code\":200}',0,NULL,'2022-09-27 10:53:16'),(178,'文件管理',3,'com.ruoyi.cms.fileInfo.controller.SysFileInfoController.remove()','DELETE',1,'admin',NULL,'/fileInfo/38','127.0.0.1','内网IP','{fileIds=38}','{\"msg\":\"操作成功\",\"code\":200}',0,NULL,'2022-09-27 10:55:00'),(179,'文章管理',2,'com.ruoyi.cms.blog.controller.CmsBlogController.edit()','PUT',1,'admin',NULL,'/cms/blog','127.0.0.1','内网IP','{\"blogFiles\":\"[]\",\"types\":[{\"createBy\":\"admin\",\"createTime\":1641223870000,\"updateBy\":\"\",\"typePic\":\"\",\"typeName\":\"阿萨的\",\"typeId\":10,\"params\":{},\"blogNum\":0},{\"createBy\":\"admin\",\"createTime\":1641223889000,\"updateBy\":\"\",\"typePic\":\"\",\"typeName\":\"啊啊\",\"typeId\":13,\"params\":{},\"blogNum\":0}],\"tagIds\":[20,24,25],\"updateTime\":1664247308906,\"params\":{},\"title\":\"阿萨\",\"type\":\"1\",\"content\":\"<h1 class=\\\"ql-align-center\\\">测试</h1><p>1.发生的地方阿萨的</p><p>2.啊手动阀</p><p>阿萨事实上</p>\",\"tags\":[{\"createBy\":\"admin\",\"createTime\":1641221405000,\"tagId\":20,\"updateBy\":\"\",\"params\":{},\"tagName\":\"啊实打实\",\"blogNum\":0},{\"createBy\":\"admin\",\"createTime\":1641223832000,\"tagId\":24,\"updateBy\":\"\",\"params\":{},\"tagName\":\"阿松大\",\"blogNum\":0},{\"createBy\":\"admin\",\"createTime\":1641223838000,\"tagId\":25,\"updateBy\":\"\",\"params\":{},\"tagName\":\"愤愤愤\",\"blogNum\":0}],\"blogPic\":\"\",\"createBy\":\"admin\",\"top\":\"1\",\"createTime\":1641097526000,\"updateBy\":\"admin\",\"typeIds\":[10,13],\"blogDesc\":\"置顶文章\",\"id\":7,\"views\":60,\"status\":\"1\"}','{\"msg\":\"操作成功\",\"code\":200}',0,NULL,'2022-09-27 10:55:08'),(180,'用户头像',2,'com.ruoyi.web.controller.system.SysProfileController.avatar()','POST',1,'admin',NULL,'/system/user/profile/avatar','127.0.0.1','内网IP','','{\"msg\":\"操作成功\",\"imgUrl\":\"/profile/avatar/2023/10/13/fb86a5ea-157f-494a-bc07-0f8e6e5e45dc.jpeg\",\"code\":200}',0,NULL,'2023-10-13 08:31:43'),(181,'个人信息',2,'com.ruoyi.web.controller.system.SysProfileController.updateProfile()','PUT',1,'admin',NULL,'/system/user/profile','127.0.0.1','内网IP','{\"roles\":[{\"flag\":false,\"roleId\":1,\"admin\":true,\"dataScope\":\"1\",\"params\":{},\"roleSort\":\"1\",\"deptCheckStrictly\":false,\"menuCheckStrictly\":false,\"roleKey\":\"admin\",\"roleName\":\"超级管理员\",\"status\":\"0\"}],\"phonenumber\":\"15888888888\",\"admin\":true,\"loginDate\":1664238474000,\"remark\":\"管理员\",\"delFlag\":\"0\",\"loginIp\":\"127.0.0.1\",\"email\":\"ry@163.com\",\"nickName\":\"admin\",\"sex\":\"0\",\"deptId\":103,\"avatar\":\"\",\"dept\":{\"deptName\":\"研发部门\",\"leader\":\"若依\",\"deptId\":103,\"orderNum\":\"1\",\"params\":{},\"parentId\":101,\"children\":[],\"status\":\"0\"},\"params\":{},\"userName\":\"admin\",\"userId\":1,\"createBy\":\"admin\",\"createTime\":1639116734000,\"status\":\"0\"}','{\"msg\":\"操作成功\",\"code\":200}',0,NULL,'2023-10-13 08:31:48'),(182,'用户头像',2,'com.ruoyi.web.controller.system.SysProfileController.avatar()','POST',1,'admin',NULL,'/system/user/profile/avatar','127.0.0.1','内网IP','','{\"msg\":\"操作成功\",\"imgUrl\":\"/profile/avatar/2023/10/13/f5d5e34e-07ec-4582-b337-754d2eb7c5c8.jpeg\",\"code\":200}',0,NULL,'2023-10-13 08:32:01'),(183,'标签管理',2,'com.ruoyi.cms.tag.controller.CmsTagController.edit()','PUT',1,'admin',NULL,'/cms/tag','127.0.0.1','内网IP','{\"createBy\":\"若依\",\"createTime\":1641278906000,\"tagId\":26,\"updateBy\":\"admin\",\"updateTime\":1697177913070,\"params\":{},\"tagName\":\"小吃\",\"blogNum\":0}','{\"msg\":\"操作成功\",\"code\":200}',0,NULL,'2023-10-13 14:18:33'),(184,'标签管理',2,'com.ruoyi.cms.tag.controller.CmsTagController.edit()','PUT',1,'admin',NULL,'/cms/tag','127.0.0.1','内网IP','{\"createBy\":\"admin\",\"createTime\":1641223838000,\"tagId\":25,\"updateBy\":\"admin\",\"updateTime\":1697177921908,\"params\":{},\"tagName\":\"海鲜大餐\",\"blogNum\":0}','{\"msg\":\"操作成功\",\"code\":200}',0,NULL,'2023-10-13 14:18:41'),(185,'标签管理',2,'com.ruoyi.cms.tag.controller.CmsTagController.edit()','PUT',1,'admin',NULL,'/cms/tag','127.0.0.1','内网IP','{\"createBy\":\"admin\",\"createTime\":1641223832000,\"tagId\":24,\"updateBy\":\"admin\",\"updateTime\":1697177948028,\"params\":{},\"tagName\":\"最美景点\",\"blogNum\":0}','{\"msg\":\"操作成功\",\"code\":200}',0,NULL,'2023-10-13 14:19:08'),(186,'标签管理',2,'com.ruoyi.cms.tag.controller.CmsTagController.edit()','PUT',1,'admin',NULL,'/cms/tag','127.0.0.1','内网IP','{\"createBy\":\"admin\",\"createTime\":1641223828000,\"tagId\":23,\"updateBy\":\"admin\",\"updateTime\":1697177971469,\"params\":{},\"tagName\":\"必打卡点\",\"blogNum\":0}','{\"msg\":\"操作成功\",\"code\":200}',0,NULL,'2023-10-13 14:19:31'),(187,'标签管理',2,'com.ruoyi.cms.tag.controller.CmsTagController.edit()','PUT',1,'admin',NULL,'/cms/tag','127.0.0.1','内网IP','{\"createBy\":\"admin\",\"createTime\":1641221443000,\"tagId\":22,\"updateBy\":\"admin\",\"updateTime\":1697178039333,\"params\":{},\"tagName\":\"室内设计\",\"blogNum\":0}','{\"msg\":\"操作成功\",\"code\":200}',0,NULL,'2023-10-13 14:20:39'),(188,'标签管理',2,'com.ruoyi.cms.tag.controller.CmsTagController.edit()','PUT',1,'admin',NULL,'/cms/tag','127.0.0.1','内网IP','{\"createBy\":\"admin\",\"createTime\":1641221423000,\"tagId\":21,\"updateBy\":\"admin\",\"updateTime\":1697178050668,\"params\":{},\"tagName\":\"爱护宠物\",\"blogNum\":0}','{\"msg\":\"操作成功\",\"code\":200}',0,NULL,'2023-10-13 14:20:50'),(189,'标签管理',2,'com.ruoyi.cms.tag.controller.CmsTagController.edit()','PUT',1,'admin',NULL,'/cms/tag','127.0.0.1','内网IP','{\"createBy\":\"admin\",\"createTime\":1641221405000,\"tagId\":20,\"updateBy\":\"admin\",\"updateTime\":1697178080491,\"params\":{},\"tagName\":\"自拍街拍\",\"blogNum\":0}','{\"msg\":\"操作成功\",\"code\":200}',0,NULL,'2023-10-13 14:21:20'),(190,'分类管理',2,'com.ruoyi.cms.type.controller.CmsTypeController.edit()','PUT',1,'admin',NULL,'/cms/type','127.0.0.1','内网IP','{\"typeName\":\"旅游\",\"updateTime\":1697178105026,\"params\":{},\"createBy\":\"admin\",\"typePicType\":\"0\",\"createTime\":1654848530000,\"updateBy\":\"admin\",\"typePic\":\"\",\"typeId\":16,\"blogNum\":0,\"typePicLink\":\"\"}','{\"msg\":\"操作成功\",\"code\":200}',0,NULL,'2023-10-13 14:21:45'),(191,'分类管理',2,'com.ruoyi.cms.type.controller.CmsTypeController.edit()','PUT',1,'admin',NULL,'/cms/type','127.0.0.1','内网IP','{\"typeName\":\"美食\",\"updateTime\":1697178110037,\"params\":{},\"createBy\":\"若依\",\"typePicType\":\"0\",\"createTime\":1641277883000,\"updateBy\":\"admin\",\"typePic\":\"\",\"typeId\":14,\"blogNum\":0,\"typePicLink\":\"\"}','{\"msg\":\"操作成功\",\"code\":200}',0,NULL,'2023-10-13 14:21:50'),(192,'分类管理',2,'com.ruoyi.cms.type.controller.CmsTypeController.edit()','PUT',1,'admin',NULL,'/cms/type','127.0.0.1','内网IP','{\"typeName\":\"拍照\",\"updateTime\":1697178125152,\"params\":{},\"createBy\":\"admin\",\"typePicType\":\"0\",\"createTime\":1641223889000,\"updateBy\":\"admin\",\"typePic\":\"\",\"typeId\":13,\"blogNum\":0,\"typePicLink\":\"\"}','{\"msg\":\"操作成功\",\"code\":200}',0,NULL,'2023-10-13 14:22:05'),(193,'分类管理',2,'com.ruoyi.cms.type.controller.CmsTypeController.edit()','PUT',1,'admin',NULL,'/cms/type','127.0.0.1','内网IP','{\"typeName\":\"学习\",\"updateTime\":1697178136560,\"params\":{},\"createBy\":\"admin\",\"typePicType\":\"0\",\"createTime\":1641223880000,\"updateBy\":\"admin\",\"typePic\":\"\",\"typeId\":11,\"blogNum\":0,\"typePicLink\":\"\"}','{\"msg\":\"操作成功\",\"code\":200}',0,NULL,'2023-10-13 14:22:16'),(194,'分类管理',2,'com.ruoyi.cms.type.controller.CmsTypeController.edit()','PUT',1,'admin',NULL,'/cms/type','127.0.0.1','内网IP','{\"typeName\":\"工作\",\"updateTime\":1697178143841,\"params\":{},\"createBy\":\"admin\",\"typePicType\":\"0\",\"createTime\":1641223870000,\"updateBy\":\"admin\",\"typePic\":\"\",\"typeId\":10,\"blogNum\":0,\"typePicLink\":\"\"}','{\"msg\":\"操作成功\",\"code\":200}',0,NULL,'2023-10-13 14:22:23'),(195,'分类管理',2,'com.ruoyi.cms.type.controller.CmsTypeController.edit()','PUT',1,'admin',NULL,'/cms/type','127.0.0.1','内网IP','{\"typeName\":\"技术\",\"updateTime\":1697178150598,\"params\":{},\"createBy\":\"admin\",\"typePicType\":\"0\",\"createTime\":1641223870000,\"updateBy\":\"admin\",\"typePic\":\"\",\"typeId\":10,\"blogNum\":0,\"typePicLink\":\"\"}','{\"msg\":\"操作成功\",\"code\":200}',0,NULL,'2023-10-13 14:22:30'),(196,'分类管理',2,'com.ruoyi.cms.type.controller.CmsTypeController.edit()','PUT',1,'admin',NULL,'/cms/type','127.0.0.1','内网IP','{\"typeName\":\"歌曲舞蹈\",\"updateTime\":1697178175720,\"params\":{},\"createBy\":\"admin\",\"typePicType\":\"0\",\"createTime\":1641216944000,\"updateBy\":\"admin\",\"typePic\":\"\",\"typeId\":15,\"blogNum\":0,\"typePicLink\":\"\"}','{\"msg\":\"操作成功\",\"code\":200}',0,NULL,'2023-10-13 14:22:55'),(197,'文章管理',2,'com.ruoyi.cms.blog.controller.CmsBlogController.edit()','PUT',1,'admin',NULL,'/cms/blog','127.0.0.1','内网IP','{\"tagIds\":[20,24,25],\"title\":\"阿萨\",\"type\":\"1\",\"content\":\"<h1 class=\\\"ql-align-center\\\">测试</h1><p>1.发生的地方阿萨的</p><p>2.啊手动阀</p><p>阿萨事实上</p>\",\"top\":\"1\",\"updateBy\":\"admin\",\"blogDesc\":\"置顶文章\",\"id\":7,\"contentType\":\"1\",\"views\":82,\"blogFiles\":\"[]\",\"blogPicLink\":\"\",\"types\":[{\"typeName\":\"技术\",\"updateTime\":1697178151000,\"params\":{},\"createBy\":\"admin\",\"typePicType\":\"0\",\"createTime\":1641223870000,\"updateBy\":\"admin\",\"typePic\":\"\",\"typeId\":10,\"blogNum\":0,\"typePicLink\":\"\"},{\"typeName\":\"拍照\",\"updateTime\":1697178125000,\"params\":{},\"createBy\":\"admin\",\"typePicType\":\"0\",\"createTime\":1641223889000,\"updateBy\":\"admin\",\"typePic\":\"\",\"typeId\":13,\"blogNum\":0,\"typePicLink\":\"\"}],\"blogPicType\":\"0\",\"updateTime\":1697178230380,\"params\":{},\"tags\":[{\"createBy\":\"admin\",\"createTime\":1641221405000,\"tagId\":20,\"updateBy\":\"admin\",\"updateTime\":1697178080000,\"params\":{},\"tagName\":\"自拍街拍\",\"blogNum\":0},{\"createBy\":\"admin\",\"createTime\":1641223832000,\"tagId\":24,\"updateBy\":\"admin\",\"updateTime\":1697177948000,\"params\":{},\"tagName\":\"最美景点\",\"blogNum\":0},{\"createBy\":\"admin\",\"createTime\":1641223838000,\"tagId\":25,\"updateBy\":\"admin\",\"updateTime\":1697177922000,\"params\":{},\"tagName\":\"海鲜大餐\",\"blogNum\":0}],\"blogPic\":\"\",\"createBy\":\"admin\",\"createTime\":1641097526000,\"typeIds\":[13],\"status\":\"1\"}','{\"msg\":\"操作成功\",\"code\":200}',0,NULL,'2023-10-13 14:23:50'),(198,'文章管理',2,'com.ruoyi.cms.blog.controller.CmsBlogController.edit()','PUT',1,'admin',NULL,'/cms/blog','127.0.0.1','内网IP','{\"tagIds\":[20,21,22,23,24,25,26],\"title\":\"测试\",\"type\":\"1\",\"content\":\"<div data-inline-code-theme=\\\"red\\\" data-code-block-theme=\\\"tomorrow-night\\\"><div style=\\\"text-align:center;\\\" data-lines=\\\"3\\\" data-sign=\\\"d47c152f6d327c2e3a949c53bbc28008\\\" class=\\\"cherry-text-align cherry-text-align__center cherry-highlight-line\\\"><div class=\\\"cherry-panel--title\\\"></div><div class=\\\"cherry-panel--body\\\"><p><img alt=\\\"#141px #141px\\\" height=\\\"141px\\\" width=\\\"141px\\\" src=\\\"https://oscimg.oschina.net/oscnet/up-43e3941654fa3054c9684bf53d1b1d356a1.png\\\"></p></div></div><div data-lines=\\\"1\\\" data-type=\\\"div\\\" data-sign=\\\"1588c7b0360411b1de3ae10f4af6aa4a1\\\"><h1 style=\\\"margin: 30px 0 30px; font-weight: bold;\\\" align=\\\"center\\\">RuoYi v1.1.0</h1></div><div data-lines=\\\"2\\\" data-type=\\\"div\\\" data-sign=\\\"ecf0647da4d408316246fce04c598bd62\\\"><h4 align=\\\"center\\\">基于UniApp开发的轻量级移动端框架</h4></div><p data-lines=\\\"3\\\" data-type=\\\"br\\\" data-sign=\\\"br3\\\">&nbsp;</p><h2 data-lines=\\\"1\\\" data-sign=\\\"f9d3ebad82133323867ce4d3d1eefa3d\\\" id=\\\"%E5%B9%B3%E5%8F%B0%E7%AE%80%E4%BB%8B\\\"><a href=\\\"#%E5%B9%B3%E5%8F%B0%E7%AE%80%E4%BB%8B\\\" class=\\\"anchor\\\"></a>平台简介</h2><p data-lines=\\\"2\\\" data-type=\\\"br\\\" data-sign=\\\"br2\\\">&nbsp;</p><p data-lines=\\\"1\\\" data-type=\\\"p\\\" data-sign=\\\"9e31bb15d0a30eaeb402bce1e877fe811\\\">RuoYi App 移动解决方案，采用uniapp框架，一份代码多终端适配，同时支持APP、小程序、H5！实现了与<a href=\\\"https://gitee.com/y_project/RuoYi-Vue\\\">RuoYi-Vue</a>、<a href=\\\"https://gitee.com/y_project/RuoYi-Cloud\\\">RuoYi-Cloud</a>完美对接的移动解决方案！目前已经实现登录、我的、工作台、编辑资料、头像修改、密码修改、常见问题、关于我们等基础功能。</p><p data-lines=\\\"2\\\" data-type=\\\"br\\\" data-sign=\\\"br2\\\">&nbsp;</p><ul class=\\\"cherry-list__square\\\" data-sign=\\\"da719b1dc012190224df9406acc78d7a\\\" data-lines=\\\"9\\\"><li><p>配套后端代码仓库地址<a href=\\\"https://gitee.com/y_project/RuoYi-Vue\\\">RuoYi-Vue</a> 或 <a href=\\\"https://github.com/yangzongzhuan/RuoYi-Cloud\\\">RuoYi-Cloud</a> 版本。<br></p></li><li><p>应用框架基于<a href=\\\"https://uniapp.dcloud.net.cn/\\\">uniapp</a>，支持小程序、H5、Android和IOS。<br></p></li><li><p>前端组件采用<a href=\\\"https:/','{\"msg\":\"操作成功\",\"code\":200}',0,NULL,'2023-10-13 14:24:07'),(199,'文章管理',2,'com.ruoyi.cms.blog.controller.CmsBlogController.edit()','PUT',1,'admin',NULL,'/cms/blog','127.0.0.1','内网IP','{\"tagIds\":[26],\"title\":\"黄焖鸡米饭\",\"type\":\"1\",\"content\":\"<p>其实黄焖鸡的做法非常的简单，只要掌握好技巧，自己在家做出来的黄焖鸡汤汁浓郁，配菜也非常的入味又好吃。今天就用这三个大鸡腿，在家自制黄焖鸡，配着米饭吃超级过瘾。尤其是汤汁拌米饭非常的过瘾。<strong style=\\\"color: rgb(51, 51, 51);\\\">黄焖鸡家常做法，掌握好诀窍，鲜香可口，拌米饭一块吃美味又下饭</strong></p><p><strong style=\\\"color: rgb(0, 0, 0);\\\">【黄焖鸡】</strong></p><p><strong style=\\\"color: rgb(51, 51, 51);\\\">食材：鸡腿，香菇，土豆，料酒，青红辣椒，葱，姜，蒜，干辣椒，冰糖，黄豆酱，甜面酱</strong></p><p><strong style=\\\"color: rgb(0, 0, 0);\\\">【具体制作步骤】：</strong></p><p>第一：首先将鸡腿清洗干净，然后剁成块，放入盆中，清洗干净，多清洗几遍，然后将鸡块放在清水中浸泡15分钟左右，然后清洗干净控水备用</p><p><br></p><p><span style=\\\"color: rgb(34, 34, 34);\\\">第二：锅中加入适量的清水，将鸡块凉水下锅，放点姜片，放点料酒，大火烧开，撇去表面的浮沫。然后捞出过一遍凉水，这样鸡肉更加瓷实一些，而且可以洗去表面的杂质</span></p><p><br></p><p><span style=\\\"color: rgb(34, 34, 34);\\\">第三：下面我们处理一下配菜切点配菜，将香菇根部去掉，然后切成片，土豆清洗干净削皮切成小块，青红辣椒去头去籽，然后切成菱形块，葱切成片，姜切成丝，蒜切块，再准备两个干辣椒</span></p><p><br></p><p><span style=\\\"color: rgb(34, 34, 34);\\\">第四：锅中倒入油，油热之后放冰糖，转小火慢慢炒化，大泡变小泡呈枣红色的时候，放入鸡块，翻炒均匀，放入葱姜蒜干辣椒，炒好之后放一勺甜面酱，一勺黄豆酱，翻炒均匀</span></p><p><br></p><p><span style=\\\"color: rgb(34, 34, 34);\\\">第五：炒香之后加入热水，没过鸡块，开大火烧开，然后放入香菇炖一会儿，再放点生抽，放点蚝油，大火炖10分钟，然后将鸡块倒入砂锅中，然后放入土豆，盖上盖子中火焖5分钟，最后放入青红辣椒，将辣椒断生即可</span></p><p><br></p><p><strong style=\\\"color: rgb(0, 0, 0);\\\"><span class=\\\"ql-cursor\\\">﻿</span>【黄焖鸡之烹饪小知识】：</strong></p><p>1)鸡块放在清水中浸泡15分钟左右，浸泡出里面的血水和杂质，然后再清洗干净</p><p>2)黄焖鸡用冰糖炒糖色，而不是用老抽上色，这样色泽更加的漂亮，</p><p>这样炖出来的黄焖鸡肉质鲜嫩，尤其是土豆吸收了汤汁，超级过瘾，炖的时间长，香菇也特别的入味，特别是汤汁拌米饭非常的好吃；这么长时间不吃黄焖鸡了，小董一个人吃了两碗米饭，超级过瘾。喜欢吃黄焖鸡的朋友们再也不用在外面买了，自己在家做得干净卫生，而且非常的好吃，喜欢的朋友可以在家试一试。</p>\",\"top\":\"1\",\"updateBy\":\"admin\",\"blogDesc\":\"上次为了解馋在外面买了一份黄焖鸡，结果全家4口人有3口人吃完就拉肚子，去医院拿药，再也不敢在外面吃\",\"id\":19,\"contentType\":\"1\",\"views\":206,\"blogPicLink\":\"\",\"types\":[{\"typeName\":\"美食\",\"updateTime\":1697178110000,\"params\":{},\"createBy\":\"若依\",\"typePicType\":\"0\",\"createTime\":1641277883000,\"updateBy\":\"admin\",\"typePic\":\"\",\"typeId\":14,\"blogNum\":0,\"typePicLink\":\"\"}],\"blogPicType\":\"1\",\"updateTime\":1697178658665,\"params\":{},\"tags\":[{\"createBy\":\"若依\",\"createTime\":1641278906000,\"tagId\":26,\"updateBy\":\"admin\",\"updateTime\":1697177913000,\"params\":{},\"tagName','{\"msg\":\"操作成功\",\"code\":200}',0,NULL,'2023-10-13 14:30:58'),(200,'文章管理',2,'com.ruoyi.cms.blog.controller.CmsBlogController.edit()','PUT',1,'admin',NULL,'/cms/blog','127.0.0.1','内网IP','{\"tagIds\":[25,26],\"title\":\"好吃的火锅\",\"type\":\"1\",\"content\":\"<div data-inline-code-theme=\\\"red\\\" data-code-block-theme=\\\"tomorrow-night\\\"><p data-lines=\\\"21\\\" data-type=\\\"p\\\" data-sign=\\\"f7fc16d49998d2dd5fd8c8865b6a72ed21\\\" class=\\\"cherry-highlight-line\\\">1.汤底<br>清汤，芫茜皮蛋，沙爹锅，猪骨煲，鲜鱼汤，蕃茄薯仔，药膳鱼头锅，清汤腩煲，冬荫功，香草龙虾汤，健康生果汤，胡椒什菌锅，面豉汤，花雕醉鸡锅，鲜人参杞子鸡锅，四川麻辣锅，川味牛柳汤，香浓港式咖喱锅，咸菜胡椒粉肠肚汤<br>2.牛类<br>本地肥牛，金钱牛展，牛脷，清汤腩，鲜滑牛肉，鲜黑牛柏叶，雪白牛柏叶，牛骨髓，有料牛肉卷，露笋牛肉卷，松板霜降和牛，神户牛肉<br>3.肉类<br>极黑豚猪腩肉，肉眼根，猪下青，猪腩肉片，鲜鸡，醉鸡，鸡软骨，鲜鸡子，鲜鹅肠，羊仔肉，猪腰，猪润，天梯，王喉，猪皮，猪红，滑鸡肉，羊仔肉，猪大肠，驼鸟肉，鲜田鸡，鲜猪粉肠<br>4.刺身<br>苏格兰蛏子皇，龙虾，青边鲍鱼，黑边鲍鱼，牡丹虾<br>5.极品海鲜类<br>东星斑，花尾疐，大花虾，大花蟹，鲍鱼，滋阴水鱼，极级日本原只皇帝蟹<br>6.海鲜类原条生猛海斑，龙虾仔，向螺片，阿拉斯加蟹脚，加拿大筒蚝，流浮山生蚝，纽西兰翡翠螺，纽西兰半壳青口，花蟹，生海虾，养颜花胶，鲜带子，桂花蚌，珊瑚蚌，脆肉鲩鱼，鲩鱼腩，鲩鱼鳔，鱼头，大生鱼片，鳝片，原只日本鲜鱿鱼，花枝片，水尤鱼，乾吊片，鲜尤鱼片<br>7.丸子类<br>芝士鸡肉丸，酱爆鹅肝丸，麻辣鲜牛丸，金华火腿包心丸，手工水晶虾丸，水晶龙虾丸，手打鲜墨鱼丸，粗牛根丸，手打鲜牛丸，手打鲜肉丸，手打鲜鸡丸，手打鲜鲮鱼丸，潮洲鱼旦<br>8.其他<br>金菇，山根，潮洲炸鱼皮，鱼片头，潮洲鱼饺，蟹肉鲜肉饺，菜肉饺，云吞，韭菜饺，鲜虾酿冬菇，鲜炸鱼腐，鲜鱼酿豆卜，鲮鱼滑，墨鱼滑，大闸蟹粉鲜肉饺，日本滑豆腐，日本芝麻豆腐，日本高野豆腐，竹笙，生根，枝竹，鲜腐竹<br>9.鲜菌类<br>什菌，鲜冬菇，金菇菜，百灵菇，鸡脾菇，秀珍菇，黑木耳，鲍鱼菇<br>10.时蔬类<br>菠菜，蕃薯苗，菜心，芥兰，小棠菜，唐生菜，西洋菜，油蜜菜，白菜仔，唐莴，大豆芽，苋菜，潺菜，津白，粟米，冬瓜，蕃茄，莲藕片，萝卜，鲜淮山，鲜露笋，鲜马蹄肉<br>11.粉面类<br>日本稻庭乌冬，日本手打乌冬，日本绿茶面，日本梅花面，昭和播州乔麦面，全蛋生面，虾子面，新竹米粉，濶条粉丝</p></div>\",\"top\":\"0\",\"updateBy\":\"admin\",\"blogDesc\":\" 火锅可以说是现在非常受欢迎的一种美食，具有不可替代的地位。火锅最早是在北方兴起，后面逐渐在各地兴起\",\"id\":22,\"contentType\":\"2\",\"views\":98,\"blogPicLink\":\"\",\"types\":[{\"typeName\":\"技术\",\"updateTime\":1697178151000,\"params\":{},\"createBy\":\"admin\",\"typePicType\":\"0\",\"createTime\":1641223870000,\"updateBy\":\"admin\",\"typePic\":\"\",\"typeId\":10,\"blogNum\":0,\"typePicLink\":\"\"}],\"blogPicType\":\"1\",\"contentMarkdown\":\"1.汤底\\n清汤，芫茜皮蛋，沙爹锅，猪骨煲，鲜鱼汤，蕃茄薯仔，药膳鱼头锅，清汤腩煲，冬荫功，香草龙虾汤，健康生果汤，胡椒什菌锅，面豉汤，花雕醉鸡锅，鲜人参杞子鸡锅，四川麻辣锅，川味牛柳汤，香浓港式咖喱锅，咸菜胡椒粉肠肚汤\\n2.牛类\\n本地肥牛，金钱牛展，牛脷，清汤腩，鲜滑牛肉，鲜黑牛柏叶，雪白牛柏叶，牛骨髓，有料牛肉卷，露笋牛肉卷，松板霜降和牛，神户牛肉\\n3.肉类\\n极黑豚猪腩肉，肉眼根，猪下青，猪腩肉片，鲜鸡，醉鸡，鸡软骨，鲜鸡子，鲜鹅肠，羊仔肉，猪腰，猪润，天梯，王喉，猪皮，猪红，滑鸡肉，羊仔肉，猪大肠，驼鸟肉，鲜田鸡，鲜猪粉肠\\n4.刺身\\n苏格兰蛏子皇，龙虾，青边鲍鱼，黑边鲍鱼，牡丹虾\\n5.极品海鲜类\\n东星斑，花尾疐，大花虾，大花蟹，鲍鱼，滋阴水鱼，极级日本原只皇帝蟹\\n6.海鲜类原条生猛海斑，龙虾仔，向螺片，阿拉斯加蟹脚，加拿大筒蚝，流浮山生蚝，纽西兰翡翠螺，纽西兰半壳青口，花蟹，生海虾，养颜花胶，鲜带子，桂花蚌，珊瑚蚌，脆肉鲩鱼，鲩鱼腩，鲩鱼鳔，鱼头，大生鱼片，','{\"msg\":\"操作成功\",\"code\":200}',0,NULL,'2023-10-13 14:41:09'),(201,'文章管理',2,'com.ruoyi.cms.blog.controller.CmsBlogController.edit()','PUT',1,'admin',NULL,'/cms/blog','127.0.0.1','内网IP','{\"tagIds\":[24,23],\"title\":\"九寨沟旅游\",\"type\":\"1\",\"content\":\"<p><span style=\\\"color: rgb(34, 34, 34);\\\">寨沟主体呈“Y”字形，由树正沟、日则沟和则查洼沟三条沟组成，总长50余公里，景区内有环保观光车穿梭行驶，招手即停，一般是乘坐环保车一个个景点玩下来。如果细细品味的话，一天的时间是严重不够的。景区推出的淡季二次进沟是不错的选择。</span>想去九寨沟，推荐从成都出发，四日游玩法比较适合时间充足灵活的朋友，费用大概在1500—1700元之间会比较舒适，在于餐和住宿的区别。四日游是游玩九寨沟最佳的游玩方式（给九寨沟景区留够整两天），时间比较充足，游玩起来也比较轻松。行程如下：</p><p>第一天：成都—都江堰熊猫乐园—叠溪海子—松潘古城—九寨沟</p><p>第二天：景区门口—日则沟—则渣洼沟—景区门口</p><p>第三天：景区门口(二次进沟）—树正沟—景区门口</p><p>第四天：九寨沟—川主寺—黄龙—成都</p><p>景区二日游路线</p><p>D1：沟口——镜海——诺日朗中心——日则沟（箭竹海——箭竹海瀑布——熊猫海——五花海——珍珠滩——珍珠滩瀑布）——镜海——诺日朗瀑布——犀牛海——沟口</p><p>D2：沟口——诺日朗中心——长海——五彩池——树正沟（老虎海——树正海群——芦苇海——盆景滩）——扎如寺——沟口</p><p class=\\\"ql-align-center\\\"> </p><p>四川九寨沟景点</p><p>五花海 ：五花海位于九寨沟三条沟的日则沟中段，孔雀河上游，由于海底的钙华沉积、各种色泽艳丽的藻类以及岸边五彩斑斓的林木倒影，使得五花海呈现出鹅黄、藏青、墨绿、宝蓝等各种颜色，故称“五花海”。</p><p><span style=\\\"color: rgb(34, 34, 34);\\\">镜海：镜海，因为湖面一平如镜，故得其名。这里是九寨沟看倒影的好地方。每当晨曦初露或朝霞遍染之时，蓝天白云、远山近树，尽纳海底。早9点前和晚5点后无风的时候，是拍摄镜海倒影的最佳时间。</span></p><p><span style=\\\"color: rgb(34, 34, 34);\\\">珍珠滩：上游珍珠滩瀑布的激流，在凹凸不平的乳黄色钙化滩面上溅起无数水珠，阳光下，点点水珠就像巨型扇贝里的粒粒珍珠，远看河中流动着一河洁白的珍珠。这就是珍珠滩</span></p><p><span style=\\\"color: rgb(34, 34, 34);\\\">仙女池：仙女池位于九寨沟神仙池景区内，又叫大海池。传说这里曾经是仙女沐浴的地方，神仙池也因此而得名。仙女池色泽蔚蓝，与大海的色差不大，而且面积不小。远远望去，犹如一颗精美的波斯蓝宝石，在阳光的照射下是那样的宁静和美丽。</span></p><p><span style=\\\"color: rgb(34, 34, 34);\\\">瑶池：瑶池位于九寨沟神仙池风景区内，有诗诵之为“蓝天白云清风里，山林草海碧水间”。它那巧夺天工的形态，清澈通透的湖水，犹如一颗宝石镶嵌在了天然的绿色地毯上。神仙池景色通常是一池连一瀑，有瀑就有池。而金银滩上的瑶池，则是由数个大小不等的钙化池曲状相连。</span></p><p><span style=\\\"color: rgb(34, 34, 34);\\\">“九寨归来不看水”，是对九寨沟景色真实的诠释。泉、瀑、河、滩108个海子，构成一个个五彩斑斓的瑶池玉盆。长海、剑岩、诺日朗、树正、扎如、黑海六大景观，翠海、叠瀑、彩林、雪峰、藏情、蓝冰，被称为“六绝”。神奇的九寨，被世人誉为“童话世界”，号称“水景之王”。</span></p><p class=\\\"ql-align-center\\\">想获取更多旅游攻略，请点击下方咨询按钮，</p><p class=\\\"ql-align-center\\\">为你定制专属旅程，不用自己做攻略，</p><p class=\\\"ql-align-center\\\">24小时客服随时解决难题，给你一个轻松自由愉快的旅行。</p><p>【春日看点】满沟的桃花盛开和绿树抽新芽的盎然生机。</p><p>春天的九寨沟，冰雪融化、新绿发芽，红的、黄的、粉的、蓝的，美丽的花朵染遍了山野，最受游客关注的当属处处盛开的野桃花。九寨沟南高北低，沟口的海拔仅2000m，中部峰岭均在4000m以上，南缘达4500m以上，主沟长30多公里。因此，春天的时候，山脚一片春花烂漫，山林还处于残冬，长海则尚未解冻。清澈的水流从尚未完全解冻的薄冰下流过，更添一丝的梦幻。</p><p>【秋季看点】彩林、叠瀑、蓝天、倒影</p><p>秋天是九寨沟最为灿烂的季节，山林晕染成色，这里集合了秋天所','{\"msg\":\"操作成功\",\"code\":200}',0,NULL,'2023-10-13 14:49:09'),(202,'分类管理',2,'com.ruoyi.cms.type.controller.CmsTypeController.edit()','PUT',1,'admin',NULL,'/cms/type','127.0.0.1','内网IP','{\"typeName\":\"电影\",\"updateTime\":1697180082941,\"params\":{},\"createBy\":\"admin\",\"typePicType\":\"0\",\"createTime\":1641223880000,\"updateBy\":\"admin\",\"typePic\":\"\",\"typeId\":11,\"blogNum\":0,\"typePicLink\":\"\"}','{\"msg\":\"操作成功\",\"code\":200}',0,NULL,'2023-10-13 14:54:42'),(203,'标签管理',2,'com.ruoyi.cms.tag.controller.CmsTagController.edit()','PUT',1,'admin',NULL,'/cms/tag','127.0.0.1','内网IP','{\"createBy\":\"admin\",\"createTime\":1641221443000,\"tagId\":22,\"updateBy\":\"admin\",\"updateTime\":1697180109056,\"params\":{},\"tagName\":\"电影\",\"blogNum\":0}','{\"msg\":\"操作成功\",\"code\":200}',0,NULL,'2023-10-13 14:55:09'),(204,'文章管理',2,'com.ruoyi.cms.blog.controller.CmsBlogController.edit()','PUT',1,'admin',NULL,'/cms/blog','127.0.0.1','内网IP','{\"tagIds\":[21,22],\"title\":\"哈利波特\",\"type\":\"1\",\"content\":\"<p> \\t《哈利·波特》（<em>Harry Potter</em>）是英国作家<a href=\\\"https://baike.baidu.com/item/J.K.%E7%BD%97%E7%90%B3/2177909?fromModule=lemma_inlink\\\" rel=\\\"noopener noreferrer\\\" target=\\\"_blank\\\" style=\\\"color: rgb(19, 110, 194);\\\">J.K.罗琳</a>（J. K. Rowling）于1997～2007年所著的<a href=\\\"https://baike.baidu.com/item/%E9%AD%94%E5%B9%BB%E6%96%87%E5%AD%A6/10963517?fromModule=lemma_inlink\\\" rel=\\\"noopener noreferrer\\\" target=\\\"_blank\\\" style=\\\"color: rgb(19, 110, 194);\\\">魔幻文学</a>系列小说，共7部。其中前六部以<a href=\\\"https://baike.baidu.com/item/%E9%9C%8D%E6%A0%BC%E6%B2%83%E8%8C%A8%E9%AD%94%E6%B3%95%E5%AD%A6%E6%A0%A1/4296018?fromModule=lemma_inlink\\\" rel=\\\"noopener noreferrer\\\" target=\\\"_blank\\\" style=\\\"color: rgb(19, 110, 194);\\\">霍格沃茨魔法学校</a>（Hogwarts School of Witchcraft and Wizardry）为主要舞台，描写的是主人公——年轻的巫师学生哈利·波特在霍格沃茨前后六年的学习生活和冒险故事；第七本描写的是哈利·波特在第二次魔法界大战中在外寻找<a href=\\\"https://baike.baidu.com/item/%E9%AD%82%E5%99%A8/10026679?fromModule=lemma_inlink\\\" rel=\\\"noopener noreferrer\\\" target=\\\"_blank\\\" style=\\\"color: rgb(19, 110, 194);\\\">魂器</a>并消灭<a href=\\\"https://baike.baidu.com/item/%E4%BC%8F%E5%9C%B0%E9%AD%94/1127381?fromModule=lemma_inlink\\\" rel=\\\"noopener noreferrer\\\" target=\\\"_blank\\\" style=\\\"color: rgb(19, 110, 194);\\\">伏地魔</a>的故事。</p><p>\\t截至2013年5月，“哈利·波特”系列丛书已经被翻译成73种语言，共卖出了超过5亿本。<span style=\\\"color: rgb(51, 102, 204);\\\">&nbsp;[1]</span><span style=\\\"color: rgb(19, 110, 194);\\\">&nbsp;</span>&nbsp;英国版由<a href=\\\"https://baike.baidu.com/item/%E5%B8%83%E9%B2%81%E5%A7%86%E6%96%AF%E4%BC%AF%E9%87%8C%E5%87%BA%E7%89%88%E7%A4%BE/9072188?fromModule=lemma_inlink\\\" rel=\\\"noopener noreferrer\\\" target=\\\"_blank\\\" style=\\\"color: rgb(19, 110, 194);\\\">布鲁姆斯伯里出版社</a>（Bloomsbury）出版发行，美国引进后做过部分修正由美国学乐出版社（Scholastic）发行，简体中文版由中国<a href=\\\"https://baike.baidu.com/item/%E4%BA%BA%E6%B0%91%E6%96%87%E5%AD%A6%E5%87%BA%E7%89%88%E7%A4%BE/2856101?fromModule=lemma_inlink\\\" rel=\\\"noopener noreferrer\\\" target=\\\"_blank\\\" style=\\\"color: rgb(19, 110, 194);\\\">人民文学出版社</a>发行，繁体中文版由皇冠出版社出版。<span','{\"msg\":\"操作成功\",\"code\":200}',0,NULL,'2023-10-13 14:56:38'),(205,'文章管理',2,'com.ruoyi.cms.blog.controller.CmsBlogController.edit()','PUT',1,'admin',NULL,'/cms/blog','127.0.0.1','内网IP','{\"tagIds\":[22],\"title\":\"哈利波特\",\"type\":\"1\",\"content\":\"<p> \\t《哈利·波特》（<em>Harry Potter</em>）是英国作家<a href=\\\"https://baike.baidu.com/item/J.K.%E7%BD%97%E7%90%B3/2177909?fromModule=lemma_inlink\\\" rel=\\\"noopener noreferrer\\\" target=\\\"_blank\\\" style=\\\"color: rgb(19, 110, 194);\\\">J.K.罗琳</a>（J. K. Rowling）于1997～2007年所著的<a href=\\\"https://baike.baidu.com/item/%E9%AD%94%E5%B9%BB%E6%96%87%E5%AD%A6/10963517?fromModule=lemma_inlink\\\" rel=\\\"noopener noreferrer\\\" target=\\\"_blank\\\" style=\\\"color: rgb(19, 110, 194);\\\">魔幻文学</a>系列小说，共7部。其中前六部以<a href=\\\"https://baike.baidu.com/item/%E9%9C%8D%E6%A0%BC%E6%B2%83%E8%8C%A8%E9%AD%94%E6%B3%95%E5%AD%A6%E6%A0%A1/4296018?fromModule=lemma_inlink\\\" rel=\\\"noopener noreferrer\\\" target=\\\"_blank\\\" style=\\\"color: rgb(19, 110, 194);\\\">霍格沃茨魔法学校</a>（Hogwarts School of Witchcraft and Wizardry）为主要舞台，描写的是主人公——年轻的巫师学生哈利·波特在霍格沃茨前后六年的学习生活和冒险故事；第七本描写的是哈利·波特在第二次魔法界大战中在外寻找<a href=\\\"https://baike.baidu.com/item/%E9%AD%82%E5%99%A8/10026679?fromModule=lemma_inlink\\\" rel=\\\"noopener noreferrer\\\" target=\\\"_blank\\\" style=\\\"color: rgb(19, 110, 194);\\\">魂器</a>并消灭<a href=\\\"https://baike.baidu.com/item/%E4%BC%8F%E5%9C%B0%E9%AD%94/1127381?fromModule=lemma_inlink\\\" rel=\\\"noopener noreferrer\\\" target=\\\"_blank\\\" style=\\\"color: rgb(19, 110, 194);\\\">伏地魔</a>的故事。</p><p>\\t截至2013年5月，“哈利·波特”系列丛书已经被翻译成73种语言，共卖出了超过5亿本。<span style=\\\"color: rgb(51, 102, 204);\\\">&nbsp;[1]</span><span style=\\\"color: rgb(19, 110, 194);\\\">&nbsp;</span>&nbsp;英国版由<a href=\\\"https://baike.baidu.com/item/%E5%B8%83%E9%B2%81%E5%A7%86%E6%96%AF%E4%BC%AF%E9%87%8C%E5%87%BA%E7%89%88%E7%A4%BE/9072188?fromModule=lemma_inlink\\\" rel=\\\"noopener noreferrer\\\" target=\\\"_blank\\\" style=\\\"color: rgb(19, 110, 194);\\\">布鲁姆斯伯里出版社</a>（Bloomsbury）出版发行，美国引进后做过部分修正由美国学乐出版社（Scholastic）发行，简体中文版由中国<a href=\\\"https://baike.baidu.com/item/%E4%BA%BA%E6%B0%91%E6%96%87%E5%AD%A6%E5%87%BA%E7%89%88%E7%A4%BE/2856101?fromModule=lemma_inlink\\\" rel=\\\"noopener noreferrer\\\" target=\\\"_blank\\\" style=\\\"color: rgb(19, 110, 194);\\\">人民文学出版社</a>发行，繁体中文版由皇冠出版社出版。<span st','{\"msg\":\"操作成功\",\"code\":200}',0,NULL,'2023-10-13 14:57:03'),(206,'文章管理',2,'com.ruoyi.cms.blog.controller.CmsBlogController.edit()','PUT',1,'admin',NULL,'/cms/blog','127.0.0.1','内网IP','{\"tagIds\":[23,24],\"title\":\"三峡大坝\",\"type\":\"1\",\"content\":\"<p><span style=\\\"color: rgb(26, 26, 26);\\\">三峡大坝位于宜昌市三斗坪，距下游葛洲坝水利枢纽工程28&nbsp;米，是当今世界最大的水利枢纽工程，也是全国首批5A&nbsp;级景区之一。在坛子岭可以眺望大坝，俯视长江。泄洪景观区则是波澜壮阔、雷霆万钧。而在185&nbsp;米水位线观景区，大坝上游的高峡平湖与下游滔滔江水所成鲜明的反差。是观看三峡大坝的最佳景点。</span></p><p>★&nbsp;三峡人家</p><p>三峡人家有洪荒时代的地质与神话；有巴人部落的农耕与传奇；有峡江岁月的故事与风情；是闻名世界“地质百科全书”。它融合三峡文化的精髓，让巴风楚韵，峡江今昔，在这里都一览无余的展现出来。</p><p>&nbsp;清江画廊</p><p>清江画廊，一步一景，一里一画。清江是长江在湖北境内的第二大支流，&nbsp;是巴人的发祥地，土家儿女的母亲河。十九万年前，古“长阳人”在这里开启了中国长江的古文明，五千年前，古代巴人从这里开疆拓土建立古代巴国，两千年前，土家族在这里诞生。&nbsp;梦幻土家，巴土天堂。景区所在的长阳土家族自治县历史悠久，文化璀璨，被誉为中国民间艺术之乡。</p><p>&nbsp;屈原故里</p><p>屈原故里景区位于秭归县新县城，毗邻三峡大坝，是观三峡大坝、副坝、览高峡平湖的最佳区位。秭归位于长江北岸的卧牛山麓，四周城墙环绕，形似一个倾斜的葫芦，具有浓厚的古典建筑风格，有“葫芦城”之称。又因城墙均有由石头叠砌而成，又叫“石头城”。以屈原祠、江渎庙为代表的24&nbsp;处峡江地面文物集中搬迁到这里。在这里，你可以把高峡平&nbsp;湖美景尽收眼底，同时还能感受到屈原故里浓浓的历史文化和民俗文化，同时可以看到巴风楚韵的文艺、戏曲、表演，品尝到当地具有特色的美食。</p>\",\"top\":\"0\",\"updateBy\":\"admin\",\"blogDesc\":\"三峡大坝位于宜昌市三斗坪，距下游葛洲坝水利枢纽工程28 米，是当今世界最大的水利枢纽工程.\",\"id\":14,\"contentType\":\"1\",\"views\":9,\"blogPicLink\":\"\",\"types\":[],\"blogPicType\":\"1\",\"updateTime\":1697180665388,\"params\":{},\"tags\":[],\"blogPic\":\"/profile/upload/2023/10/13/5bd70aba-6df9-4187-98fc-389dcb54ad54.png\",\"createBy\":\"若依\",\"createTime\":1641277891000,\"typeIds\":[13,16],\"status\":\"1\"}','{\"msg\":\"操作成功\",\"code\":200}',0,NULL,'2023-10-13 15:04:25'),(207,'文章管理',2,'com.ruoyi.cms.blog.controller.CmsBlogController.edit()','PUT',1,'admin',NULL,'/cms/blog','127.0.0.1','内网IP','{\"tagIds\":[24,23],\"title\":\"万里长城\",\"type\":\"1\",\"content\":\"<p><a href=\\\"https://vibaike.com/220389/\\\" rel=\\\"noopener noreferrer\\\" target=\\\"_blank\\\" style=\\\"color: var(--theme-hover); background-color: initial;\\\">长城</a>（繁体中文：万里长城；简体中文：万里长城；拼音：Wànlǐ Chángchéng，字面<a href=\\\"https://vibaike.com/4103/\\\" rel=\\\"noopener noreferrer\\\" target=\\\"_blank\\\" style=\\\"color: var(--theme-color); background-color: initial;\\\">意思</a>是万里墙）是一系列防御工事，建于古代中国国家和中国帝国的历史北部边界，以抵御各种威胁 来自<a href=\\\"https://vibaike.com/31715/\\\" rel=\\\"noopener noreferrer\\\" target=\\\"_blank\\\" style=\\\"color: var(--theme-color); background-color: initial;\\\">欧亚</a>草原的游牧民族。 早在公元前 7 世纪就建造了几座城墙，后来中国的xxx位皇帝秦始皇（公元前 220-206 年）加入了部分城墙。 秦墙残存不多。 后来，许多连续的朝代建造并<a href=\\\"https://vibaike.com/195049/\\\" rel=\\\"noopener noreferrer\\\" target=\\\"_blank\\\" style=\\\"color: var(--theme-color); background-color: initial;\\\">维护</a>了多段边界墙。 城墙最著名的部分建于明朝（1368-1644 年）。</p><p>除了防御之外，长城的其他<a href=\\\"https://vibaike.com/3331/\\\" rel=\\\"noopener noreferrer\\\" target=\\\"_blank\\\" style=\\\"color: var(--theme-color); background-color: initial;\\\">目的</a>还包括边境管制、允许对沿<a href=\\\"https://vibaike.com/206006/\\\" rel=\\\"noopener noreferrer\\\" target=\\\"_blank\\\" style=\\\"color: var(--theme-color); background-color: initial;\\\">丝绸之路</a>运输的<a href=\\\"https://vibaike.com/205158/\\\" rel=\\\"noopener noreferrer\\\" target=\\\"_blank\\\" style=\\\"color: var(--theme-color); background-color: initial;\\\">货物</a>征收关税、规范或鼓励<a href=\\\"https://vibaike.com/3314/\\\" rel=\\\"noopener noreferrer\\\" target=\\\"_blank\\\" style=\\\"color: var(--theme-color); background-color: initial;\\\">贸易</a>以及控制出入境。 此外，通过建造瞭望塔、部队营房、驻军站、通过烟或火发出信号的<a href=\\\"https://vibaike.com/4058/\\\" rel=\\\"noopener noreferrer\\\" target=\\\"_blank\\\" style=\\\"color: var(--theme-color); background-color: initial;\\\">能力</a>以及长城的路径也作为交通走廊的事实，增强了长城的防御特性。</p><iframe class=\\\"ql-video ql-align-center\\\" frameborder=\\\"0\\\" allowfullscreen=\\\"true\\\" src=\\\"https://googleads.g.doubleclick.net/pagead/ads?client=ca-pub-3245207943373650&amp;output=html&amp;h=0&amp;slotname=3089577780&am','{\"msg\":\"操作成功\",\"code\":200}',0,NULL,'2023-10-13 15:15:03'),(208,'文章管理',2,'com.ruoyi.cms.blog.controller.CmsBlogController.edit()','PUT',1,'admin',NULL,'/cms/blog','127.0.0.1','内网IP','{\"tagIds\":[22],\"title\":\"黑客帝国\",\"type\":\"1\",\"content\":\"<p>\\t《黑客帝国》是华纳兄弟影片公司1999年的一部科幻动作片，影片由<a href=\\\"https://baike.baidu.com/item/%E8%8E%89%E8%8E%89%C2%B7%E6%B2%83%E5%8D%93%E6%96%AF%E5%9F%BA/19444090?fromModule=lemma_inlink\\\" rel=\\\"noopener noreferrer\\\" target=\\\"_blank\\\" style=\\\"color: rgb(19, 110, 194);\\\">莉莉·沃卓斯基</a>和<a href=\\\"https://baike.baidu.com/item/%E6%8B%89%E5%A8%9C%C2%B7%E6%B2%83%E5%8D%93%E6%96%AF%E5%9F%BA/6351456?fromModule=lemma_inlink\\\" rel=\\\"noopener noreferrer\\\" target=\\\"_blank\\\" style=\\\"color: rgb(19, 110, 194);\\\">拉娜·沃卓斯基</a>共同担任导演及编剧，<a href=\\\"https://baike.baidu.com/item/%E5%9F%BA%E5%8A%AA%C2%B7%E6%9D%8E%E7%BB%B4%E6%96%AF/5981086?fromModule=lemma_inlink\\\" rel=\\\"noopener noreferrer\\\" target=\\\"_blank\\\" style=\\\"color: rgb(19, 110, 194);\\\">基努·李维斯</a>、<a href=\\\"https://baike.baidu.com/item/%E5%87%AF%E7%91%9E%C2%B7%E5%AE%89%C2%B7%E8%8E%AB%E6%96%AF/14134933?fromModule=lemma_inlink\\\" rel=\\\"noopener noreferrer\\\" target=\\\"_blank\\\" style=\\\"color: rgb(19, 110, 194);\\\">凯瑞·安·莫斯</a>、劳伦斯·菲什伯恩等联袂出演。电影于1999年3月31日在美国上映。</p><p>\\t影片讲述一名年轻的网络黑客<a href=\\\"https://baike.baidu.com/item/%E5%B0%BC%E5%A5%A5/15983887?fromModule=lemma_inlink\\\" rel=\\\"noopener noreferrer\\\" target=\\\"_blank\\\" style=\\\"color: rgb(19, 110, 194);\\\">尼奥</a>发现看似正常的现实世界实际上是由一个名为“矩阵”的计算机人工智能系统控制的。尼奥在一名神秘女郎崔妮蒂的引导下见到了黑客组织的首领墨菲斯，三人走上了抗争矩阵的征途。<span style=\\\"color: rgb(51, 102, 204);\\\">&nbsp;[1]</span></p><p>\\t在矩阵中生活的一名年轻的网络黑客<a href=\\\"https://baike.baidu.com/item/%E5%B0%BC%E5%A5%A5/15983887?fromModule=lemma_inlink\\\" rel=\\\"noopener noreferrer\\\" target=\\\"_blank\\\" style=\\\"color: rgb(19, 110, 194);\\\">尼奥</a>发现，看似正常的现实世界实际上似乎被某种力量控制着，尼奥便在网络上调查此事。而在现实中生活的人类反抗组织的船长墨菲斯，也一直在矩阵中寻找传说的救世主，就这样在人类反抗组织成员崔妮蒂的指引下，两人见面了，尼奥也在墨菲斯的指引下，回到了真正的现实中，逃离了矩阵。</p><p>\\t尼奥这才了解到，原来他一直活在虚拟世界当中，真正的历史是，在20XX年，人类发明了AI（人工智能），然后机器人叛变，与人类爆发战争，人类节节败退，迫不得已的情况下，把整个天空布满了乌云，以切断机器人的能源（太阳能），谁知机器人又开发出了新的能源——生物能源，就是利用基因工程，人工制造人类，然后把他们接上矩阵，让他们在虚拟世界中生存，以获得多余的能量，尼奥就是其中一个。</p><p><br></p><p>尼奥知道后，也加入了人类反抗组织，在墨菲斯的训练下，渐渐成为了一名厉害的“黑客”，并渐渐展露出与其他黑客的不同之处，让莫菲斯也更加肯定他就是救世主，就在这个时','{\"msg\":\"操作成功\",\"code\":200}',0,NULL,'2023-10-13 15:18:04'),(209,'文章管理',2,'com.ruoyi.cms.blog.controller.CmsBlogController.edit()','PUT',1,'admin',NULL,'/cms/blog','127.0.0.1','内网IP','{\"tagIds\":[26],\"title\":\"黄焖鸡米饭\",\"type\":\"1\",\"content\":\"<p>其实黄焖鸡的做法非常的简单，只要掌握好技巧，自己在家做出来的黄焖鸡汤汁浓郁，配菜也非常的入味又好吃。今天就用这三个大鸡腿，在家自制黄焖鸡，配着米饭吃超级过瘾。尤其是汤汁拌米饭非常的过瘾。<strong style=\\\"color: rgb(51, 51, 51);\\\">黄焖鸡家常做法，掌握好诀窍，鲜香可口，拌米饭一块吃美味又下饭</strong></p><p><strong style=\\\"color: rgb(0, 0, 0);\\\">【黄焖鸡】</strong></p><p><strong style=\\\"color: rgb(51, 51, 51);\\\">食材：鸡腿，香菇，土豆，料酒，青红辣椒，葱，姜，蒜，干辣椒，冰糖，黄豆酱，甜面酱</strong></p><p><strong style=\\\"color: rgb(0, 0, 0);\\\">【具体制作步骤】：</strong></p><p>第一：首先将鸡腿清洗干净，然后剁成块，放入盆中，清洗干净，多清洗几遍，然后将鸡块放在清水中浸泡15分钟左右，然后清洗干净控水备用</p><p><br></p><p><span style=\\\"color: rgb(34, 34, 34);\\\">第二：锅中加入适量的清水，将鸡块凉水下锅，放点姜片，放点料酒，大火烧开，撇去表面的浮沫。然后捞出过一遍凉水，这样鸡肉更加瓷实一些，而且可以洗去表面的杂质</span></p><p><br></p><p><span style=\\\"color: rgb(34, 34, 34);\\\">第三：下面我们处理一下配菜切点配菜，将香菇根部去掉，然后切成片，土豆清洗干净削皮切成小块，青红辣椒去头去籽，然后切成菱形块，葱切成片，姜切成丝，蒜切块，再准备两个干辣椒</span></p><p><br></p><p><span style=\\\"color: rgb(34, 34, 34);\\\">第四：锅中倒入油，油热之后放冰糖，转小火慢慢炒化，大泡变小泡呈枣红色的时候，放入鸡块，翻炒均匀，放入葱姜蒜干辣椒，炒好之后放一勺甜面酱，一勺黄豆酱，翻炒均匀</span></p><p><br></p><p><span style=\\\"color: rgb(34, 34, 34);\\\">第五：炒香之后加入热水，没过鸡块，开大火烧开，然后放入香菇炖一会儿，再放点生抽，放点蚝油，大火炖10分钟，然后将鸡块倒入砂锅中，然后放入土豆，盖上盖子中火焖5分钟，最后放入青红辣椒，将辣椒断生即可</span></p><p><br></p><p><strong style=\\\"color: rgb(0, 0, 0);\\\"><span class=\\\"ql-cursor\\\">﻿</span>【黄焖鸡之烹饪小知识】：</strong></p><p>1)鸡块放在清水中浸泡15分钟左右，浸泡出里面的血水和杂质，然后再清洗干净</p><p>2)黄焖鸡用冰糖炒糖色，而不是用老抽上色，这样色泽更加的漂亮，</p><p>这样炖出来的黄焖鸡肉质鲜嫩，尤其是土豆吸收了汤汁，超级过瘾，炖的时间长，香菇也特别的入味，特别是汤汁拌米饭非常的好吃；这么长时间不吃黄焖鸡了，小董一个人吃了两碗米饭，超级过瘾。喜欢吃黄焖鸡的朋友们再也不用在外面买了，自己在家做得干净卫生，而且非常的好吃，喜欢的朋友可以在家试一试。</p>\",\"top\":\"1\",\"updateBy\":\"admin\",\"blogDesc\":\"上次为了解馋在外面买了一份黄焖鸡，结果全家4口人有3口人吃完就拉肚子，去医院拿药，再也不敢在外面吃\",\"id\":19,\"contentType\":\"1\",\"views\":207,\"blogPicLink\":\"\",\"types\":[{\"typeName\":\"美食\",\"updateTime\":1697178110000,\"params\":{},\"createBy\":\"若依\",\"typePicType\":\"0\",\"createTime\":1641277883000,\"updateBy\":\"admin\",\"typePic\":\"\",\"typeId\":14,\"blogNum\":0,\"typePicLink\":\"\"}],\"blogPicType\":\"1\",\"updateTime\":1702104834404,\"params\":{},\"tags\":[{\"createBy\":\"若依\",\"createTime\":1641278906000,\"tagId\":26,\"updateBy\":\"admin\",\"updateTime\":1697177913000,\"params\":{},\"tagName','{\"msg\":\"操作成功\",\"code\":200}',0,NULL,'2023-12-09 14:53:54'),(210,'用户管理',2,'com.shanzhu.blog.web.controller.system.SysUserController.edit()','PUT',1,'admin',NULL,'/system/user','127.0.0.1','内网IP','{\"roles\":[{\"flag\":false,\"roleId\":2,\"admin\":false,\"dataScope\":\"2\",\"params\":{},\"roleSort\":\"2\",\"deptCheckStrictly\":false,\"menuCheckStrictly\":false,\"roleKey\":\"common\",\"roleName\":\"普通角色\",\"status\":\"0\"}],\"phonenumber\":\"15666666666\",\"admin\":false,\"loginDate\":1697158948000,\"remark\":\"测试员\",\"delFlag\":\"0\",\"password\":\"\",\"updateBy\":\"admin\",\"postIds\":[2],\"loginIp\":\"127.0.0.1\",\"email\":\"shanzhu@qq.com\",\"nickName\":\"山竹\",\"sex\":\"1\",\"deptId\":105,\"avatar\":\"\",\"dept\":{\"deptName\":\"测试部门\",\"leader\":\"若依\",\"deptId\":105,\"orderNum\":\"3\",\"params\":{},\"parentId\":101,\"children\":[],\"status\":\"0\"},\"params\":{},\"userName\":\"若依\",\"userId\":2,\"createBy\":\"admin\",\"roleIds\":[2],\"createTime\":1639116734000,\"status\":\"0\"}','{\"msg\":\"操作成功\",\"code\":200}',0,NULL,'2023-12-10 08:51:52'),(211,'用户管理',3,'com.shanzhu.blog.web.controller.system.SysUserController.remove()','DELETE',1,'admin',NULL,'/system/user/3','127.0.0.1','内网IP','{userIds=3}','{\"msg\":\"操作成功\",\"code\":200}',0,NULL,'2023-12-10 08:52:01'),(212,'留言管理',3,'com.shanzhu.blog.cms.controller.CmsMessageController.remove()','DELETE',1,'admin',NULL,'/cms/message/54','127.0.0.1','内网IP','{ids=54}','{\"msg\":\"操作成功\",\"code\":200}',0,NULL,'2023-12-10 08:52:44'),(213,'留言管理',3,'com.shanzhu.blog.cms.controller.CmsMessageController.remove()','DELETE',1,'admin',NULL,'/cms/message/53','127.0.0.1','内网IP','{ids=53}','{\"msg\":\"操作成功\",\"code\":200}',0,NULL,'2023-12-10 08:52:45'),(214,'留言管理',3,'com.shanzhu.blog.cms.controller.CmsMessageController.remove()','DELETE',1,'admin',NULL,'/cms/message/52','127.0.0.1','内网IP','{ids=52}','{\"msg\":\"操作成功\",\"code\":200}',0,NULL,'2023-12-10 08:52:47'),(215,'留言管理',3,'com.shanzhu.blog.cms.controller.CmsMessageController.remove()','DELETE',1,'admin',NULL,'/cms/message/50','127.0.0.1','内网IP','{ids=50}','{\"msg\":\"操作成功\",\"code\":200}',0,NULL,'2023-12-10 08:52:49'),(216,'留言管理',3,'com.shanzhu.blog.cms.controller.CmsMessageController.remove()','DELETE',1,'admin',NULL,'/cms/message/48','127.0.0.1','内网IP','{ids=48}','{\"msg\":\"操作成功\",\"code\":200}',0,NULL,'2023-12-10 08:52:51'),(217,'留言管理',3,'com.shanzhu.blog.cms.controller.CmsMessageController.remove()','DELETE',1,'admin',NULL,'/cms/message/49','127.0.0.1','内网IP','{ids=49}','{\"msg\":\"操作成功\",\"code\":200}',0,NULL,'2023-12-10 08:52:53'),(218,'留言管理',3,'com.shanzhu.blog.cms.controller.CmsMessageController.remove()','DELETE',1,'admin',NULL,'/cms/message/27','127.0.0.1','内网IP','{ids=27}','{\"msg\":\"操作成功\",\"code\":200}',0,NULL,'2023-12-10 08:52:55'),(219,'留言管理',3,'com.shanzhu.blog.cms.controller.CmsMessageController.remove()','DELETE',1,'admin',NULL,'/cms/message/28','127.0.0.1','内网IP','{ids=28}','{\"msg\":\"操作成功\",\"code\":200}',0,NULL,'2023-12-10 08:53:01'),(220,'留言管理',3,'com.shanzhu.blog.cms.controller.CmsMessageController.remove()','DELETE',1,'admin',NULL,'/cms/message/24','127.0.0.1','内网IP','{ids=24}','{\"msg\":\"操作成功\",\"code\":200}',0,NULL,'2023-12-10 08:53:02'),(221,'留言管理',3,'com.shanzhu.blog.cms.controller.CmsMessageController.remove()','DELETE',1,'admin',NULL,'/cms/message/23','127.0.0.1','内网IP','{ids=23}','{\"msg\":\"操作成功\",\"code\":200}',0,NULL,'2023-12-10 08:53:04'),(222,'留言管理',3,'com.shanzhu.blog.cms.controller.CmsMessageController.remove()','DELETE',1,'admin',NULL,'/cms/message/17','127.0.0.1','内网IP','{ids=17}','{\"msg\":\"操作成功\",\"code\":200}',0,NULL,'2023-12-10 08:53:05'),(223,'留言管理',3,'com.shanzhu.blog.cms.controller.CmsMessageController.remove()','DELETE',1,'admin',NULL,'/cms/message/5','127.0.0.1','内网IP','{ids=5}','{\"msg\":\"操作成功\",\"code\":200}',0,NULL,'2023-12-10 08:53:06'),(224,'留言管理',3,'com.shanzhu.blog.cms.controller.CmsMessageController.remove()','DELETE',1,'admin',NULL,'/cms/message/6','127.0.0.1','内网IP','{ids=6}','{\"msg\":\"操作成功\",\"code\":200}',0,NULL,'2023-12-10 08:53:09'),(225,'留言管理',3,'com.shanzhu.blog.cms.controller.CmsMessageController.remove()','DELETE',1,'admin',NULL,'/cms/message/4','127.0.0.1','内网IP','{ids=4}','{\"msg\":\"操作成功\",\"code\":200}',0,NULL,'2023-12-10 08:53:11'),(226,'留言管理',3,'com.shanzhu.blog.cms.controller.CmsMessageController.remove()','DELETE',1,'admin',NULL,'/cms/message/2','127.0.0.1','内网IP','{ids=2}','{\"msg\":\"操作成功\",\"code\":200}',0,NULL,'2023-12-10 08:53:13'),(227,'留言管理',3,'com.shanzhu.blog.cms.controller.CmsMessageController.remove()','DELETE',1,'admin',NULL,'/cms/message/1','127.0.0.1','内网IP','{ids=1}','{\"msg\":\"操作成功\",\"code\":200}',0,NULL,'2023-12-10 08:53:14'),(228,'留言管理',3,'com.shanzhu.blog.cms.controller.CmsMessageController.remove()','DELETE',1,'admin',NULL,'/cms/message/3','127.0.0.1','内网IP','{ids=3}','{\"msg\":\"操作成功\",\"code\":200}',0,NULL,'2023-12-10 08:53:15'),(229,'留言管理',3,'com.shanzhu.blog.cms.controller.CmsMessageController.remove()','DELETE',1,'admin',NULL,'/cms/message/51','127.0.0.1','内网IP','{ids=51}','{\"msg\":\"操作成功\",\"code\":200}',0,NULL,'2023-12-10 08:53:18'),(230,'评论管理',3,'com.shanzhu.blog.cms.controller.CmsCommentController.remove()','DELETE',1,'admin',NULL,'/cms/comment/7','127.0.0.1','内网IP','{ids=7}','{\"msg\":\"操作成功\",\"code\":200}',0,NULL,'2023-12-10 08:53:24'),(231,'评论管理',3,'com.shanzhu.blog.cms.controller.CmsCommentController.remove()','DELETE',1,'admin',NULL,'/cms/comment/6','127.0.0.1','内网IP','{ids=6}','{\"msg\":\"操作成功\",\"code\":200}',0,NULL,'2023-12-10 08:53:25'),(232,'评论管理',3,'com.shanzhu.blog.cms.controller.CmsCommentController.remove()','DELETE',1,'admin',NULL,'/cms/comment/5','127.0.0.1','内网IP','{ids=5}','{\"msg\":\"操作成功\",\"code\":200}',0,NULL,'2023-12-10 08:53:26'),(233,'评论管理',3,'com.shanzhu.blog.cms.controller.CmsCommentController.remove()','DELETE',1,'admin',NULL,'/cms/comment/4','127.0.0.1','内网IP','{ids=4}','{\"msg\":\"操作成功\",\"code\":200}',0,NULL,'2023-12-10 08:53:27'),(234,'评论管理',3,'com.shanzhu.blog.cms.controller.CmsCommentController.remove()','DELETE',1,'admin',NULL,'/cms/comment/3','127.0.0.1','内网IP','{ids=3}','{\"msg\":\"操作成功\",\"code\":200}',0,NULL,'2023-12-10 08:53:29'),(235,'评论管理',3,'com.shanzhu.blog.cms.controller.CmsCommentController.remove()','DELETE',1,'admin',NULL,'/cms/comment/2','127.0.0.1','内网IP','{ids=2}','{\"msg\":\"操作成功\",\"code\":200}',0,NULL,'2023-12-10 08:53:30'),(236,'评论管理',3,'com.shanzhu.blog.cms.controller.CmsCommentController.remove()','DELETE',1,'admin',NULL,'/cms/comment/1','127.0.0.1','内网IP','{ids=1}','{\"msg\":\"操作成功\",\"code\":200}',0,NULL,'2023-12-10 08:53:34'),(237,'文件管理',3,'com.shanzhu.blog.cms.controller.SysFileInfoController.remove()','DELETE',1,'admin',NULL,'/fileInfo/54,53,52,51,50,49,48,47,46,45','127.0.0.1','内网IP','{fileIds=54,53,52,51,50,49,48,47,46,45}','{\"msg\":\"操作成功\",\"code\":200}',0,NULL,'2023-12-10 08:53:44'),(238,'文件管理',3,'com.shanzhu.blog.cms.controller.SysFileInfoController.remove()','DELETE',1,'admin',NULL,'/fileInfo/44,43,41,39','127.0.0.1','内网IP','{fileIds=44,43,41,39}','{\"msg\":\"操作成功\",\"code\":200}',0,NULL,'2023-12-10 08:53:47'),(239,'定时任务',3,'com.shanzhu.blog.quartz.controller.SysJobController.remove()','DELETE',1,'admin',NULL,'/monitor/job/1,2,3','127.0.0.1','内网IP','{jobIds=1,2,3}','{\"msg\":\"操作成功\",\"code\":200}',0,NULL,'2023-12-10 08:54:02'),(240,'用户头像',2,'com.shanzhu.blog.web.controller.system.SysProfileController.avatar()','POST',1,'admin',NULL,'/system/user/profile/avatar','127.0.0.1','内网IP','','{\"msg\":\"操作成功\",\"imgUrl\":\"/profile/avatar/2023/12/10/9b1b0e02-79fa-447c-8188-0be8fd199874.jpeg\",\"code\":200}',0,NULL,'2023-12-10 09:16:24'),(241,'部门管理',2,'com.shanzhu.blog.web.controller.system.SysDeptController.edit()','PUT',1,'admin',NULL,'/system/dept','127.0.0.1','内网IP','{\"deptName\":\"个人博客系统\",\"leader\":\"若依\",\"deptId\":100,\"orderNum\":\"0\",\"delFlag\":\"0\",\"params\":{},\"parentId\":0,\"createBy\":\"admin\",\"children\":[],\"createTime\":1639116734000,\"phone\":\"15888888888\",\"updateBy\":\"admin\",\"ancestors\":\"0\",\"email\":\"ry@qq.com\",\"status\":\"0\"}','{\"msg\":\"操作成功\",\"code\":200}',0,NULL,'2023-12-10 09:19:11'),(242,'文章管理',2,'com.shanzhu.blog.cms.controller.CmsBlogController.edit()','PUT',1,'admin',NULL,'/cms/blog','127.0.0.1','内网IP','{\"tagIds\":[26],\"title\":\"黄焖鸡米饭\",\"type\":\"1\",\"content\":\"<p>其实黄焖鸡的做法非常的简单，只要掌握好技巧，自己在家做出来的黄焖鸡汤汁浓郁，配菜也非常的入味又好吃。今天就用这三个大鸡腿，在家自制黄焖鸡，配着米饭吃超级过瘾。尤其是汤汁拌米饭非常的过瘾。<strong style=\\\"color: rgb(51, 51, 51);\\\">黄焖鸡家常做法，掌握好诀窍，鲜香可口，拌米饭一块吃美味又下饭</strong></p><p><strong style=\\\"color: rgb(0, 0, 0);\\\">【黄焖鸡】</strong></p><p><strong style=\\\"color: rgb(51, 51, 51);\\\">食材：鸡腿，香菇，土豆，料酒，青红辣椒，葱，姜，蒜，干辣椒，冰糖，黄豆酱，甜面酱</strong></p><p><strong style=\\\"color: rgb(0, 0, 0);\\\">【具体制作步骤】：</strong></p><p>第一：首先将鸡腿清洗干净，然后剁成块，放入盆中，清洗干净，多清洗几遍，然后将鸡块放在清水中浸泡15分钟左右，然后清洗干净控水备用</p><p><br></p><p><span style=\\\"color: rgb(34, 34, 34);\\\">第二：锅中加入适量的清水，将鸡块凉水下锅，放点姜片，放点料酒，大火烧开，撇去表面的浮沫。然后捞出过一遍凉水，这样鸡肉更加瓷实一些，而且可以洗去表面的杂质</span></p><p><br></p><p><span style=\\\"color: rgb(34, 34, 34);\\\">第三：下面我们处理一下配菜切点配菜，将香菇根部去掉，然后切成片，土豆清洗干净削皮切成小块，青红辣椒去头去籽，然后切成菱形块，葱切成片，姜切成丝，蒜切块，再准备两个干辣椒</span></p><p><br></p><p><span style=\\\"color: rgb(34, 34, 34);\\\">第四：锅中倒入油，油热之后放冰糖，转小火慢慢炒化，大泡变小泡呈枣红色的时候，放入鸡块，翻炒均匀，放入葱姜蒜干辣椒，炒好之后放一勺甜面酱，一勺黄豆酱，翻炒均匀</span></p><p><br></p><p><span style=\\\"color: rgb(34, 34, 34);\\\">第五：炒香之后加入热水，没过鸡块，开大火烧开，然后放入香菇炖一会儿，再放点生抽，放点蚝油，大火炖10分钟，然后将鸡块倒入砂锅中，然后放入土豆，盖上盖子中火焖5分钟，最后放入青红辣椒，将辣椒断生即可</span></p><p><br></p><p><strong style=\\\"color: rgb(0, 0, 0);\\\"><span class=\\\"ql-cursor\\\">﻿</span>【黄焖鸡之烹饪小知识】：</strong></p><p>1)鸡块放在清水中浸泡15分钟左右，浸泡出里面的血水和杂质，然后再清洗干净</p><p>2)黄焖鸡用冰糖炒糖色，而不是用老抽上色，这样色泽更加的漂亮，</p><p>这样炖出来的黄焖鸡肉质鲜嫩，尤其是土豆吸收了汤汁，超级过瘾，炖的时间长，香菇也特别的入味，特别是汤汁拌米饭非常的好吃；这么长时间不吃黄焖鸡了，小董一个人吃了两碗米饭，超级过瘾。喜欢吃黄焖鸡的朋友们再也不用在外面买了，自己在家做得干净卫生，而且非常的好吃，喜欢的朋友可以在家试一试。</p>\",\"top\":\"1\",\"updateBy\":\"admin\",\"blogDesc\":\"上次为了解馋在外面买了一份黄焖鸡，结果全家4口人有3口人吃完就拉肚子，去医院拿药，再也不敢在外面吃\",\"id\":19,\"contentType\":\"1\",\"views\":210,\"blogPicLink\":\"\",\"types\":[{\"typeName\":\"美食\",\"updateTime\":1697178110000,\"params\":{},\"createBy\":\"若依\",\"typePicType\":\"0\",\"createTime\":1641277883000,\"updateBy\":\"admin\",\"typePic\":\"\",\"typeId\":14,\"blogNum\":0,\"typePicLink\":\"\"}],\"blogPicType\":\"1\",\"updateTime\":1702170952000,\"params\":{},\"tags\":[{\"createBy\":\"若依\",\"createTime\":1641278906000,\"tagId\":26,\"updateBy\":\"admin\",\"updateTime\":1697177913000,\"params\":{},\"tagName',NULL,1,'','2023-12-10 09:19:38'),(243,'文章管理',2,'com.shanzhu.blog.cms.controller.CmsBlogController.edit()','PUT',1,'admin',NULL,'/cms/blog','127.0.0.1','内网IP','{\"tagIds\":[26],\"title\":\"黄焖鸡米饭\",\"type\":\"1\",\"content\":\"<p>其实黄焖鸡的做法非常的简单，只要掌握好技巧，自己在家做出来的黄焖鸡汤汁浓郁，配菜也非常的入味又好吃。今天就用这三个大鸡腿，在家自制黄焖鸡，配着米饭吃超级过瘾。尤其是汤汁拌米饭非常的过瘾。<strong style=\\\"color: rgb(51, 51, 51);\\\">黄焖鸡家常做法，掌握好诀窍，鲜香可口，拌米饭一块吃美味又下饭</strong></p><p><strong style=\\\"color: rgb(0, 0, 0);\\\">【黄焖鸡】</strong></p><p><strong style=\\\"color: rgb(51, 51, 51);\\\">食材：鸡腿，香菇，土豆，料酒，青红辣椒，葱，姜，蒜，干辣椒，冰糖，黄豆酱，甜面酱</strong></p><p><strong style=\\\"color: rgb(0, 0, 0);\\\">【具体制作步骤】：</strong></p><p>第一：首先将鸡腿清洗干净，然后剁成块，放入盆中，清洗干净，多清洗几遍，然后将鸡块放在清水中浸泡15分钟左右，然后清洗干净控水备用</p><p><br></p><p><span style=\\\"color: rgb(34, 34, 34);\\\">第二：锅中加入适量的清水，将鸡块凉水下锅，放点姜片，放点料酒，大火烧开，撇去表面的浮沫。然后捞出过一遍凉水，这样鸡肉更加瓷实一些，而且可以洗去表面的杂质</span></p><p><br></p><p><span style=\\\"color: rgb(34, 34, 34);\\\">第三：下面我们处理一下配菜切点配菜，将香菇根部去掉，然后切成片，土豆清洗干净削皮切成小块，青红辣椒去头去籽，然后切成菱形块，葱切成片，姜切成丝，蒜切块，再准备两个干辣椒</span></p><p><br></p><p><span style=\\\"color: rgb(34, 34, 34);\\\">第四：锅中倒入油，油热之后放冰糖，转小火慢慢炒化，大泡变小泡呈枣红色的时候，放入鸡块，翻炒均匀，放入葱姜蒜干辣椒，炒好之后放一勺甜面酱，一勺黄豆酱，翻炒均匀</span></p><p><br></p><p><span style=\\\"color: rgb(34, 34, 34);\\\">第五：炒香之后加入热水，没过鸡块，开大火烧开，然后放入香菇炖一会儿，再放点生抽，放点蚝油，大火炖10分钟，然后将鸡块倒入砂锅中，然后放入土豆，盖上盖子中火焖5分钟，最后放入青红辣椒，将辣椒断生即可</span></p><p><br></p><p><strong style=\\\"color: rgb(0, 0, 0);\\\"><span class=\\\"ql-cursor\\\">﻿</span>【黄焖鸡之烹饪小知识】：</strong></p><p>1)鸡块放在清水中浸泡15分钟左右，浸泡出里面的血水和杂质，然后再清洗干净</p><p>2)黄焖鸡用冰糖炒糖色，而不是用老抽上色，这样色泽更加的漂亮，</p><p>这样炖出来的黄焖鸡肉质鲜嫩，尤其是土豆吸收了汤汁，超级过瘾，炖的时间长，香菇也特别的入味，特别是汤汁拌米饭非常的好吃；这么长时间不吃黄焖鸡了，小董一个人吃了两碗米饭，超级过瘾。喜欢吃黄焖鸡的朋友们再也不用在外面买了，自己在家做得干净卫生，而且非常的好吃，喜欢的朋友可以在家试一试。</p>\",\"top\":\"1\",\"updateBy\":\"admin\",\"blogDesc\":\"上次为了解馋在外面买了一份黄焖鸡，结果全家4口人有3口人吃完就拉肚子，去医院拿药，再也不敢在外面吃\",\"id\":19,\"contentType\":\"1\",\"views\":210,\"blogPicLink\":\"\",\"types\":[{\"typeName\":\"美食\",\"updateTime\":1697178110000,\"params\":{},\"createBy\":\"若依\",\"typePicType\":\"0\",\"createTime\":1641277883000,\"updateBy\":\"admin\",\"typePic\":\"\",\"typeId\":14,\"blogNum\":0,\"typePicLink\":\"\"}],\"blogPicType\":\"1\",\"updateTime\":1702170952000,\"params\":{},\"tags\":[{\"createBy\":\"若依\",\"createTime\":1641278906000,\"tagId\":26,\"updateBy\":\"admin\",\"updateTime\":1697177913000,\"params\":{},\"tagName',NULL,1,'','2023-12-10 09:21:00'),(244,'文件管理',3,'com.shanzhu.blog.cms.controller.SysFileInfoController.remove()','DELETE',1,'admin',NULL,'/fileInfo/56,55','127.0.0.1','内网IP','{fileIds=56,55}','{\"msg\":\"操作成功\",\"code\":200}',0,NULL,'2023-12-10 09:21:48'),(245,'用户头像',2,'com.shanzhu.blog.web.controller.system.SysProfileController.avatar()','POST',1,'admin',NULL,'/system/user/profile/avatar','127.0.0.1','内网IP','','{\"msg\":\"操作成功\",\"imgUrl\":\"/profile/avatar/2023/12/10/605a759c-cca4-4e4d-9a3c-efae63995a2d.jpeg\",\"code\":200}',0,NULL,'2023-12-10 09:27:11'),(246,'个人信息',2,'com.shanzhu.blog.web.controller.system.SysProfileController.updateProfile()','PUT',1,'admin',NULL,'/system/user/profile','127.0.0.1','内网IP','{\"roles\":[{\"flag\":false,\"roleId\":1,\"admin\":true,\"dataScope\":\"1\",\"params\":{},\"roleSort\":\"1\",\"deptCheckStrictly\":false,\"menuCheckStrictly\":false,\"roleKey\":\"admin\",\"roleName\":\"超级管理员\",\"status\":\"0\"}],\"phonenumber\":\"15888888888\",\"admin\":true,\"loginDate\":1702133379000,\"remark\":\"管理员\",\"delFlag\":\"0\",\"loginIp\":\"127.0.0.1\",\"email\":\"ry@163.com\",\"nickName\":\"admin\",\"sex\":\"0\",\"deptId\":103,\"avatar\":\"/profile/avatar/2023/12/10/9b1b0e02-79fa-447c-8188-0be8fd199874.jpeg\",\"dept\":{\"deptName\":\"研发部门\",\"leader\":\"若依\",\"deptId\":103,\"orderNum\":\"1\",\"params\":{},\"parentId\":101,\"children\":[],\"status\":\"0\"},\"params\":{},\"userName\":\"admin\",\"userId\":1,\"createBy\":\"admin\",\"createTime\":1639116734000,\"status\":\"0\"}','{\"msg\":\"操作成功\",\"code\":200}',0,NULL,'2023-12-10 09:27:13'),(247,'个人信息',2,'com.shanzhu.blog.web.controller.system.SysProfileController.updateProfile()','PUT',1,'admin',NULL,'/system/user/profile','127.0.0.1','内网IP','{\"roles\":[{\"flag\":false,\"roleId\":1,\"admin\":true,\"dataScope\":\"1\",\"params\":{},\"roleSort\":\"1\",\"deptCheckStrictly\":false,\"menuCheckStrictly\":false,\"roleKey\":\"admin\",\"roleName\":\"超级管理员\",\"status\":\"0\"}],\"phonenumber\":\"15888888888\",\"admin\":true,\"loginDate\":1702133379000,\"remark\":\"管理员\",\"delFlag\":\"0\",\"loginIp\":\"127.0.0.1\",\"email\":\"ry@163.com\",\"nickName\":\"admin\",\"sex\":\"0\",\"deptId\":103,\"avatar\":\"/profile/avatar/2023/12/10/9b1b0e02-79fa-447c-8188-0be8fd199874.jpeg\",\"dept\":{\"deptName\":\"研发部门\",\"leader\":\"若依\",\"deptId\":103,\"orderNum\":\"1\",\"params\":{},\"parentId\":101,\"children\":[],\"status\":\"0\"},\"params\":{},\"userName\":\"admin\",\"userId\":1,\"createBy\":\"admin\",\"createTime\":1639116734000,\"status\":\"0\"}','{\"msg\":\"操作成功\",\"code\":200}',0,NULL,'2023-12-10 09:27:14'),(248,'用户头像',2,'com.shanzhu.blog.web.controller.system.SysProfileController.avatar()','POST',1,'admin',NULL,'/system/user/profile/avatar','127.0.0.1','内网IP','','{\"msg\":\"操作成功\",\"imgUrl\":\"/profile/avatar/2023/12/10/58e53d70-eb15-4976-8f2a-6f229781c36b.jpeg\",\"code\":200}',0,NULL,'2023-12-10 09:27:37'),(249,'用户头像',2,'com.shanzhu.blog.web.controller.system.SysProfileController.avatar()','POST',1,'admin',NULL,'/system/user/profile/avatar','127.0.0.1','内网IP','','{\"msg\":\"操作成功\",\"imgUrl\":\"/profile/avatar/2023/12/10/9d3f7a7a-8976-417c-b025-7f7b36077155.jpeg\",\"code\":200}',0,NULL,'2023-12-10 09:27:45'),(250,'文件管理',3,'com.shanzhu.blog.cms.controller.SysFileInfoController.remove()','DELETE',1,'admin',NULL,'/fileInfo/57','127.0.0.1','内网IP','{fileIds=57}','{\"msg\":\"操作成功\",\"code\":200}',0,NULL,'2023-12-10 09:27:55'),(251,'用户头像',2,'com.shanzhu.blog.web.controller.system.SysProfileController.avatar()','POST',1,'admin',NULL,'/system/user/profile/avatar','127.0.0.1','内网IP','','{\"msg\":\"操作成功\",\"imgUrl\":\"/profile/avatar/2023/12/10/a2ac97cf-c315-4523-81ae-36583cab85d6.jpeg\",\"code\":200}',0,NULL,'2023-12-10 09:28:46'),(252,'个人信息',2,'com.shanzhu.blog.web.controller.system.SysProfileController.updateProfile()','PUT',1,'admin',NULL,'/system/user/profile','127.0.0.1','内网IP','{\"roles\":[{\"flag\":false,\"roleId\":1,\"admin\":true,\"dataScope\":\"1\",\"params\":{},\"roleSort\":\"1\",\"deptCheckStrictly\":false,\"menuCheckStrictly\":false,\"roleKey\":\"admin\",\"roleName\":\"超级管理员\",\"status\":\"0\"}],\"phonenumber\":\"15888888888\",\"admin\":true,\"loginDate\":1702133379000,\"remark\":\"管理员\",\"delFlag\":\"0\",\"loginIp\":\"127.0.0.1\",\"email\":\"shanzhu@163.com\",\"nickName\":\"admin\",\"sex\":\"0\",\"deptId\":103,\"avatar\":\"/profile/avatar/2023/12/10/a2ac97cf-c315-4523-81ae-36583cab85d6.jpeg\",\"dept\":{\"deptName\":\"研发部门\",\"leader\":\"若依\",\"deptId\":103,\"orderNum\":\"1\",\"params\":{},\"parentId\":101,\"children\":[],\"status\":\"0\"},\"params\":{},\"userName\":\"admin\",\"userId\":1,\"createBy\":\"admin\",\"createTime\":1639116734000,\"status\":\"0\"}','{\"msg\":\"操作成功\",\"code\":200}',0,NULL,'2023-12-10 09:28:58'),(253,'文章管理',2,'com.shanzhu.blog.cms.controller.CmsBlogController.edit()','PUT',1,'admin',NULL,'/cms/blog','127.0.0.1','内网IP','{\"tagIds\":[26],\"title\":\"黄焖鸡米饭\",\"type\":\"1\",\"content\":\"<p>其实黄焖鸡的做法非常的简单，只要掌握好技巧，自己在家做出来的黄焖鸡汤汁浓郁，配菜也非常的入味又好吃。今天就用这三个大鸡腿，在家自制黄焖鸡，配着米饭吃超级过瘾。尤其是汤汁拌米饭非常的过瘾。<strong style=\\\"color: rgb(51, 51, 51);\\\">黄焖鸡家常做法，掌握好诀窍，鲜香可口，拌米饭一块吃美味又下饭</strong></p><p><strong style=\\\"color: rgb(0, 0, 0);\\\">【黄焖鸡】</strong></p><p><strong style=\\\"color: rgb(51, 51, 51);\\\">食材：鸡腿，香菇，土豆，料酒，青红辣椒，葱，姜，蒜，干辣椒，冰糖，黄豆酱，甜面酱</strong></p><p><strong style=\\\"color: rgb(0, 0, 0);\\\">【具体制作步骤】：</strong></p><p>第一：首先将鸡腿清洗干净，然后剁成块，放入盆中，清洗干净，多清洗几遍，然后将鸡块放在清水中浸泡15分钟左右，然后清洗干净控水备用</p><p><br></p><p><span style=\\\"color: rgb(34, 34, 34);\\\">第二：锅中加入适量的清水，将鸡块凉水下锅，放点姜片，放点料酒，大火烧开，撇去表面的浮沫。然后捞出过一遍凉水，这样鸡肉更加瓷实一些，而且可以洗去表面的杂质</span></p><p><br></p><p><span style=\\\"color: rgb(34, 34, 34);\\\">第三：下面我们处理一下配菜切点配菜，将香菇根部去掉，然后切成片，土豆清洗干净削皮切成小块，青红辣椒去头去籽，然后切成菱形块，葱切成片，姜切成丝，蒜切块，再准备两个干辣椒</span></p><p><br></p><p><span style=\\\"color: rgb(34, 34, 34);\\\">第四：锅中倒入油，油热之后放冰糖，转小火慢慢炒化，大泡变小泡呈枣红色的时候，放入鸡块，翻炒均匀，放入葱姜蒜干辣椒，炒好之后放一勺甜面酱，一勺黄豆酱，翻炒均匀</span></p><p><br></p><p><span style=\\\"color: rgb(34, 34, 34);\\\">第五：炒香之后加入热水，没过鸡块，开大火烧开，然后放入香菇炖一会儿，再放点生抽，放点蚝油，大火炖10分钟，然后将鸡块倒入砂锅中，然后放入土豆，盖上盖子中火焖5分钟，最后放入青红辣椒，将辣椒断生即可</span></p><p><br></p><p><strong style=\\\"color: rgb(0, 0, 0);\\\"><span class=\\\"ql-cursor\\\">﻿</span>【黄焖鸡之烹饪小知识】：</strong></p><p>1)鸡块放在清水中浸泡15分钟左右，浸泡出里面的血水和杂质，然后再清洗干净</p><p>2)黄焖鸡用冰糖炒糖色，而不是用老抽上色，这样色泽更加的漂亮，</p><p>这样炖出来的黄焖鸡肉质鲜嫩，尤其是土豆吸收了汤汁，超级过瘾，炖的时间长，香菇也特别的入味，特别是汤汁拌米饭非常的好吃；这么长时间不吃黄焖鸡了，小董一个人吃了两碗米饭，超级过瘾。喜欢吃黄焖鸡的朋友们再也不用在外面买了，自己在家做得干净卫生，而且非常的好吃，喜欢的朋友可以在家试一试。</p>\",\"top\":\"1\",\"updateBy\":\"admin\",\"blogDesc\":\"上次为了解馋在外面买了一份黄焖鸡，结果全家4口人有3口人吃完就拉肚子，去医院拿药，再也不敢在外面吃\",\"id\":19,\"contentType\":\"1\",\"views\":210,\"blogPicLink\":\"\",\"types\":[{\"typeName\":\"美食\",\"updateTime\":1697178110000,\"params\":{},\"createBy\":\"若依\",\"typePicType\":\"0\",\"createTime\":1641277883000,\"updateBy\":\"admin\",\"typePic\":\"\",\"typeId\":14,\"blogNum\":0,\"typePicLink\":\"\"}],\"blogPicType\":\"1\",\"updateTime\":1702170952000,\"params\":{},\"tags\":[{\"createBy\":\"若依\",\"createTime\":1641278906000,\"tagId\":26,\"updateBy\":\"admin\",\"updateTime\":1697177913000,\"params\":{},\"tagName',NULL,1,'','2023-12-10 09:29:17'),(254,'用户头像',2,'com.shanzhu.blog.web.controller.system.SysProfileController.avatar()','POST',1,'admin',NULL,'/system/user/profile/avatar','127.0.0.1','内网IP','','{\"msg\":\"操作成功\",\"imgUrl\":\"/profile/avatar/2023/12/10/9d480b39-1e1a-4397-91cf-80c5287cb380.jpeg\",\"code\":200}',0,NULL,'2023-12-10 09:35:07'),(255,'文章管理',2,'com.shanzhu.blog.cms.controller.CmsBlogController.edit()','PUT',1,'admin',NULL,'/cms/blog','127.0.0.1','内网IP','{\"tagIds\":[26],\"title\":\"黄焖鸡米饭\",\"type\":\"1\",\"content\":\"<p>其实黄焖鸡的做法非常的简单，只要掌握好技巧，自己在家做出来的黄焖鸡汤汁浓郁，配菜也非常的入味又好吃。今天就用这三个大鸡腿，在家自制黄焖鸡，配着米饭吃超级过瘾。尤其是汤汁拌米饭非常的过瘾。<strong style=\\\"color: rgb(51, 51, 51);\\\">黄焖鸡家常做法，掌握好诀窍，鲜香可口，拌米饭一块吃美味又下饭</strong></p><p><strong style=\\\"color: rgb(0, 0, 0);\\\">【黄焖鸡】</strong></p><p><strong style=\\\"color: rgb(51, 51, 51);\\\">食材：鸡腿，香菇，土豆，料酒，青红辣椒，葱，姜，蒜，干辣椒，冰糖，黄豆酱，甜面酱</strong></p><p><strong style=\\\"color: rgb(0, 0, 0);\\\">【具体制作步骤】：</strong></p><p>第一：首先将鸡腿清洗干净，然后剁成块，放入盆中，清洗干净，多清洗几遍，然后将鸡块放在清水中浸泡15分钟左右，然后清洗干净控水备用</p><p><br></p><p><span style=\\\"color: rgb(34, 34, 34);\\\">第二：锅中加入适量的清水，将鸡块凉水下锅，放点姜片，放点料酒，大火烧开，撇去表面的浮沫。然后捞出过一遍凉水，这样鸡肉更加瓷实一些，而且可以洗去表面的杂质</span></p><p><br></p><p><span style=\\\"color: rgb(34, 34, 34);\\\">第三：下面我们处理一下配菜切点配菜，将香菇根部去掉，然后切成片，土豆清洗干净削皮切成小块，青红辣椒去头去籽，然后切成菱形块，葱切成片，姜切成丝，蒜切块，再准备两个干辣椒</span></p><p><br></p><p><span style=\\\"color: rgb(34, 34, 34);\\\">第四：锅中倒入油，油热之后放冰糖，转小火慢慢炒化，大泡变小泡呈枣红色的时候，放入鸡块，翻炒均匀，放入葱姜蒜干辣椒，炒好之后放一勺甜面酱，一勺黄豆酱，翻炒均匀</span></p><p><br></p><p><span style=\\\"color: rgb(34, 34, 34);\\\">第五：炒香之后加入热水，没过鸡块，开大火烧开，然后放入香菇炖一会儿，再放点生抽，放点蚝油，大火炖10分钟，然后将鸡块倒入砂锅中，然后放入土豆，盖上盖子中火焖5分钟，最后放入青红辣椒，将辣椒断生即可</span></p><p><br></p><p><strong style=\\\"color: rgb(0, 0, 0);\\\"><span class=\\\"ql-cursor\\\">﻿</span>【黄焖鸡之烹饪小知识】：</strong></p><p>1)鸡块放在清水中浸泡15分钟左右，浸泡出里面的血水和杂质，然后再清洗干净</p><p>2)黄焖鸡用冰糖炒糖色，而不是用老抽上色，这样色泽更加的漂亮，</p><p>这样炖出来的黄焖鸡肉质鲜嫩，尤其是土豆吸收了汤汁，超级过瘾，炖的时间长，香菇也特别的入味，特别是汤汁拌米饭非常的好吃；这么长时间不吃黄焖鸡了，小董一个人吃了两碗米饭，超级过瘾。喜欢吃黄焖鸡的朋友们再也不用在外面买了，自己在家做得干净卫生，而且非常的好吃，喜欢的朋友可以在家试一试。</p>\",\"top\":\"1\",\"updateBy\":\"admin\",\"blogDesc\":\"上次为了解馋在外面买了一份黄焖鸡，结果全家4口人有3口人吃完就拉肚子，去医院拿药，再也不敢在外面吃\",\"id\":19,\"contentType\":\"1\",\"views\":210,\"blogPicLink\":\"\",\"types\":[{\"typeName\":\"美食\",\"updateTime\":1697178110000,\"params\":{},\"createBy\":\"若依\",\"typePicType\":\"0\",\"createTime\":1641277883000,\"updateBy\":\"admin\",\"typePic\":\"\",\"typeId\":14,\"blogNum\":0,\"typePicLink\":\"\"}],\"blogPicType\":\"1\",\"updateTime\":1702170952000,\"params\":{},\"tags\":[{\"createBy\":\"若依\",\"createTime\":1641278906000,\"tagId\":26,\"updateBy\":\"admin\",\"updateTime\":1697177913000,\"params\":{},\"tagName',NULL,1,'','2023-12-10 09:35:54'),(256,'文章管理',2,'com.shanzhu.blog.cms.controller.CmsBlogController.edit()','PUT',1,'admin',NULL,'/cms/blog','127.0.0.1','内网IP','{\"tagIds\":[26],\"title\":\"黄焖鸡米饭\",\"type\":\"1\",\"content\":\"<p>其实黄焖鸡的做法非常的简单，只要掌握好技巧，自己在家做出来的黄焖鸡汤汁浓郁，配菜也非常的入味又好吃。今天就用这三个大鸡腿，在家自制黄焖鸡，配着米饭吃超级过瘾。尤其是汤汁拌米饭非常的过瘾。<strong style=\\\"color: rgb(51, 51, 51);\\\">黄焖鸡家常做法，掌握好诀窍，鲜香可口，拌米饭一块吃美味又下饭</strong></p><p><strong style=\\\"color: rgb(0, 0, 0);\\\">【黄焖鸡】</strong></p><p><strong style=\\\"color: rgb(51, 51, 51);\\\">食材：鸡腿，香菇，土豆，料酒，青红辣椒，葱，姜，蒜，干辣椒，冰糖，黄豆酱，甜面酱</strong></p><p><strong style=\\\"color: rgb(0, 0, 0);\\\">【具体制作步骤】：</strong></p><p>第一：首先将鸡腿清洗干净，然后剁成块，放入盆中，清洗干净，多清洗几遍，然后将鸡块放在清水中浸泡15分钟左右，然后清洗干净控水备用</p><p><br></p><p><span style=\\\"color: rgb(34, 34, 34);\\\">第二：锅中加入适量的清水，将鸡块凉水下锅，放点姜片，放点料酒，大火烧开，撇去表面的浮沫。然后捞出过一遍凉水，这样鸡肉更加瓷实一些，而且可以洗去表面的杂质</span></p><p><br></p><p><span style=\\\"color: rgb(34, 34, 34);\\\">第三：下面我们处理一下配菜切点配菜，将香菇根部去掉，然后切成片，土豆清洗干净削皮切成小块，青红辣椒去头去籽，然后切成菱形块，葱切成片，姜切成丝，蒜切块，再准备两个干辣椒</span></p><p><br></p><p><span style=\\\"color: rgb(34, 34, 34);\\\">第四：锅中倒入油，油热之后放冰糖，转小火慢慢炒化，大泡变小泡呈枣红色的时候，放入鸡块，翻炒均匀，放入葱姜蒜干辣椒，炒好之后放一勺甜面酱，一勺黄豆酱，翻炒均匀</span></p><p><br></p><p><span style=\\\"color: rgb(34, 34, 34);\\\">第五：炒香之后加入热水，没过鸡块，开大火烧开，然后放入香菇炖一会儿，再放点生抽，放点蚝油，大火炖10分钟，然后将鸡块倒入砂锅中，然后放入土豆，盖上盖子中火焖5分钟，最后放入青红辣椒，将辣椒断生即可</span></p><p><br></p><p><strong style=\\\"color: rgb(0, 0, 0);\\\"><span class=\\\"ql-cursor\\\">﻿</span>【黄焖鸡之烹饪小知识】：</strong></p><p>1)鸡块放在清水中浸泡15分钟左右，浸泡出里面的血水和杂质，然后再清洗干净</p><p>2)黄焖鸡用冰糖炒糖色，而不是用老抽上色，这样色泽更加的漂亮，</p><p>这样炖出来的黄焖鸡肉质鲜嫩，尤其是土豆吸收了汤汁，超级过瘾，炖的时间长，香菇也特别的入味，特别是汤汁拌米饭非常的好吃；这么长时间不吃黄焖鸡了，小董一个人吃了两碗米饭，超级过瘾。喜欢吃黄焖鸡的朋友们再也不用在外面买了，自己在家做得干净卫生，而且非常的好吃，喜欢的朋友可以在家试一试。</p>\",\"top\":\"1\",\"updateBy\":\"admin\",\"blogDesc\":\"上次为了解馋在外面买了一份黄焖鸡，结果全家4口人有3口人吃完就拉肚子，去医院拿药，再也不敢在外面吃\",\"id\":19,\"contentType\":\"1\",\"views\":210,\"blogPicLink\":\"\",\"types\":[{\"typeName\":\"美食\",\"updateTime\":1697178110000,\"params\":{},\"createBy\":\"若依\",\"typePicType\":\"0\",\"createTime\":1641277883000,\"updateBy\":\"admin\",\"typePic\":\"\",\"typeId\":14,\"blogNum\":0,\"typePicLink\":\"\"}],\"blogPicType\":\"1\",\"updateTime\":1702170952000,\"params\":{},\"tags\":[{\"createBy\":\"若依\",\"createTime\":1641278906000,\"tagId\":26,\"updateBy\":\"admin\",\"updateTime\":1697177913000,\"params\":{},\"tagName',NULL,1,'','2023-12-10 09:36:50'),(257,'文章管理',2,'com.shanzhu.blog.cms.controller.CmsBlogController.edit()','PUT',1,'admin',NULL,'/cms/blog','127.0.0.1','内网IP','{\"tagIds\":[26],\"title\":\"黄焖鸡米饭\",\"type\":\"1\",\"content\":\"<p>其实黄焖鸡的做法非常的简单，只要掌握好技巧，自己在家做出来的黄焖鸡汤汁浓郁，配菜也非常的入味又好吃。今天就用这三个大鸡腿，在家自制黄焖鸡，配着米饭吃超级过瘾。尤其是汤汁拌米饭非常的过瘾。<strong style=\\\"color: rgb(51, 51, 51);\\\">黄焖鸡家常做法，掌握好诀窍，鲜香可口，拌米饭一块吃美味又下饭</strong></p><p><strong style=\\\"color: rgb(0, 0, 0);\\\">【黄焖鸡】</strong></p><p><strong style=\\\"color: rgb(51, 51, 51);\\\">食材：鸡腿，香菇，土豆，料酒，青红辣椒，葱，姜，蒜，干辣椒，冰糖，黄豆酱，甜面酱</strong></p><p><strong style=\\\"color: rgb(0, 0, 0);\\\">【具体制作步骤】：</strong></p><p>第一：首先将鸡腿清洗干净，然后剁成块，放入盆中，清洗干净，多清洗几遍，然后将鸡块放在清水中浸泡15分钟左右，然后清洗干净控水备用</p><p><br></p><p><span style=\\\"color: rgb(34, 34, 34);\\\">第二：锅中加入适量的清水，将鸡块凉水下锅，放点姜片，放点料酒，大火烧开，撇去表面的浮沫。然后捞出过一遍凉水，这样鸡肉更加瓷实一些，而且可以洗去表面的杂质</span></p><p><br></p><p><span style=\\\"color: rgb(34, 34, 34);\\\">第三：下面我们处理一下配菜切点配菜，将香菇根部去掉，然后切成片，土豆清洗干净削皮切成小块，青红辣椒去头去籽，然后切成菱形块，葱切成片，姜切成丝，蒜切块，再准备两个干辣椒</span></p><p><br></p><p><span style=\\\"color: rgb(34, 34, 34);\\\">第四：锅中倒入油，油热之后放冰糖，转小火慢慢炒化，大泡变小泡呈枣红色的时候，放入鸡块，翻炒均匀，放入葱姜蒜干辣椒，炒好之后放一勺甜面酱，一勺黄豆酱，翻炒均匀</span></p><p><br></p><p><span style=\\\"color: rgb(34, 34, 34);\\\">第五：炒香之后加入热水，没过鸡块，开大火烧开，然后放入香菇炖一会儿，再放点生抽，放点蚝油，大火炖10分钟，然后将鸡块倒入砂锅中，然后放入土豆，盖上盖子中火焖5分钟，最后放入青红辣椒，将辣椒断生即可</span></p><p><br></p><p><strong style=\\\"color: rgb(0, 0, 0);\\\"><span class=\\\"ql-cursor\\\">﻿</span>【黄焖鸡之烹饪小知识】：</strong></p><p>1)鸡块放在清水中浸泡15分钟左右，浸泡出里面的血水和杂质，然后再清洗干净</p><p>2)黄焖鸡用冰糖炒糖色，而不是用老抽上色，这样色泽更加的漂亮，</p><p>这样炖出来的黄焖鸡肉质鲜嫩，尤其是土豆吸收了汤汁，超级过瘾，炖的时间长，香菇也特别的入味，特别是汤汁拌米饭非常的好吃；这么长时间不吃黄焖鸡了，小董一个人吃了两碗米饭，超级过瘾。喜欢吃黄焖鸡的朋友们再也不用在外面买了，自己在家做得干净卫生，而且非常的好吃，喜欢的朋友可以在家试一试。</p>\",\"top\":\"1\",\"updateBy\":\"admin\",\"blogDesc\":\"上次为了解馋在外面买了一份黄焖鸡，结果全家4口人有3口人吃完就拉肚子，去医院拿药，再也不敢在外面吃\",\"id\":19,\"contentType\":\"1\",\"views\":210,\"blogPicLink\":\"\",\"types\":[{\"typeName\":\"美食\",\"updateTime\":1697178110000,\"params\":{},\"createBy\":\"若依\",\"typePicType\":\"0\",\"createTime\":1641277883000,\"updateBy\":\"admin\",\"typePic\":\"\",\"typeId\":14,\"blogNum\":0,\"typePicLink\":\"\"}],\"blogPicType\":\"1\",\"updateTime\":1702170952000,\"params\":{},\"tags\":[{\"createBy\":\"若依\",\"createTime\":1641278906000,\"tagId\":26,\"updateBy\":\"admin\",\"updateTime\":1697177913000,\"params\":{},\"tagName',NULL,1,'','2023-12-10 09:37:40'),(258,'文章管理',2,'com.shanzhu.blog.cms.controller.CmsBlogController.edit()','PUT',1,'admin',NULL,'/cms/blog','127.0.0.1','内网IP','{\"tagIds\":[26],\"title\":\"黄焖鸡米饭\",\"type\":\"1\",\"content\":\"<p>其实黄焖鸡的做法非常的简单，只要掌握好技巧，自己在家做出来的黄焖鸡汤汁浓郁，配菜也非常的入味又好吃。今天就用这三个大鸡腿，在家自制黄焖鸡，配着米饭吃超级过瘾。尤其是汤汁拌米饭非常的过瘾。<strong style=\\\"color: rgb(51, 51, 51);\\\">黄焖鸡家常做法，掌握好诀窍，鲜香可口，拌米饭一块吃美味又下饭</strong></p><p><strong style=\\\"color: rgb(0, 0, 0);\\\">【黄焖鸡】</strong></p><p><strong style=\\\"color: rgb(51, 51, 51);\\\">食材：鸡腿，香菇，土豆，料酒，青红辣椒，葱，姜，蒜，干辣椒，冰糖，黄豆酱，甜面酱</strong></p><p><strong style=\\\"color: rgb(0, 0, 0);\\\">【具体制作步骤】：</strong></p><p>第一：首先将鸡腿清洗干净，然后剁成块，放入盆中，清洗干净，多清洗几遍，然后将鸡块放在清水中浸泡15分钟左右，然后清洗干净控水备用</p><p><br></p><p><span style=\\\"color: rgb(34, 34, 34);\\\">第二：锅中加入适量的清水，将鸡块凉水下锅，放点姜片，放点料酒，大火烧开，撇去表面的浮沫。然后捞出过一遍凉水，这样鸡肉更加瓷实一些，而且可以洗去表面的杂质</span></p><p><br></p><p><span style=\\\"color: rgb(34, 34, 34);\\\">第三：下面我们处理一下配菜切点配菜，将香菇根部去掉，然后切成片，土豆清洗干净削皮切成小块，青红辣椒去头去籽，然后切成菱形块，葱切成片，姜切成丝，蒜切块，再准备两个干辣椒</span></p><p><br></p><p><span style=\\\"color: rgb(34, 34, 34);\\\">第四：锅中倒入油，油热之后放冰糖，转小火慢慢炒化，大泡变小泡呈枣红色的时候，放入鸡块，翻炒均匀，放入葱姜蒜干辣椒，炒好之后放一勺甜面酱，一勺黄豆酱，翻炒均匀</span></p><p><br></p><p><span style=\\\"color: rgb(34, 34, 34);\\\">第五：炒香之后加入热水，没过鸡块，开大火烧开，然后放入香菇炖一会儿，再放点生抽，放点蚝油，大火炖10分钟，然后将鸡块倒入砂锅中，然后放入土豆，盖上盖子中火焖5分钟，最后放入青红辣椒，将辣椒断生即可</span></p><p><br></p><p><strong style=\\\"color: rgb(0, 0, 0);\\\"><span class=\\\"ql-cursor\\\">﻿</span>【黄焖鸡之烹饪小知识】：</strong></p><p>1)鸡块放在清水中浸泡15分钟左右，浸泡出里面的血水和杂质，然后再清洗干净</p><p>2)黄焖鸡用冰糖炒糖色，而不是用老抽上色，这样色泽更加的漂亮，</p><p>这样炖出来的黄焖鸡肉质鲜嫩，尤其是土豆吸收了汤汁，超级过瘾，炖的时间长，香菇也特别的入味，特别是汤汁拌米饭非常的好吃；这么长时间不吃黄焖鸡了，小董一个人吃了两碗米饭，超级过瘾。喜欢吃黄焖鸡的朋友们再也不用在外面买了，自己在家做得干净卫生，而且非常的好吃，喜欢的朋友可以在家试一试。</p>\",\"top\":\"1\",\"updateBy\":\"admin\",\"blogDesc\":\"上次为了解馋在外面买了一份黄焖鸡，结果全家4口人有3口人吃完就拉肚子，去医院拿药，再也不敢在外面吃\",\"id\":19,\"contentType\":\"1\",\"views\":210,\"blogPicLink\":\"\",\"types\":[{\"typeName\":\"美食\",\"updateTime\":1697178110000,\"params\":{},\"createBy\":\"若依\",\"typePicType\":\"0\",\"createTime\":1641277883000,\"updateBy\":\"admin\",\"typePic\":\"\",\"typeId\":14,\"blogNum\":0,\"typePicLink\":\"\"}],\"blogPicType\":\"1\",\"updateTime\":1702170952000,\"params\":{},\"tags\":[{\"createBy\":\"若依\",\"createTime\":1641278906000,\"tagId\":26,\"updateBy\":\"admin\",\"updateTime\":1697177913000,\"params\":{},\"tagName',NULL,1,'','2023-12-10 09:40:10'),(259,'文章管理',2,'com.shanzhu.blog.cms.controller.CmsBlogController.edit()','PUT',1,'admin',NULL,'/cms/blog','127.0.0.1','内网IP','{\"tagIds\":[23,24],\"title\":\"九寨沟旅游\",\"type\":\"1\",\"content\":\"<p><span style=\\\"color: rgb(34, 34, 34);\\\">寨沟主体呈“Y”字形，由树正沟、日则沟和则查洼沟三条沟组成，总长50余公里，景区内有环保观光车穿梭行驶，招手即停，一般是乘坐环保车一个个景点玩下来。如果细细品味的话，一天的时间是严重不够的。景区推出的淡季二次进沟是不错的选择。</span>想去九寨沟，推荐从成都出发，四日游玩法比较适合时间充足灵活的朋友，费用大概在1500—1700元之间会比较舒适，在于餐和住宿的区别。四日游是游玩九寨沟最佳的游玩方式（给九寨沟景区留够整两天），时间比较充足，游玩起来也比较轻松。行程如下：</p><p>第一天：成都—都江堰熊猫乐园—叠溪海子—松潘古城—九寨沟</p><p>第二天：景区门口—日则沟—则渣洼沟—景区门口</p><p>第三天：景区门口(二次进沟）—树正沟—景区门口</p><p>第四天：九寨沟—川主寺—黄龙—成都</p><p>景区二日游路线</p><p>D1：沟口——镜海——诺日朗中心——日则沟（箭竹海——箭竹海瀑布——熊猫海——五花海——珍珠滩——珍珠滩瀑布）——镜海——诺日朗瀑布——犀牛海——沟口</p><p>D2：沟口——诺日朗中心——长海——五彩池——树正沟（老虎海——树正海群——芦苇海——盆景滩）——扎如寺——沟口</p><p class=\\\"ql-align-center\\\"> </p><p>四川九寨沟景点</p><p>五花海 ：五花海位于九寨沟三条沟的日则沟中段，孔雀河上游，由于海底的钙华沉积、各种色泽艳丽的藻类以及岸边五彩斑斓的林木倒影，使得五花海呈现出鹅黄、藏青、墨绿、宝蓝等各种颜色，故称“五花海”。</p><p><span style=\\\"color: rgb(34, 34, 34);\\\">镜海：镜海，因为湖面一平如镜，故得其名。这里是九寨沟看倒影的好地方。每当晨曦初露或朝霞遍染之时，蓝天白云、远山近树，尽纳海底。早9点前和晚5点后无风的时候，是拍摄镜海倒影的最佳时间。</span></p><p><span style=\\\"color: rgb(34, 34, 34);\\\">珍珠滩：上游珍珠滩瀑布的激流，在凹凸不平的乳黄色钙化滩面上溅起无数水珠，阳光下，点点水珠就像巨型扇贝里的粒粒珍珠，远看河中流动着一河洁白的珍珠。这就是珍珠滩</span></p><p><span style=\\\"color: rgb(34, 34, 34);\\\">仙女池：仙女池位于九寨沟神仙池景区内，又叫大海池。传说这里曾经是仙女沐浴的地方，神仙池也因此而得名。仙女池色泽蔚蓝，与大海的色差不大，而且面积不小。远远望去，犹如一颗精美的波斯蓝宝石，在阳光的照射下是那样的宁静和美丽。</span></p><p><span style=\\\"color: rgb(34, 34, 34);\\\">瑶池：瑶池位于九寨沟神仙池风景区内，有诗诵之为“蓝天白云清风里，山林草海碧水间”。它那巧夺天工的形态，清澈通透的湖水，犹如一颗宝石镶嵌在了天然的绿色地毯上。神仙池景色通常是一池连一瀑，有瀑就有池。而金银滩上的瑶池，则是由数个大小不等的钙化池曲状相连。</span></p><p><span style=\\\"color: rgb(34, 34, 34);\\\">“九寨归来不看水”，是对九寨沟景色真实的诠释。泉、瀑、河、滩108个海子，构成一个个五彩斑斓的瑶池玉盆。长海、剑岩、诺日朗、树正、扎如、黑海六大景观，翠海、叠瀑、彩林、雪峰、藏情、蓝冰，被称为“六绝”。神奇的九寨，被世人誉为“童话世界”，号称“水景之王”。</span></p><p class=\\\"ql-align-center\\\">想获取更多旅游攻略，请点击下方咨询按钮，</p><p class=\\\"ql-align-center\\\">为你定制专属旅程，不用自己做攻略，</p><p class=\\\"ql-align-center\\\">24小时客服随时解决难题，给你一个轻松自由愉快的旅行。</p><p>【春日看点】满沟的桃花盛开和绿树抽新芽的盎然生机。</p><p>春天的九寨沟，冰雪融化、新绿发芽，红的、黄的、粉的、蓝的，美丽的花朵染遍了山野，最受游客关注的当属处处盛开的野桃花。九寨沟南高北低，沟口的海拔仅2000m，中部峰岭均在4000m以上，南缘达4500m以上，主沟长30多公里。因此，春天的时候，山脚一片春花烂漫，山林还处于残冬，长海则尚未解冻。清澈的水流从尚未完全解冻的薄冰下流过，更添一丝的梦幻。</p><p>【秋季看点】彩林、叠瀑、蓝天、倒影</p><p>秋天是九寨沟最为灿烂的季节，山林晕染成色，这里集合了秋天所',NULL,1,'','2023-12-10 09:41:13'),(260,'文章管理',2,'com.shanzhu.blog.cms.controller.CmsBlogController.edit()','PUT',1,'admin',NULL,'/cms/blog','127.0.0.1','内网IP','{\"tagIds\":[23,24],\"title\":\"九寨沟旅游\",\"type\":\"1\",\"content\":\"<p><span style=\\\"color: rgb(34, 34, 34);\\\">寨沟主体呈“Y”字形，由树正沟、日则沟和则查洼沟三条沟组成，总长50余公里，景区内有环保观光车穿梭行驶，招手即停，一般是乘坐环保车一个个景点玩下来。如果细细品味的话，一天的时间是严重不够的。景区推出的淡季二次进沟是不错的选择。</span>想去九寨沟，推荐从成都出发，四日游玩法比较适合时间充足灵活的朋友，费用大概在1500—1700元之间会比较舒适，在于餐和住宿的区别。四日游是游玩九寨沟最佳的游玩方式（给九寨沟景区留够整两天），时间比较充足，游玩起来也比较轻松。行程如下：</p><p>第一天：成都—都江堰熊猫乐园—叠溪海子—松潘古城—九寨沟</p><p>第二天：景区门口—日则沟—则渣洼沟—景区门口</p><p>第三天：景区门口(二次进沟）—树正沟—景区门口</p><p>第四天：九寨沟—川主寺—黄龙—成都</p><p>景区二日游路线</p><p>D1：沟口——镜海——诺日朗中心——日则沟（箭竹海——箭竹海瀑布——熊猫海——五花海——珍珠滩——珍珠滩瀑布）——镜海——诺日朗瀑布——犀牛海——沟口</p><p>D2：沟口——诺日朗中心——长海——五彩池——树正沟（老虎海——树正海群——芦苇海——盆景滩）——扎如寺——沟口</p><p class=\\\"ql-align-center\\\"> </p><p>四川九寨沟景点</p><p>五花海 ：五花海位于九寨沟三条沟的日则沟中段，孔雀河上游，由于海底的钙华沉积、各种色泽艳丽的藻类以及岸边五彩斑斓的林木倒影，使得五花海呈现出鹅黄、藏青、墨绿、宝蓝等各种颜色，故称“五花海”。</p><p><span style=\\\"color: rgb(34, 34, 34);\\\">镜海：镜海，因为湖面一平如镜，故得其名。这里是九寨沟看倒影的好地方。每当晨曦初露或朝霞遍染之时，蓝天白云、远山近树，尽纳海底。早9点前和晚5点后无风的时候，是拍摄镜海倒影的最佳时间。</span></p><p><span style=\\\"color: rgb(34, 34, 34);\\\">珍珠滩：上游珍珠滩瀑布的激流，在凹凸不平的乳黄色钙化滩面上溅起无数水珠，阳光下，点点水珠就像巨型扇贝里的粒粒珍珠，远看河中流动着一河洁白的珍珠。这就是珍珠滩</span></p><p><span style=\\\"color: rgb(34, 34, 34);\\\">仙女池：仙女池位于九寨沟神仙池景区内，又叫大海池。传说这里曾经是仙女沐浴的地方，神仙池也因此而得名。仙女池色泽蔚蓝，与大海的色差不大，而且面积不小。远远望去，犹如一颗精美的波斯蓝宝石，在阳光的照射下是那样的宁静和美丽。</span></p><p><span style=\\\"color: rgb(34, 34, 34);\\\">瑶池：瑶池位于九寨沟神仙池风景区内，有诗诵之为“蓝天白云清风里，山林草海碧水间”。它那巧夺天工的形态，清澈通透的湖水，犹如一颗宝石镶嵌在了天然的绿色地毯上。神仙池景色通常是一池连一瀑，有瀑就有池。而金银滩上的瑶池，则是由数个大小不等的钙化池曲状相连。</span></p><p><span style=\\\"color: rgb(34, 34, 34);\\\">“九寨归来不看水”，是对九寨沟景色真实的诠释。泉、瀑、河、滩108个海子，构成一个个五彩斑斓的瑶池玉盆。长海、剑岩、诺日朗、树正、扎如、黑海六大景观，翠海、叠瀑、彩林、雪峰、藏情、蓝冰，被称为“六绝”。神奇的九寨，被世人誉为“童话世界”，号称“水景之王”。</span></p><p class=\\\"ql-align-center\\\">想获取更多旅游攻略，请点击下方咨询按钮，</p><p class=\\\"ql-align-center\\\">为你定制专属旅程，不用自己做攻略，</p><p class=\\\"ql-align-center\\\">24小时客服随时解决难题，给你一个轻松自由愉快的旅行。</p><p>【春日看点】满沟的桃花盛开和绿树抽新芽的盎然生机。</p><p>春天的九寨沟，冰雪融化、新绿发芽，红的、黄的、粉的、蓝的，美丽的花朵染遍了山野，最受游客关注的当属处处盛开的野桃花。九寨沟南高北低，沟口的海拔仅2000m，中部峰岭均在4000m以上，南缘达4500m以上，主沟长30多公里。因此，春天的时候，山脚一片春花烂漫，山林还处于残冬，长海则尚未解冻。清澈的水流从尚未完全解冻的薄冰下流过，更添一丝的梦幻。</p><p>【秋季看点】彩林、叠瀑、蓝天、倒影</p><p>秋天是九寨沟最为灿烂的季节，山林晕染成色，这里集合了秋天所',NULL,1,'','2023-12-10 09:42:29'),(261,'文章管理',2,'com.shanzhu.blog.cms.controller.CmsBlogController.edit()','PUT',1,'admin',NULL,'/cms/blog','127.0.0.1','内网IP','{\"tagIds\":[23,24],\"title\":\"九寨沟旅游\",\"type\":\"1\",\"content\":\"<p><span style=\\\"color: rgb(34, 34, 34);\\\">寨沟主体呈“Y”字形，由树正沟、日则沟和则查洼沟三条沟组成，总长50余公里，景区内有环保观光车穿梭行驶，招手即停，一般是乘坐环保车一个个景点玩下来。如果细细品味的话，一天的时间是严重不够的。景区推出的淡季二次进沟是不错的选择。</span>想去九寨沟，推荐从成都出发，四日游玩法比较适合时间充足灵活的朋友，费用大概在1500—1700元之间会比较舒适，在于餐和住宿的区别。四日游是游玩九寨沟最佳的游玩方式（给九寨沟景区留够整两天），时间比较充足，游玩起来也比较轻松。行程如下：</p><p>第一天：成都—都江堰熊猫乐园—叠溪海子—松潘古城—九寨沟</p><p>第二天：景区门口—日则沟—则渣洼沟—景区门口</p><p>第三天：景区门口(二次进沟）—树正沟—景区门口</p><p>第四天：九寨沟—川主寺—黄龙—成都</p><p>景区二日游路线</p><p>D1：沟口——镜海——诺日朗中心——日则沟（箭竹海——箭竹海瀑布——熊猫海——五花海——珍珠滩——珍珠滩瀑布）——镜海——诺日朗瀑布——犀牛海——沟口</p><p>D2：沟口——诺日朗中心——长海——五彩池——树正沟（老虎海——树正海群——芦苇海——盆景滩）——扎如寺——沟口</p><p class=\\\"ql-align-center\\\"> </p><p>四川九寨沟景点</p><p>五花海 ：五花海位于九寨沟三条沟的日则沟中段，孔雀河上游，由于海底的钙华沉积、各种色泽艳丽的藻类以及岸边五彩斑斓的林木倒影，使得五花海呈现出鹅黄、藏青、墨绿、宝蓝等各种颜色，故称“五花海”。</p><p><span style=\\\"color: rgb(34, 34, 34);\\\">镜海：镜海，因为湖面一平如镜，故得其名。这里是九寨沟看倒影的好地方。每当晨曦初露或朝霞遍染之时，蓝天白云、远山近树，尽纳海底。早9点前和晚5点后无风的时候，是拍摄镜海倒影的最佳时间。</span></p><p><span style=\\\"color: rgb(34, 34, 34);\\\">珍珠滩：上游珍珠滩瀑布的激流，在凹凸不平的乳黄色钙化滩面上溅起无数水珠，阳光下，点点水珠就像巨型扇贝里的粒粒珍珠，远看河中流动着一河洁白的珍珠。这就是珍珠滩</span></p><p><span style=\\\"color: rgb(34, 34, 34);\\\">仙女池：仙女池位于九寨沟神仙池景区内，又叫大海池。传说这里曾经是仙女沐浴的地方，神仙池也因此而得名。仙女池色泽蔚蓝，与大海的色差不大，而且面积不小。远远望去，犹如一颗精美的波斯蓝宝石，在阳光的照射下是那样的宁静和美丽。</span></p><p><span style=\\\"color: rgb(34, 34, 34);\\\">瑶池：瑶池位于九寨沟神仙池风景区内，有诗诵之为“蓝天白云清风里，山林草海碧水间”。它那巧夺天工的形态，清澈通透的湖水，犹如一颗宝石镶嵌在了天然的绿色地毯上。神仙池景色通常是一池连一瀑，有瀑就有池。而金银滩上的瑶池，则是由数个大小不等的钙化池曲状相连。</span></p><p><span style=\\\"color: rgb(34, 34, 34);\\\">“九寨归来不看水”，是对九寨沟景色真实的诠释。泉、瀑、河、滩108个海子，构成一个个五彩斑斓的瑶池玉盆。长海、剑岩、诺日朗、树正、扎如、黑海六大景观，翠海、叠瀑、彩林、雪峰、藏情、蓝冰，被称为“六绝”。神奇的九寨，被世人誉为“童话世界”，号称“水景之王”。</span></p><p class=\\\"ql-align-center\\\">想获取更多旅游攻略，请点击下方咨询按钮，</p><p class=\\\"ql-align-center\\\">为你定制专属旅程，不用自己做攻略，</p><p class=\\\"ql-align-center\\\">24小时客服随时解决难题，给你一个轻松自由愉快的旅行。</p><p>【春日看点】满沟的桃花盛开和绿树抽新芽的盎然生机。</p><p>春天的九寨沟，冰雪融化、新绿发芽，红的、黄的、粉的、蓝的，美丽的花朵染遍了山野，最受游客关注的当属处处盛开的野桃花。九寨沟南高北低，沟口的海拔仅2000m，中部峰岭均在4000m以上，南缘达4500m以上，主沟长30多公里。因此，春天的时候，山脚一片春花烂漫，山林还处于残冬，长海则尚未解冻。清澈的水流从尚未完全解冻的薄冰下流过，更添一丝的梦幻。</p><p>【秋季看点】彩林、叠瀑、蓝天、倒影</p><p>秋天是九寨沟最为灿烂的季节，山林晕染成色，这里集合了秋天所',NULL,1,'','2023-12-10 09:44:33'),(262,'文章管理',2,'com.shanzhu.blog.cms.controller.CmsBlogController.edit()','PUT',1,'admin',NULL,'/cms/blog','127.0.0.1','内网IP','{\"tagIds\":[23,24],\"title\":\"九寨沟旅游\",\"type\":\"1\",\"content\":\"<p><span style=\\\"color: rgb(34, 34, 34);\\\">寨沟主体呈“Y”字形，由树正沟、日则沟和则查洼沟三条沟组成，总长50余公里，景区内有环保观光车穿梭行驶，招手即停，一般是乘坐环保车一个个景点玩下来。如果细细品味的话，一天的时间是严重不够的。景区推出的淡季二次进沟是不错的选择。</span>想去九寨沟，推荐从成都出发，四日游玩法比较适合时间充足灵活的朋友，费用大概在1500—1700元之间会比较舒适，在于餐和住宿的区别。四日游是游玩九寨沟最佳的游玩方式（给九寨沟景区留够整两天），时间比较充足，游玩起来也比较轻松。行程如下：</p><p>第一天：成都—都江堰熊猫乐园—叠溪海子—松潘古城—九寨沟</p><p>第二天：景区门口—日则沟—则渣洼沟—景区门口</p><p>第三天：景区门口(二次进沟）—树正沟—景区门口</p><p>第四天：九寨沟—川主寺—黄龙—成都</p><p>景区二日游路线</p><p>D1：沟口——镜海——诺日朗中心——日则沟（箭竹海——箭竹海瀑布——熊猫海——五花海——珍珠滩——珍珠滩瀑布）——镜海——诺日朗瀑布——犀牛海——沟口</p><p>D2：沟口——诺日朗中心——长海——五彩池——树正沟（老虎海——树正海群——芦苇海——盆景滩）——扎如寺——沟口</p><p class=\\\"ql-align-center\\\"> </p><p>四川九寨沟景点</p><p>五花海 ：五花海位于九寨沟三条沟的日则沟中段，孔雀河上游，由于海底的钙华沉积、各种色泽艳丽的藻类以及岸边五彩斑斓的林木倒影，使得五花海呈现出鹅黄、藏青、墨绿、宝蓝等各种颜色，故称“五花海”。</p><p><span style=\\\"color: rgb(34, 34, 34);\\\">镜海：镜海，因为湖面一平如镜，故得其名。这里是九寨沟看倒影的好地方。每当晨曦初露或朝霞遍染之时，蓝天白云、远山近树，尽纳海底。早9点前和晚5点后无风的时候，是拍摄镜海倒影的最佳时间。</span></p><p><span style=\\\"color: rgb(34, 34, 34);\\\">珍珠滩：上游珍珠滩瀑布的激流，在凹凸不平的乳黄色钙化滩面上溅起无数水珠，阳光下，点点水珠就像巨型扇贝里的粒粒珍珠，远看河中流动着一河洁白的珍珠。这就是珍珠滩</span></p><p><span style=\\\"color: rgb(34, 34, 34);\\\">仙女池：仙女池位于九寨沟神仙池景区内，又叫大海池。传说这里曾经是仙女沐浴的地方，神仙池也因此而得名。仙女池色泽蔚蓝，与大海的色差不大，而且面积不小。远远望去，犹如一颗精美的波斯蓝宝石，在阳光的照射下是那样的宁静和美丽。</span></p><p><span style=\\\"color: rgb(34, 34, 34);\\\">瑶池：瑶池位于九寨沟神仙池风景区内，有诗诵之为“蓝天白云清风里，山林草海碧水间”。它那巧夺天工的形态，清澈通透的湖水，犹如一颗宝石镶嵌在了天然的绿色地毯上。神仙池景色通常是一池连一瀑，有瀑就有池。而金银滩上的瑶池，则是由数个大小不等的钙化池曲状相连。</span></p><p><span style=\\\"color: rgb(34, 34, 34);\\\">“九寨归来不看水”，是对九寨沟景色真实的诠释。泉、瀑、河、滩108个海子，构成一个个五彩斑斓的瑶池玉盆。长海、剑岩、诺日朗、树正、扎如、黑海六大景观，翠海、叠瀑、彩林、雪峰、藏情、蓝冰，被称为“六绝”。神奇的九寨，被世人誉为“童话世界”，号称“水景之王”。</span></p><p class=\\\"ql-align-center\\\">想获取更多旅游攻略，请点击下方咨询按钮，</p><p class=\\\"ql-align-center\\\">为你定制专属旅程，不用自己做攻略，</p><p class=\\\"ql-align-center\\\">24小时客服随时解决难题，给你一个轻松自由愉快的旅行。</p><p>【春日看点】满沟的桃花盛开和绿树抽新芽的盎然生机。</p><p>春天的九寨沟，冰雪融化、新绿发芽，红的、黄的、粉的、蓝的，美丽的花朵染遍了山野，最受游客关注的当属处处盛开的野桃花。九寨沟南高北低，沟口的海拔仅2000m，中部峰岭均在4000m以上，南缘达4500m以上，主沟长30多公里。因此，春天的时候，山脚一片春花烂漫，山林还处于残冬，长海则尚未解冻。清澈的水流从尚未完全解冻的薄冰下流过，更添一丝的梦幻。</p><p>【秋季看点】彩林、叠瀑、蓝天、倒影</p><p>秋天是九寨沟最为灿烂的季节，山林晕染成色，这里集合了秋天所','{\"msg\":\"操作成功\",\"code\":200}',0,NULL,'2023-12-10 09:44:33'),(263,'文章管理',2,'com.shanzhu.blog.cms.controller.CmsBlogController.edit()','PUT',1,'admin',NULL,'/cms/blog','127.0.0.1','内网IP','{\"tagIds\":[23,24],\"title\":\"九寨沟旅游\",\"type\":\"1\",\"content\":\"<p><span style=\\\"color: rgb(34, 34, 34);\\\">寨沟主体呈“Y”字形，由树正沟、日则沟和则查洼沟三条沟组成，总长50余公里，景区内有环保观光车穿梭行驶，招手即停，一般是乘坐环保车一个个景点玩下来。如果细细品味的话，一天的时间是严重不够的。景区推出的淡季二次进沟是不错的选择。</span>想去九寨沟，推荐从成都出发，四日游玩法比较适合时间充足灵活的朋友，费用大概在1500—1700元之间会比较舒适，在于餐和住宿的区别。四日游是游玩九寨沟最佳的游玩方式（给九寨沟景区留够整两天），时间比较充足，游玩起来也比较轻松。行程如下：</p><p>第一天：成都—都江堰熊猫乐园—叠溪海子—松潘古城—九寨沟</p><p>第二天：景区门口—日则沟—则渣洼沟—景区门口</p><p>第三天：景区门口(二次进沟）—树正沟—景区门口</p><p>第四天：九寨沟—川主寺—黄龙—成都</p><p>景区二日游路线</p><p>D1：沟口——镜海——诺日朗中心——日则沟（箭竹海——箭竹海瀑布——熊猫海——五花海——珍珠滩——珍珠滩瀑布）——镜海——诺日朗瀑布——犀牛海——沟口</p><p>D2：沟口——诺日朗中心——长海——五彩池——树正沟（老虎海——树正海群——芦苇海——盆景滩）——扎如寺——沟口</p><p class=\\\"ql-align-center\\\"> </p><p>四川九寨沟景点</p><p>五花海 ：五花海位于九寨沟三条沟的日则沟中段，孔雀河上游，由于海底的钙华沉积、各种色泽艳丽的藻类以及岸边五彩斑斓的林木倒影，使得五花海呈现出鹅黄、藏青、墨绿、宝蓝等各种颜色，故称“五花海”。</p><p><span style=\\\"color: rgb(34, 34, 34);\\\">镜海：镜海，因为湖面一平如镜，故得其名。这里是九寨沟看倒影的好地方。每当晨曦初露或朝霞遍染之时，蓝天白云、远山近树，尽纳海底。早9点前和晚5点后无风的时候，是拍摄镜海倒影的最佳时间。</span></p><p><span style=\\\"color: rgb(34, 34, 34);\\\">珍珠滩：上游珍珠滩瀑布的激流，在凹凸不平的乳黄色钙化滩面上溅起无数水珠，阳光下，点点水珠就像巨型扇贝里的粒粒珍珠，远看河中流动着一河洁白的珍珠。这就是珍珠滩</span></p><p><span style=\\\"color: rgb(34, 34, 34);\\\">仙女池：仙女池位于九寨沟神仙池景区内，又叫大海池。传说这里曾经是仙女沐浴的地方，神仙池也因此而得名。仙女池色泽蔚蓝，与大海的色差不大，而且面积不小。远远望去，犹如一颗精美的波斯蓝宝石，在阳光的照射下是那样的宁静和美丽。</span></p><p><span style=\\\"color: rgb(34, 34, 34);\\\">瑶池：瑶池位于九寨沟神仙池风景区内，有诗诵之为“蓝天白云清风里，山林草海碧水间”。它那巧夺天工的形态，清澈通透的湖水，犹如一颗宝石镶嵌在了天然的绿色地毯上。神仙池景色通常是一池连一瀑，有瀑就有池。而金银滩上的瑶池，则是由数个大小不等的钙化池曲状相连。</span></p><p><span style=\\\"color: rgb(34, 34, 34);\\\">“九寨归来不看水”，是对九寨沟景色真实的诠释。泉、瀑、河、滩108个海子，构成一个个五彩斑斓的瑶池玉盆。长海、剑岩、诺日朗、树正、扎如、黑海六大景观，翠海、叠瀑、彩林、雪峰、藏情、蓝冰，被称为“六绝”。神奇的九寨，被世人誉为“童话世界”，号称“水景之王”。</span></p><p class=\\\"ql-align-center\\\">想获取更多旅游攻略，请点击下方咨询按钮，</p><p class=\\\"ql-align-center\\\">为你定制专属旅程，不用自己做攻略，</p><p class=\\\"ql-align-center\\\">24小时客服随时解决难题，给你一个轻松自由愉快的旅行。</p><p>【春日看点】满沟的桃花盛开和绿树抽新芽的盎然生机。</p><p>春天的九寨沟，冰雪融化、新绿发芽，红的、黄的、粉的、蓝的，美丽的花朵染遍了山野，最受游客关注的当属处处盛开的野桃花。九寨沟南高北低，沟口的海拔仅2000m，中部峰岭均在4000m以上，南缘达4500m以上，主沟长30多公里。因此，春天的时候，山脚一片春花烂漫，山林还处于残冬，长海则尚未解冻。清澈的水流从尚未完全解冻的薄冰下流过，更添一丝的梦幻。</p><p>【秋季看点】彩林、叠瀑、蓝天、倒影</p><p>秋天是九寨沟最为灿烂的季节，山林晕染成色，这里集合了秋天所','{\"msg\":\"操作成功\",\"code\":200}',0,NULL,'2023-12-10 09:46:03'),(264,'文章管理',2,'com.shanzhu.blog.cms.controller.CmsBlogController.edit()','PUT',1,'admin',NULL,'/cms/blog','127.0.0.1','内网IP','{\"tagIds\":[26],\"title\":\"黄焖鸡米饭\",\"type\":\"1\",\"content\":\"<p>其实黄焖鸡的做法非常的简单，只要掌握好技巧，自己在家做出来的黄焖鸡汤汁浓郁，配菜也非常的入味又好吃。今天就用这三个大鸡腿，在家自制黄焖鸡，配着米饭吃超级过瘾。尤其是汤汁拌米饭非常的过瘾。<strong style=\\\"color: rgb(51, 51, 51);\\\">黄焖鸡家常做法，掌握好诀窍，鲜香可口，拌米饭一块吃美味又下饭</strong></p><p><strong style=\\\"color: rgb(0, 0, 0);\\\">【黄焖鸡】</strong></p><p><strong style=\\\"color: rgb(51, 51, 51);\\\">食材：鸡腿，香菇，土豆，料酒，青红辣椒，葱，姜，蒜，干辣椒，冰糖，黄豆酱，甜面酱</strong></p><p><strong style=\\\"color: rgb(0, 0, 0);\\\">【具体制作步骤】：</strong></p><p>第一：首先将鸡腿清洗干净，然后剁成块，放入盆中，清洗干净，多清洗几遍，然后将鸡块放在清水中浸泡15分钟左右，然后清洗干净控水备用</p><p><br></p><p><span style=\\\"color: rgb(34, 34, 34);\\\">第二：锅中加入适量的清水，将鸡块凉水下锅，放点姜片，放点料酒，大火烧开，撇去表面的浮沫。然后捞出过一遍凉水，这样鸡肉更加瓷实一些，而且可以洗去表面的杂质</span></p><p><br></p><p><span style=\\\"color: rgb(34, 34, 34);\\\">第三：下面我们处理一下配菜切点配菜，将香菇根部去掉，然后切成片，土豆清洗干净削皮切成小块，青红辣椒去头去籽，然后切成菱形块，葱切成片，姜切成丝，蒜切块，再准备两个干辣椒</span></p><p><br></p><p><span style=\\\"color: rgb(34, 34, 34);\\\">第四：锅中倒入油，油热之后放冰糖，转小火慢慢炒化，大泡变小泡呈枣红色的时候，放入鸡块，翻炒均匀，放入葱姜蒜干辣椒，炒好之后放一勺甜面酱，一勺黄豆酱，翻炒均匀</span></p><p><br></p><p><span style=\\\"color: rgb(34, 34, 34);\\\">第五：炒香之后加入热水，没过鸡块，开大火烧开，然后放入香菇炖一会儿，再放点生抽，放点蚝油，大火炖10分钟，然后将鸡块倒入砂锅中，然后放入土豆，盖上盖子中火焖5分钟，最后放入青红辣椒，将辣椒断生即可</span></p><p><br></p><p><strong style=\\\"color: rgb(0, 0, 0);\\\">﻿【黄焖鸡之烹饪小知识】：</strong></p><p>1)鸡块放在清水中浸泡15分钟左右，浸泡出里面的血水和杂质，然后再清洗干净</p><p>2)黄焖鸡用冰糖炒糖色，而不是用老抽上色，这样色泽更加的漂亮，</p><p>这样炖出来的黄焖鸡肉质鲜嫩，尤其是土豆吸收了汤汁，超级过瘾，炖的时间长，香菇也特别的入味，特别是汤汁拌米饭非常的好吃；这么长时间不吃黄焖鸡了，小董一个人吃了两碗米饭，超级过瘾。喜欢吃黄焖鸡的朋友们再也不用在外面买了，自己在家做得干净卫生，而且非常的好吃，喜欢的朋友可以在家试一试。</p>\",\"top\":\"1\",\"updateBy\":\"admin\",\"blogDesc\":\"上次为了解馋在外面买了一份黄焖鸡，结果全家4口人有3口人吃完就拉肚子，去医院拿药，再也不敢在外面吃\",\"id\":19,\"contentType\":\"1\",\"views\":210,\"blogPicLink\":\"\",\"types\":[{\"typeName\":\"美食\",\"updateTime\":1697178110000,\"params\":{},\"createBy\":\"若依\",\"typePicType\":\"0\",\"createTime\":1641277883000,\"updateBy\":\"admin\",\"typePic\":\"\",\"typeId\":14,\"blogNum\":0,\"typePicLink\":\"\"}],\"blogPicType\":\"1\",\"updateTime\":1702170952000,\"params\":{},\"tags\":[{\"createBy\":\"若依\",\"createTime\":1641278906000,\"tagId\":26,\"updateBy\":\"admin\",\"updateTime\":1697177913000,\"params\":{},\"tagName\":\"小吃\",\"blogNum\":0}],\"blogPic\":\"/',NULL,1,'','2023-12-10 09:46:28'),(265,'文章管理',2,'com.shanzhu.blog.cms.controller.CmsBlogController.edit()','PUT',1,'admin',NULL,'/cms/blog','127.0.0.1','内网IP','{\"tagIds\":[26],\"title\":\"黄焖鸡米饭\",\"type\":\"1\",\"content\":\"<p>其实黄焖鸡的做法非常的简单，只要掌握好技巧，自己在家做出来的黄焖鸡汤汁浓郁，配菜也非常的入味又好吃。今天就用这三个大鸡腿，在家自制黄焖鸡，配着米饭吃超级过瘾。尤其是汤汁拌米饭非常的过瘾。<strong style=\\\"color: rgb(51, 51, 51);\\\">黄焖鸡家常做法，掌握好诀窍，鲜香可口，拌米饭一块吃美味又下饭</strong></p><p><strong style=\\\"color: rgb(0, 0, 0);\\\">【黄焖鸡】</strong></p><p><strong style=\\\"color: rgb(51, 51, 51);\\\">食材：鸡腿，香菇，土豆，料酒，青红辣椒，葱，姜，蒜，干辣椒，冰糖，黄豆酱，甜面酱</strong></p><p><strong style=\\\"color: rgb(0, 0, 0);\\\">【具体制作步骤】：</strong></p><p>第一：首先将鸡腿清洗干净，然后剁成块，放入盆中，清洗干净，多清洗几遍，然后将鸡块放在清水中浸泡15分钟左右，然后清洗干净控水备用</p><p><br></p><p><span style=\\\"color: rgb(34, 34, 34);\\\">第二：锅中加入适量的清水，将鸡块凉水下锅，放点姜片，放点料酒，大火烧开，撇去表面的浮沫。然后捞出过一遍凉水，这样鸡肉更加瓷实一些，而且可以洗去表面的杂质</span></p><p><br></p><p><span style=\\\"color: rgb(34, 34, 34);\\\">第三：下面我们处理一下配菜切点配菜，将香菇根部去掉，然后切成片，土豆清洗干净削皮切成小块，青红辣椒去头去籽，然后切成菱形块，葱切成片，姜切成丝，蒜切块，再准备两个干辣椒</span></p><p><br></p><p><span style=\\\"color: rgb(34, 34, 34);\\\">第四：锅中倒入油，油热之后放冰糖，转小火慢慢炒化，大泡变小泡呈枣红色的时候，放入鸡块，翻炒均匀，放入葱姜蒜干辣椒，炒好之后放一勺甜面酱，一勺黄豆酱，翻炒均匀</span></p><p><br></p><p><span style=\\\"color: rgb(34, 34, 34);\\\">第五：炒香之后加入热水，没过鸡块，开大火烧开，然后放入香菇炖一会儿，再放点生抽，放点蚝油，大火炖10分钟，然后将鸡块倒入砂锅中，然后放入土豆，盖上盖子中火焖5分钟，最后放入青红辣椒，将辣椒断生即可</span></p><p><br></p><p><strong style=\\\"color: rgb(0, 0, 0);\\\">﻿【黄焖鸡之烹饪小知识】：</strong></p><p>1)鸡块放在清水中浸泡15分钟左右，浸泡出里面的血水和杂质，然后再清洗干净</p><p>2)黄焖鸡用冰糖炒糖色，而不是用老抽上色，这样色泽更加的漂亮，</p><p>这样炖出来的黄焖鸡肉质鲜嫩，尤其是土豆吸收了汤汁，超级过瘾，炖的时间长，香菇也特别的入味，特别是汤汁拌米饭非常的好吃；这么长时间不吃黄焖鸡了，小董一个人吃了两碗米饭，超级过瘾。喜欢吃黄焖鸡的朋友们再也不用在外面买了，自己在家做得干净卫生，而且非常的好吃，喜欢的朋友可以在家试一试。</p>\",\"top\":\"1\",\"updateBy\":\"admin\",\"blogDesc\":\"上次为了解馋在外面买了一份黄焖鸡，结果全家4口人有3口人吃完就拉肚子，去医院拿药，再也不敢在外面吃\",\"id\":19,\"contentType\":\"1\",\"views\":210,\"blogPicLink\":\"\",\"types\":[{\"typeName\":\"美食\",\"updateTime\":1697178110000,\"params\":{},\"createBy\":\"若依\",\"typePicType\":\"0\",\"createTime\":1641277883000,\"updateBy\":\"admin\",\"typePic\":\"\",\"typeId\":14,\"blogNum\":0,\"typePicLink\":\"\"}],\"blogPicType\":\"1\",\"updateTime\":1702170952000,\"params\":{},\"tags\":[{\"createBy\":\"若依\",\"createTime\":1641278906000,\"tagId\":26,\"updateBy\":\"admin\",\"updateTime\":1697177913000,\"params\":{},\"tagName\":\"小吃\",\"blogNum\":0}],\"blogPic\":\"/',NULL,1,'','2023-12-10 09:46:46'),(266,'文章管理',2,'com.shanzhu.blog.cms.controller.CmsBlogController.edit()','PUT',1,'admin',NULL,'/cms/blog','127.0.0.1','内网IP','{\"tagIds\":[26],\"title\":\"黄焖鸡米饭\",\"type\":\"1\",\"content\":\"<p>其实黄焖鸡的做法非常的简单，只要掌握好技巧，自己在家做出来的黄焖鸡汤汁浓郁，配菜也非常的入味又好吃。今天就用这三个大鸡腿，在家自制黄焖鸡，配着米饭吃超级过瘾。尤其是汤汁拌米饭非常的过瘾。<strong style=\\\"color: rgb(51, 51, 51);\\\">黄焖鸡家常做法，掌握好诀窍，鲜香可口，拌米饭一块吃美味又下饭</strong></p><p><strong style=\\\"color: rgb(0, 0, 0);\\\">【黄焖鸡】</strong></p><p><strong style=\\\"color: rgb(51, 51, 51);\\\">食材：鸡腿，香菇，土豆，料酒，青红辣椒，葱，姜，蒜，干辣椒，冰糖，黄豆酱，甜面酱</strong></p><p><strong style=\\\"color: rgb(0, 0, 0);\\\">【具体制作步骤】：</strong></p><p>第一：首先将鸡腿清洗干净，然后剁成块，放入盆中，清洗干净，多清洗几遍，然后将鸡块放在清水中浸泡15分钟左右，然后清洗干净控水备用</p><p><br></p><p><span style=\\\"color: rgb(34, 34, 34);\\\">第二：锅中加入适量的清水，将鸡块凉水下锅，放点姜片，放点料酒，大火烧开，撇去表面的浮沫。然后捞出过一遍凉水，这样鸡肉更加瓷实一些，而且可以洗去表面的杂质</span></p><p><br></p><p><span style=\\\"color: rgb(34, 34, 34);\\\">第三：下面我们处理一下配菜切点配菜，将香菇根部去掉，然后切成片，土豆清洗干净削皮切成小块，青红辣椒去头去籽，然后切成菱形块，葱切成片，姜切成丝，蒜切块，再准备两个干辣椒</span></p><p><br></p><p><span style=\\\"color: rgb(34, 34, 34);\\\">第四：锅中倒入油，油热之后放冰糖，转小火慢慢炒化，大泡变小泡呈枣红色的时候，放入鸡块，翻炒均匀，放入葱姜蒜干辣椒，炒好之后放一勺甜面酱，一勺黄豆酱，翻炒均匀</span></p><p><br></p><p><span style=\\\"color: rgb(34, 34, 34);\\\">第五：炒香之后加入热水，没过鸡块，开大火烧开，然后放入香菇炖一会儿，再放点生抽，放点蚝油，大火炖10分钟，然后将鸡块倒入砂锅中，然后放入土豆，盖上盖子中火焖5分钟，最后放入青红辣椒，将辣椒断生即可</span></p><p><br></p><p><strong style=\\\"color: rgb(0, 0, 0);\\\">﻿【黄焖鸡之烹饪小知识】：</strong></p><p>1)鸡块放在清水中浸泡15分钟左右，浸泡出里面的血水和杂质，然后再清洗干净</p><p>2)黄焖鸡用冰糖炒糖色，而不是用老抽上色，这样色泽更加的漂亮，</p><p>这样炖出来的黄焖鸡肉质鲜嫩，尤其是土豆吸收了汤汁，超级过瘾，炖的时间长，香菇也特别的入味，特别是汤汁拌米饭非常的好吃；这么长时间不吃黄焖鸡了，小董一个人吃了两碗米饭，超级过瘾。喜欢吃黄焖鸡的朋友们再也不用在外面买了，自己在家做得干净卫生，而且非常的好吃，喜欢的朋友可以在家试一试。</p>\",\"top\":\"1\",\"updateBy\":\"admin\",\"blogDesc\":\"上次为了解馋在外面买了一份黄焖鸡，结果全家4口人有3口人吃完就拉肚子，去医院拿药，再也不敢在外面吃\",\"id\":19,\"contentType\":\"1\",\"views\":210,\"blogPicLink\":\"\",\"types\":[{\"typeName\":\"美食\",\"updateTime\":1697178110000,\"params\":{},\"createBy\":\"若依\",\"typePicType\":\"0\",\"createTime\":1641277883000,\"updateBy\":\"admin\",\"typePic\":\"\",\"typeId\":14,\"blogNum\":0,\"typePicLink\":\"\"}],\"blogPicType\":\"1\",\"updateTime\":1702170952000,\"params\":{},\"tags\":[{\"createBy\":\"若依\",\"createTime\":1641278906000,\"tagId\":26,\"updateBy\":\"admin\",\"updateTime\":1697177913000,\"params\":{},\"tagName\":\"小吃\",\"blogNum\":0}],\"blogPic\":\"/',NULL,1,'','2023-12-10 09:47:57'),(267,'文章管理',2,'com.shanzhu.blog.cms.controller.CmsBlogController.edit()','PUT',1,'admin',NULL,'/cms/blog','127.0.0.1','内网IP','{\"tagIds\":[26],\"title\":\"黄焖鸡米饭\",\"type\":\"1\",\"content\":\"<p>其实黄焖鸡的做法非常的简单，只要掌握好技巧，自己在家做出来的黄焖鸡汤汁浓郁，配菜也非常的入味又好吃。今天就用这三个大鸡腿，在家自制黄焖鸡，配着米饭吃超级过瘾。尤其是汤汁拌米饭非常的过瘾。<strong style=\\\"color: rgb(51, 51, 51);\\\">黄焖鸡家常做法，掌握好诀窍，鲜香可口，拌米饭一块吃美味又下饭</strong></p><p><strong style=\\\"color: rgb(0, 0, 0);\\\">【黄焖鸡】</strong></p><p><strong style=\\\"color: rgb(51, 51, 51);\\\">食材：鸡腿，香菇，土豆，料酒，青红辣椒，葱，姜，蒜，干辣椒，冰糖，黄豆酱，甜面酱</strong></p><p><strong style=\\\"color: rgb(0, 0, 0);\\\">【具体制作步骤】：</strong></p><p>第一：首先将鸡腿清洗干净，然后剁成块，放入盆中，清洗干净，多清洗几遍，然后将鸡块放在清水中浸泡15分钟左右，然后清洗干净控水备用</p><p><br></p><p><span style=\\\"color: rgb(34, 34, 34);\\\">第二：锅中加入适量的清水，将鸡块凉水下锅，放点姜片，放点料酒，大火烧开，撇去表面的浮沫。然后捞出过一遍凉水，这样鸡肉更加瓷实一些，而且可以洗去表面的杂质</span></p><p><br></p><p><span style=\\\"color: rgb(34, 34, 34);\\\">第三：下面我们处理一下配菜切点配菜，将香菇根部去掉，然后切成片，土豆清洗干净削皮切成小块，青红辣椒去头去籽，然后切成菱形块，葱切成片，姜切成丝，蒜切块，再准备两个干辣椒</span></p><p><br></p><p><span style=\\\"color: rgb(34, 34, 34);\\\">第四：锅中倒入油，油热之后放冰糖，转小火慢慢炒化，大泡变小泡呈枣红色的时候，放入鸡块，翻炒均匀，放入葱姜蒜干辣椒，炒好之后放一勺甜面酱，一勺黄豆酱，翻炒均匀</span></p><p><br></p><p><span style=\\\"color: rgb(34, 34, 34);\\\">第五：炒香之后加入热水，没过鸡块，开大火烧开，然后放入香菇炖一会儿，再放点生抽，放点蚝油，大火炖10分钟，然后将鸡块倒入砂锅中，然后放入土豆，盖上盖子中火焖5分钟，最后放入青红辣椒，将辣椒断生即可</span></p><p><br></p><p><strong style=\\\"color: rgb(0, 0, 0);\\\">﻿【黄焖鸡之烹饪小知识】：</strong></p><p>1)鸡块放在清水中浸泡15分钟左右，浸泡出里面的血水和杂质，然后再清洗干净</p><p>2)黄焖鸡用冰糖炒糖色，而不是用老抽上色，这样色泽更加的漂亮，</p><p>这样炖出来的黄焖鸡肉质鲜嫩，尤其是土豆吸收了汤汁，超级过瘾，炖的时间长，香菇也特别的入味，特别是汤汁拌米饭非常的好吃；这么长时间不吃黄焖鸡了，小董一个人吃了两碗米饭，超级过瘾。喜欢吃黄焖鸡的朋友们再也不用在外面买了，自己在家做得干净卫生，而且非常的好吃，喜欢的朋友可以在家试一试。</p>\",\"top\":\"1\",\"updateBy\":\"admin\",\"blogDesc\":\"上次为了解馋在外面买了一份黄焖鸡，结果全家4口人有3口人吃完就拉肚子，去医院拿药，再也不敢在外面吃\",\"id\":19,\"contentType\":\"1\",\"views\":210,\"blogPicLink\":\"\",\"types\":[{\"typeName\":\"美食\",\"updateTime\":1697178110000,\"params\":{},\"createBy\":\"若依\",\"typePicType\":\"0\",\"createTime\":1641277883000,\"updateBy\":\"admin\",\"typePic\":\"\",\"typeId\":14,\"blogNum\":0,\"typePicLink\":\"\"}],\"blogPicType\":\"1\",\"updateTime\":1702172877993,\"params\":{},\"tags\":[{\"createBy\":\"若依\",\"createTime\":1641278906000,\"tagId\":26,\"updateBy\":\"admin\",\"updateTime\":1697177913000,\"params\":{},\"tagName\":\"小吃\",\"blogNum\":0}],\"blogPic\":\"/','{\"msg\":\"操作成功\",\"code\":200}',0,NULL,'2023-12-10 09:47:58'),(268,'用户头像',2,'com.shanzhu.blog.web.controller.system.SysProfileController.avatar()','POST',1,'admin',NULL,'/system/user/profile/avatar','127.0.0.1','内网IP','','{\"msg\":\"操作成功\",\"imgUrl\":\"/profile/avatar/2023/12/10/6aa611f7-8dbd-44da-babe-47690cdbdcd7.jpeg\",\"code\":200}',0,NULL,'2023-12-10 09:49:14'),(269,'用户头像',2,'com.shanzhu.blog.web.controller.system.SysProfileController.avatar()','POST',1,'admin',NULL,'/system/user/profile/avatar','127.0.0.1','内网IP','','{\"msg\":\"操作成功\",\"imgUrl\":\"/profile/avatar/2023/12/10/27c0fd3e-47ad-4870-8c7f-60d53eb91eb4.jpeg\",\"code\":200}',0,NULL,'2023-12-10 09:49:20'),(270,'文章管理',1,'com.shanzhu.blog.cms.controller.CmsBlogController.add()','POST',1,'admin',NULL,'/cms/blog','127.0.0.1','内网IP','{\"title\":\"欢迎大家来我的博客哈~\",\"type\":\"2\",\"content\":\"<p>会给大家提供很多优质的博客~~  </p><p><strong>再次感谢！</strong></p><p><strong><span class=\\\"ql-cursor\\\">﻿</span></strong><img src=\\\"data:image/jpeg;base64,/9j/4AAQSkZJRgABAgEBLAEsAAD/7QAsUGhvdG9zaG9wIDMuMAA4QklNA+0AAAAAABABLAAAAAEAAQEsAAAAAQAB/+FV4Gh0dHA6Ly9ucy5hZG9iZS5jb20veGFwLzEuMC8APD94cGFja2V0IGJlZ2luPSLvu78iIGlkPSJXNU0wTXBDZWhpSHpyZVN6TlRjemtjOWQiPz4KPHg6eG1wbWV0YSB4bWxuczp4PSJhZG9iZTpuczptZXRhLyIgeDp4bXB0az0iQWRvYmUgWE1QIENvcmUgOS4xLWMwMDEgNzkuYThkNDc1MywgMjAyMy8wMy8yMy0wODo1NjozNyAgICAgICAgIj4KICAgPHJkZjpSREYgeG1sbnM6cmRmPSJodHRwOi8vd3d3LnczLm9yZy8xOTk5LzAyLzIyLXJkZi1zeW50YXgtbnMjIj4KICAgICAgPHJkZjpEZXNjcmlwdGlvbiByZGY6YWJvdXQ9IiIKICAgICAgICAgICAgeG1sbnM6ZGM9Imh0dHA6Ly9wdXJsLm9yZy9kYy9lbGVtZW50cy8xLjEvIgogICAgICAgICAgICB4bWxuczp4bXA9Imh0dHA6Ly9ucy5hZG9iZS5jb20veGFwLzEuMC8iCiAgICAgICAgICAgIHhtbG5zOnhtcEdJbWc9Imh0dHA6Ly9ucy5hZG9iZS5jb20veGFwLzEuMC9nL2ltZy8iCiAgICAgICAgICAgIHhtbG5zOnhtcE1NPSJodHRwOi8vbnMuYWRvYmUuY29tL3hhcC8xLjAvbW0vIgogICAgICAgICAgICB4bWxuczpzdFJlZj0iaHR0cDovL25zLmFkb2JlLmNvbS94YXAvMS4wL3NUeXBlL1Jlc291cmNlUmVmIyIKICAgICAgICAgICAgeG1sbnM6c3RFdnQ9Imh0dHA6Ly9ucy5hZG9iZS5jb20veGFwLzEuMC9zVHlwZS9SZXNvdXJjZUV2ZW50IyIKICAgICAgICAgICAgeG1sbnM6aWxsdXN0cmF0b3I9Imh0dHA6Ly9ucy5hZG9iZS5jb20vaWxsdXN0cmF0b3IvMS4wLyIKICAgICAgICAgICAgeG1sbnM6cGRmPSJodHRwOi8vbnMuYWRvYmUuY29tL3BkZi8xLjMvIj4KICAgICAgICAgPGRjOmZvcm1hdD5pbWFnZS9qcGVnPC9kYzpmb3JtYXQ+CiAgICAgICAgIDxkYzp0aXRsZT4KICAgICAgICAgICAgPHJkZjpBbHQ+CiAgICAgICAgICAgICAgIDxyZGY6bGkgeG1sOmxhbmc9IngtZGVmYXVsdCI+UHJpbnQ8L3JkZjpsaT4KICAgICAgICAgICAgPC9yZGY6QWx0PgogICAgICAgICA8L2RjOnRpdGxlPgogICAgICAgICA8eG1wOk1ldGFkYXRhRGF0ZT4yMDIzLTExLTEyVDE0OjU1OjIwKzA4OjAwPC94bXA6TWV0YWRhdGFEYXRlPgogICAgICAgICA8eG1wOk1vZGlmeURhdGU+MjAyMy0xMS0xMlQwNjo1NToyMVo8L3htcDpNb2RpZnlEYXRlPgogICAgICAgICA8eG1wOkNyZWF0ZURhdGU+MjAyMy0xMS0xMlQxNDo1NToyMCswODowMDwveG1wOkNyZWF0ZURhdGU+CiAgICAgICAgIDx4bXA6Q3JlYXRvclRvb2w+QWRvYmUgSWxsdXN0cmF0b3IgMjcuNSAoTWFjaW50b3NoKTwveG1wOkNyZWF0b3JUb29sPgogICAgICAgICA8eG1wOlRodW1ibm','{\"msg\":\"操作成功\",\"code\":200,\"data\":23}',0,NULL,'2023-12-10 09:53:50'),(271,'文章管理',2,'com.shanzhu.blog.cms.controller.CmsBlogController.edit()','PUT',1,'admin',NULL,'/cms/blog','127.0.0.1','内网IP','{\"tagIds\":[],\"title\":\"欢迎大家来我的博客哈~\",\"type\":\"2\",\"content\":\"<p>会给大家提供很多优质的博客~~  </p><p><strong>再次感谢！</strong></p><p><strong>﻿</strong><img src=\\\"data:image/jpeg;base64,/9j/4AAQSkZJRgABAQEAkACQAAD/2wBDABALDA4MChAODQ4SERATGCgaGBYWGDEjJR0oOjM9PDkzODdASFxOQERXRTc4UG1RV19iZ2hnPk1xeXBkeFxlZ2P/2wBDARESEhgVGC8aGi9jQjhCY2NjY2NjY2NjY2NjY2NjY2NjY2NjY2NjY2NjY2NjY2NjY2NjY2NjY2NjY2NjY2NjY2P/wAARCAMgAjUDASIAAhEBAxEB/8QAHwAAAQUBAQEBAQEAAAAAAAAAAAECAwQFBgcICQoL/8QAtRAAAgEDAwIEAwUFBAQAAAF9AQIDAAQRBRIhMUEGE1FhByJxFDKBkaEII0KxwRVS0fAkM2JyggkKFhcYGRolJicoKSo0NTY3ODk6Q0RFRkdISUpTVFVWV1hZWmNkZWZnaGlqc3R1dnd4eXqDhIWGh4iJipKTlJWWl5iZmqKjpKWmp6ipqrKztLW2t7i5usLDxMXGx8jJytLT1NXW19jZ2uHi4+Tl5ufo6erx8vP09fb3+Pn6/8QAHwEAAwEBAQEBAQEBAQAAAAAAAAECAwQFBgcICQoL/8QAtREAAgECBAQDBAcFBAQAAQJ3AAECAxEEBSExBhJBUQdhcRMiMoEIFEKRobHBCSMzUvAVYnLRChYkNOEl8RcYGRomJygpKjU2Nzg5OkNERUZHSElKU1RVVldYWVpjZGVmZ2hpanN0dXZ3eHl6goOEhYaHiImKkpOUlZaXmJmaoqOkpaanqKmqsrO0tba3uLm6wsPExcbHyMnK0tPU1dbX2Nna4uPk5ebn6Onq8vP09fb3+Pn6/9oADAMBAAIRAxEAPwDv6KKWgBKKWigBKKWigBKKWigBKKWigBKKWigBKKWigBKKWigBKKWigBKKWigBKKWigBKKWigBKKWigBKKWigBKKWigBKKWigBKKWigBKKWigBKKWigBKKWigBKKWigBKKWigBKKWigBKKWigBKKWigBKKWigBKKWigBKKWigBKKWigBKKWigBKKWigBKKWigBKKWigBKKWigBKKWigBKKWigBKWkpaACiiigAooooAKKKKACiiigAooooAKKKKACiiigAooooAKKKKACiiigAooooAKKKKACiiigAooooAKKKKACiiigAooooAKKKKACiiigAooooAKKKKACiiigAooooAKKKKACiiigAooooAKKKKACiiigAooooAKKKKACiiigAooooAKKKKACiiigAooooASlpKWgAooooAKKKKACiiigAooooAKKKKACiiigAooooAKKKKACiiigAooooAKKKKACiiigAooooAKKKKACiiigAooooAKKKKACiiigAooooAKKKKACiiigAooooAKKKKACiiigAooooAKKKKACiiigAooooAKKKKACiiigAooooAKKKKACiiigAooooAKKKKAEpaSloAKKKKACiiigAooooAKKKKACiiigAooooAKKKKACiiigAooooAKKKKACiiigAooooAKKKKACiiigAooooAKKKKACiiigAooooAKKKKACiiigAooooAKKKKACiiigAooooAKKKKACiiigAooooAKKKKACiiigAooooAKKKKACiiigAooooAKKKKACiiigBKWkpaACiiigAooooAKKKKACiiigAooooAKKKKACiiigAooooAKKKKACiiigAooooAKKKKACiiigAooooAKKKKACiiigAooooAKKKKACiiigAooooAKKKKACiiigAooooAKKKKACiiigAooooAKKKKACiiigAooooAKKKKACiiigAooooAKKKKACiiigAooooASlpKWgAooooAKK','{\"msg\":\"操作成功\",\"code\":200}',0,NULL,'2023-12-10 09:54:47'),(272,'文章管理',2,'com.shanzhu.blog.cms.controller.CmsBlogController.edit()','PUT',1,'admin',NULL,'/cms/blog','127.0.0.1','内网IP','{\"tagIds\":[],\"title\":\"欢迎大家来我的博客哈~\",\"type\":\"2\",\"content\":\"<p>会给大家提供很多优质的博客~~  </p><p><strong>再次感谢！</strong></p><p><strong>﻿</strong><img src=\\\"data:image/jpeg;base64,/9j/4AAQSkZJRgABAQEAkACQAAD/2wBDABALDA4MChAODQ4SERATGCgaGBYWGDEjJR0oOjM9PDkzODdASFxOQERXRTc4UG1RV19iZ2hnPk1xeXBkeFxlZ2P/2wBDARESEhgVGC8aGi9jQjhCY2NjY2NjY2NjY2NjY2NjY2NjY2NjY2NjY2NjY2NjY2NjY2NjY2NjY2NjY2NjY2NjY2P/wAARCAMgAjUDASIAAhEBAxEB/8QAHwAAAQUBAQEBAQEAAAAAAAAAAAECAwQFBgcICQoL/8QAtRAAAgEDAwIEAwUFBAQAAAF9AQIDAAQRBRIhMUEGE1FhByJxFDKBkaEII0KxwRVS0fAkM2JyggkKFhcYGRolJicoKSo0NTY3ODk6Q0RFRkdISUpTVFVWV1hZWmNkZWZnaGlqc3R1dnd4eXqDhIWGh4iJipKTlJWWl5iZmqKjpKWmp6ipqrKztLW2t7i5usLDxMXGx8jJytLT1NXW19jZ2uHi4+Tl5ufo6erx8vP09fb3+Pn6/8QAHwEAAwEBAQEBAQEBAQAAAAAAAAECAwQFBgcICQoL/8QAtREAAgECBAQDBAcFBAQAAQJ3AAECAxEEBSExBhJBUQdhcRMiMoEIFEKRobHBCSMzUvAVYnLRChYkNOEl8RcYGRomJygpKjU2Nzg5OkNERUZHSElKU1RVVldYWVpjZGVmZ2hpanN0dXZ3eHl6goOEhYaHiImKkpOUlZaXmJmaoqOkpaanqKmqsrO0tba3uLm6wsPExcbHyMnK0tPU1dbX2Nna4uPk5ebn6Onq8vP09fb3+Pn6/9oADAMBAAIRAxEAPwDv6KKWgBKKWigBKKWigBKKWigBKKWigBKKWigBKKWigBKKWigBKKWigBKKWigBKKWigBKKWigBKKWigBKKWigBKKWigBKKWigBKKWigBKKWigBKKWigBKKWigBKKWigBKKWigBKKWigBKKWigBKKWigBKKWigBKKWigBKKWigBKKWigBKKWigBKKWigBKKWigBKKWigBKKWigBKKWigBKKWigBKWkpaACiiigAooooAKKKKACiiigAooooAKKKKACiiigAooooAKKKKACiiigAooooAKKKKACiiigAooooAKKKKACiiigAooooAKKKKACiiigAooooAKKKKACiiigAooooAKKKKACiiigAooooAKKKKACiiigAooooAKKKKACiiigAooooAKKKKACiiigAooooASlpKWgAooooAKKKKACiiigAooooAKKKKACiiigAooooAKKKKACiiigAooooAKKKKACiiigAooooAKKKKACiiigAooooAKKKKACiiigAooooAKKKKACiiigAooooAKKKKACiiigAooooAKKKKACiiigAooooAKKKKACiiigAooooAKKKKACiiigAooooAKKKKAEpaSloAKKKKACiiigAooooAKKKKACiiigAooooAKKKKACiiigAooooAKKKKACiiigAooooAKKKKACiiigAooooAKKKKACiiigAooooAKKKKACiiigAooooAKKKKACiiigAooooAKKKKACiiigAooooAKKKKACiiigAooooAKKKKACiiigAooooAKKKKACiiigBKWkpaACiiigAooooAKKKKACiiigAooooAKKKKACiiigAooooAKKKKACiiigAooooAKKKKACiiigAooooAKKKKACiiigAooooAKKKKACiiigAooooAKKKKACiiigAooooAKKKKACiiigAooooAKKKKACiiigAooooAKKKKACiiigAooooAKKKKACiiigAooooASlpKWgAooooAKK','{\"msg\":\"操作成功\",\"code\":200}',0,NULL,'2023-12-10 09:55:50'),(273,'文件管理',3,'com.shanzhu.blog.cms.controller.SysFileInfoController.remove()','DELETE',1,'admin',NULL,'/fileInfo/60','127.0.0.1','内网IP','{fileIds=60}','{\"msg\":\"操作成功\",\"code\":200}',0,NULL,'2023-12-10 09:59:49'),(274,'文件管理',3,'com.shanzhu.blog.cms.controller.SysFileInfoController.remove()','DELETE',1,'admin',NULL,'/fileInfo/59','127.0.0.1','内网IP','{fileIds=59}','{\"msg\":\"操作成功\",\"code\":200}',0,NULL,'2023-12-10 09:59:50'),(275,'文章管理',2,'com.shanzhu.blog.cms.controller.CmsBlogController.edit()','PUT',1,'admin',NULL,'/cms/blog','127.0.0.1','内网IP','{\"tagIds\":[26],\"title\":\"黄焖鸡米饭\",\"type\":\"1\",\"content\":\"<p>其实黄焖鸡的做法非常的简单，只要掌握好技巧，自己在家做出来的黄焖鸡汤汁浓郁，配菜也非常的入味又好吃。今天就用这三个大鸡腿，在家自制黄焖鸡，配着米饭吃超级过瘾。尤其是汤汁拌米饭非常的过瘾。<strong style=\\\"color: rgb(51, 51, 51);\\\">黄焖鸡家常做法，掌握好诀窍，鲜香可口，拌米饭一块吃美味又下饭</strong></p><p><strong style=\\\"color: rgb(0, 0, 0);\\\">【黄焖鸡】</strong></p><p><strong style=\\\"color: rgb(51, 51, 51);\\\">食材：鸡腿，香菇，土豆，料酒，青红辣椒，葱，姜，蒜，干辣椒，冰糖，黄豆酱，甜面酱</strong></p><p><strong style=\\\"color: rgb(0, 0, 0);\\\">【具体制作步骤】：</strong></p><p>第一：首先将鸡腿清洗干净，然后剁成块，放入盆中，清洗干净，多清洗几遍，然后将鸡块放在清水中浸泡15分钟左右，然后清洗干净控水备用</p><p><br></p><p><span style=\\\"color: rgb(34, 34, 34);\\\">第二：锅中加入适量的清水，将鸡块凉水下锅，放点姜片，放点料酒，大火烧开，撇去表面的浮沫。然后捞出过一遍凉水，这样鸡肉更加瓷实一些，而且可以洗去表面的杂质</span></p><p><br></p><p><span style=\\\"color: rgb(34, 34, 34);\\\">第三：下面我们处理一下配菜切点配菜，将香菇根部去掉，然后切成片，土豆清洗干净削皮切成小块，青红辣椒去头去籽，然后切成菱形块，葱切成片，姜切成丝，蒜切块，再准备两个干辣椒</span></p><p><br></p><p><span style=\\\"color: rgb(34, 34, 34);\\\">第四：锅中倒入油，油热之后放冰糖，转小火慢慢炒化，大泡变小泡呈枣红色的时候，放入鸡块，翻炒均匀，放入葱姜蒜干辣椒，炒好之后放一勺甜面酱，一勺黄豆酱，翻炒均匀</span></p><p><br></p><p><span style=\\\"color: rgb(34, 34, 34);\\\">第五：炒香之后加入热水，没过鸡块，开大火烧开，然后放入香菇炖一会儿，再放点生抽，放点蚝油，大火炖10分钟，然后将鸡块倒入砂锅中，然后放入土豆，盖上盖子中火焖5分钟，最后放入青红辣椒，将辣椒断生即可</span></p><p><br></p><p><strong style=\\\"color: rgb(0, 0, 0);\\\">﻿【黄焖鸡之烹饪小知识】：</strong></p><p>1)鸡块放在清水中浸泡15分钟左右，浸泡出里面的血水和杂质，然后再清洗干净</p><p>2)黄焖鸡用冰糖炒糖色，而不是用老抽上色，这样色泽更加的漂亮，</p><p>这样炖出来的黄焖鸡肉质鲜嫩，尤其是土豆吸收了汤汁，超级过瘾，炖的时间长，香菇也特别的入味，特别是汤汁拌米饭非常的好吃；这么长时间不吃黄焖鸡了，小董一个人吃了两碗米饭，超级过瘾。喜欢吃黄焖鸡的朋友们再也不用在外面买了，自己在家做得干净卫生，而且非常的好吃，喜欢的朋友可以在家试一试。</p>\",\"top\":\"1\",\"updateBy\":\"admin\",\"blogDesc\":\"上次为了解馋在外面买了一份黄焖鸡，结果全家4口人有3口人吃完就拉肚子，去医院拿药，再也不敢在外面吃\",\"id\":19,\"contentType\":\"1\",\"views\":211,\"blogFiles\":\"[{\\\"id\\\":\\\"ca52d41a-9719-43ed-864c-958980a8e901\\\",\\\"fileId\\\":\\\"/profile/upload/2023/12/10/c421df63-7402-4774-8a4b-7d26e9f3a0db.jpg\\\",\\\"fileOriginName\\\":\\\"猫.jpg\\\",\\\"fileSuffix\\\":\\\"jpg\\\",\\\"fileSize\\\":\\\"15.7 kB\\\",\\\"filePath\\\":\\\"/profile/upload/2023/12/10/c421df63-7402-4774-8a4b-7d26e9f3a0db.jpg\\\",\\\"remark\\\":\\\"猫猫\\\"}]\",\"blogPicLink\":\"\",\"types\":[{\"typeName\":\"美食\",\"updateTime\":1697178110000,\"params\":{},\"createBy\":\"若依\",\"typePicTy','{\"msg\":\"操作成功\",\"code\":200}',0,NULL,'2023-12-10 10:05:30'),(276,'文章管理',2,'com.shanzhu.blog.cms.controller.CmsBlogController.edit()','PUT',1,'admin',NULL,'/cms/blog','127.0.0.1','内网IP','{\"tagIds\":[23,24],\"title\":\"九寨沟旅游\",\"type\":\"1\",\"content\":\"<p><span style=\\\"color: rgb(34, 34, 34);\\\">寨沟主体呈“Y”字形，由树正沟、日则沟和则查洼沟三条沟组成，总长50余公里，景区内有环保观光车穿梭行驶，招手即停，一般是乘坐环保车一个个景点玩下来。如果细细品味的话，一天的时间是严重不够的。景区推出的淡季二次进沟是不错的选择。</span>想去九寨沟，推荐从成都出发，四日游玩法比较适合时间充足灵活的朋友，费用大概在1500—1700元之间会比较舒适，在于餐和住宿的区别。四日游是游玩九寨沟最佳的游玩方式（给九寨沟景区留够整两天），时间比较充足，游玩起来也比较轻松。行程如下：</p><p>第一天：成都—都江堰熊猫乐园—叠溪海子—松潘古城—九寨沟</p><p>第二天：景区门口—日则沟—则渣洼沟—景区门口</p><p>第三天：景区门口(二次进沟）—树正沟—景区门口</p><p>第四天：九寨沟—川主寺—黄龙—成都</p><p>景区二日游路线</p><p>D1：沟口——镜海——诺日朗中心——日则沟（箭竹海——箭竹海瀑布——熊猫海——五花海——珍珠滩——珍珠滩瀑布）——镜海——诺日朗瀑布——犀牛海——沟口</p><p>D2：沟口——诺日朗中心——长海——五彩池——树正沟（老虎海——树正海群——芦苇海——盆景滩）——扎如寺——沟口</p><p class=\\\"ql-align-center\\\"> </p><p>四川九寨沟景点</p><p>五花海 ：五花海位于九寨沟三条沟的日则沟中段，孔雀河上游，由于海底的钙华沉积、各种色泽艳丽的藻类以及岸边五彩斑斓的林木倒影，使得五花海呈现出鹅黄、藏青、墨绿、宝蓝等各种颜色，故称“五花海”。</p><p><span style=\\\"color: rgb(34, 34, 34);\\\">镜海：镜海，因为湖面一平如镜，故得其名。这里是九寨沟看倒影的好地方。每当晨曦初露或朝霞遍染之时，蓝天白云、远山近树，尽纳海底。早9点前和晚5点后无风的时候，是拍摄镜海倒影的最佳时间。</span></p><p><span style=\\\"color: rgb(34, 34, 34);\\\">珍珠滩：上游珍珠滩瀑布的激流，在凹凸不平的乳黄色钙化滩面上溅起无数水珠，阳光下，点点水珠就像巨型扇贝里的粒粒珍珠，远看河中流动着一河洁白的珍珠。这就是珍珠滩</span></p><p><span style=\\\"color: rgb(34, 34, 34);\\\">仙女池：仙女池位于九寨沟神仙池景区内，又叫大海池。传说这里曾经是仙女沐浴的地方，神仙池也因此而得名。仙女池色泽蔚蓝，与大海的色差不大，而且面积不小。远远望去，犹如一颗精美的波斯蓝宝石，在阳光的照射下是那样的宁静和美丽。</span></p><p><span style=\\\"color: rgb(34, 34, 34);\\\">瑶池：瑶池位于九寨沟神仙池风景区内，有诗诵之为“蓝天白云清风里，山林草海碧水间”。它那巧夺天工的形态，清澈通透的湖水，犹如一颗宝石镶嵌在了天然的绿色地毯上。神仙池景色通常是一池连一瀑，有瀑就有池。而金银滩上的瑶池，则是由数个大小不等的钙化池曲状相连。</span></p><p><span style=\\\"color: rgb(34, 34, 34);\\\">“九寨归来不看水”，是对九寨沟景色真实的诠释。泉、瀑、河、滩108个海子，构成一个个五彩斑斓的瑶池玉盆。长海、剑岩、诺日朗、树正、扎如、黑海六大景观，翠海、叠瀑、彩林、雪峰、藏情、蓝冰，被称为“六绝”。神奇的九寨，被世人誉为“童话世界”，号称“水景之王”。</span></p><p class=\\\"ql-align-center\\\">想获取更多旅游攻略，请点击下方咨询按钮，</p><p class=\\\"ql-align-center\\\">为你定制专属旅程，不用自己做攻略，</p><p class=\\\"ql-align-center\\\">24小时客服随时解决难题，给你一个轻松自由愉快的旅行。</p><p>【春日看点】满沟的桃花盛开和绿树抽新芽的盎然生机。</p><p>春天的九寨沟，冰雪融化、新绿发芽，红的、黄的、粉的、蓝的，美丽的花朵染遍了山野，最受游客关注的当属处处盛开的野桃花。九寨沟南高北低，沟口的海拔仅2000m，中部峰岭均在4000m以上，南缘达4500m以上，主沟长30多公里。因此，春天的时候，山脚一片春花烂漫，山林还处于残冬，长海则尚未解冻。清澈的水流从尚未完全解冻的薄冰下流过，更添一丝的梦幻。</p><p>【秋季看点】彩林、叠瀑、蓝天、倒影</p><p>秋天是九寨沟最为灿烂的季节，山林晕染成色，这里集合了秋天所','{\"msg\":\"操作成功\",\"code\":200}',0,NULL,'2023-12-10 10:08:40'),(277,'文章管理',2,'com.shanzhu.blog.cms.controller.CmsBlogController.edit()','PUT',1,'admin',NULL,'/cms/blog','127.0.0.1','内网IP','{\"tagIds\":[23,24],\"title\":\"九寨沟旅游\",\"type\":\"1\",\"content\":\"<p><span style=\\\"color: rgb(34, 34, 34);\\\">寨沟主体呈“Y”字形，由树正沟、日则沟和则查洼沟三条沟组成，总长50余公里，景区内有环保观光车穿梭行驶，招手即停，一般是乘坐环保车一个个景点玩下来。如果细细品味的话，一天的时间是严重不够的。景区推出的淡季二次进沟是不错的选择。</span>想去九寨沟，推荐从成都出发，四日游玩法比较适合时间充足灵活的朋友，费用大概在1500—1700元之间会比较舒适，在于餐和住宿的区别。四日游是游玩九寨沟最佳的游玩方式（给九寨沟景区留够整两天），时间比较充足，游玩起来也比较轻松。行程如下：</p><p>第一天：成都—都江堰熊猫乐园—叠溪海子—松潘古城—九寨沟</p><p>第二天：景区门口—日则沟—则渣洼沟—景区门口</p><p>第三天：景区门口(二次进沟）—树正沟—景区门口</p><p>第四天：九寨沟—川主寺—黄龙—成都</p><p>景区二日游路线</p><p>D1：沟口——镜海——诺日朗中心——日则沟（箭竹海——箭竹海瀑布——熊猫海——五花海——珍珠滩——珍珠滩瀑布）——镜海——诺日朗瀑布——犀牛海——沟口</p><p>D2：沟口——诺日朗中心——长海——五彩池——树正沟（老虎海——树正海群——芦苇海——盆景滩）——扎如寺——沟口</p><p class=\\\"ql-align-center\\\"> </p><p>四川九寨沟景点</p><p>五花海 ：五花海位于九寨沟三条沟的日则沟中段，孔雀河上游，由于海底的钙华沉积、各种色泽艳丽的藻类以及岸边五彩斑斓的林木倒影，使得五花海呈现出鹅黄、藏青、墨绿、宝蓝等各种颜色，故称“五花海”。</p><p><span style=\\\"color: rgb(34, 34, 34);\\\">镜海：镜海，因为湖面一平如镜，故得其名。这里是九寨沟看倒影的好地方。每当晨曦初露或朝霞遍染之时，蓝天白云、远山近树，尽纳海底。早9点前和晚5点后无风的时候，是拍摄镜海倒影的最佳时间。</span></p><p><span style=\\\"color: rgb(34, 34, 34);\\\">珍珠滩：上游珍珠滩瀑布的激流，在凹凸不平的乳黄色钙化滩面上溅起无数水珠，阳光下，点点水珠就像巨型扇贝里的粒粒珍珠，远看河中流动着一河洁白的珍珠。这就是珍珠滩</span></p><p><span style=\\\"color: rgb(34, 34, 34);\\\">仙女池：仙女池位于九寨沟神仙池景区内，又叫大海池。传说这里曾经是仙女沐浴的地方，神仙池也因此而得名。仙女池色泽蔚蓝，与大海的色差不大，而且面积不小。远远望去，犹如一颗精美的波斯蓝宝石，在阳光的照射下是那样的宁静和美丽。</span></p><p><span style=\\\"color: rgb(34, 34, 34);\\\">瑶池：瑶池位于九寨沟神仙池风景区内，有诗诵之为“蓝天白云清风里，山林草海碧水间”。它那巧夺天工的形态，清澈通透的湖水，犹如一颗宝石镶嵌在了天然的绿色地毯上。神仙池景色通常是一池连一瀑，有瀑就有池。而金银滩上的瑶池，则是由数个大小不等的钙化池曲状相连。</span></p><p><span style=\\\"color: rgb(34, 34, 34);\\\">“九寨归来不看水”，是对九寨沟景色真实的诠释。泉、瀑、河、滩108个海子，构成一个个五彩斑斓的瑶池玉盆。长海、剑岩、诺日朗、树正、扎如、黑海六大景观，翠海、叠瀑、彩林、雪峰、藏情、蓝冰，被称为“六绝”。神奇的九寨，被世人誉为“童话世界”，号称“水景之王”。</span></p><p class=\\\"ql-align-center\\\">想获取更多旅游攻略，请点击下方咨询按钮，</p><p class=\\\"ql-align-center\\\">为你定制专属旅程，不用自己做攻略，</p><p class=\\\"ql-align-center\\\">24小时客服随时解决难题，给你一个轻松自由愉快的旅行。</p><p>【春日看点】满沟的桃花盛开和绿树抽新芽的盎然生机。</p><p>春天的九寨沟，冰雪融化、新绿发芽，红的、黄的、粉的、蓝的，美丽的花朵染遍了山野，最受游客关注的当属处处盛开的野桃花。九寨沟南高北低，沟口的海拔仅2000m，中部峰岭均在4000m以上，南缘达4500m以上，主沟长30多公里。因此，春天的时候，山脚一片春花烂漫，山林还处于残冬，长海则尚未解冻。清澈的水流从尚未完全解冻的薄冰下流过，更添一丝的梦幻。</p><p>【秋季看点】彩林、叠瀑、蓝天、倒影</p><p>秋天是九寨沟最为灿烂的季节，山林晕染成色，这里集合了秋天所','{\"msg\":\"操作成功\",\"code\":200}',0,NULL,'2023-12-10 10:09:07'),(278,'文章管理',1,'com.shanzhu.blog.cms.controller.CmsBlogController.add()','POST',1,'admin',NULL,'/cms/blog','127.0.0.1','内网IP','{\"tagIds\":[26],\"title\":\"11\",\"type\":\"1\",\"content\":\"<p>11</p><p><img src=\\\"data:image/png;base64,iVBORw0KGgoAAAANSUhEUgAAAwUAAAI8CAYAAACgZweoAAAAAXNSR0IArs4c6QAAAARnQU1BAACxjwv8YQUAAAAJcEhZcwAADsMAAA7DAcdvqGQAAP+lSURBVHhe7P1JlyzJea6LVdWuKhAAQYCHJEiCIHiIS4KH/SHBnjyH5CEPCRJgCxRQtdvsM7Jvd1cdqkOhIa9mGmgmrat/oKXZHWktaaKJNLp/QANpoKWBBhq63vdrzD4zN49wj8ydtauQudazI8Ld3NzcI3Ln+4SZuT/zyivr3cuvrHUvvzwA1rPMzZsbeA5e7vPKK5ttuA51vPIt5Sae33wZdfXIZV75Fvb3zW2whedb3U3ysnLrFbKJ5yRsz21ewiP55np365sbPW4KVgbcRtvu4HhuB27hOBWUxfGSW7c2u1u3N7vbt7d63AF3b28nVhrck8dZt3oH3N3p1sD6vV2w162vNLiHMvdmo2F5qS9tv4vlfcoye2nZBl5vrOx3G6sAj9KusI2vX1/D8vXMBtjEsi2wvbrXzQjK7oBde5zdBXcMPgfb9/YTW6iXbK8eCHy+ieNxtlZ2M6if+xHW9rtZAvWu7iS213YNbA82wQaWr6/hXIG11e1udX2nW93AOdjcVzbA+m63irIrq7Pu3sqsWwGrYI3bru52mzg/m2sHeCR2rnCMNX6+WMaPK7FygHOk7IDdeyUzOx9TiHXyue9ri20MrF+ANZzzNRxXCymD92GD52b9sNvcOOy2No7wnOeLnw+0E88FvN5EXRs4nxsrOK+Aj3wty9H+jZXD0azjOFewHVkNrGGfsf3/facTLuPni1/8oj27/rn+uf65/rn+uf75aP08nVLwLWwrjJeCQgi+1SaKQVsKAi4ELSm4sy3cAS4EHv5LPnxSwNdeR1x/OVKQhSBKQQZ1XkgKdvFaoRi4FIgYgCQFDP+UAIhBQqRgFwETwmBCQBlYx7INhlnsa5EUpHMJPuxSME8EIlIe56YnBTxfDPvyGUFbG1KQhUDL8dy2wv8Q6zheSsC1FFz/XP9c/1z/XP9c/1z8x6RgQAy4zKRAyiGAf1BScCtKAUK7YttTCigEeGT4Z+BvoesVSsAd1EUxcDloCoFIQSkElAHnXmAFwd+hBMhzSIEIwR2EzXlSYN/Qa8ifCEJzrqcvBB7w4750WQiyCE8aaHMdfLyIFOxY74ALwSwIQZSCTbQjs5wU7CBYuhCIFCDkbxE8L6UA74VJgYgBjsOFQBApwPuExyQE8q03Qm8lBXpucD4Mec11YDkp0N6SKXh9ZLQUMDQ79TrQFILWMiDboB5KwcZ6FoNpUoDlsg714BjGwn1HGWhJAY/9Wgquf65/rn+uf65/rn8W/4gU5NBfCkFcp+v7UiDBP4pARNbnwH8hKTAhUDzAY1twC3XcDnjQj6gYVGVuQgoI1wPWeRtCcBvLXAhiD0GUAXIX3EPgJ7UQiATE55ABlQIL6AjAKaSTFMQZ8qfSr6dG9pnKaLkYYgWETAm5WK/b5KArAXKCFIgYIPgnBqSgFAIExKlSIPtWKdhBiBcpQMgnLgYiBesKxUCkwMSAQrCGbRKoy4cMuRBooK2kIJ0znA/jMqSgt80CvD7ZNmw/TwokwBtxudML/zjHshyP9TrZBu9DqtPFAMuWkoIJcN89IQB+HF7uWgquf65/rn+uf65/rn8W/5RSUBHXCQjTr3wLQT+CsK3DeVqwzEWkINfVEoJbEBeFQV+Dv0oAg36Nri/KJSlQKAOJuoeAUnAXMnB3lrgLRAjwuMLQLyJgVK/ZQzAoBATLNYjHsD8OCaOpnlxXIQS2z1QWr/nIIFZ/+611lGU2EOyWkwIEYKEhBai/lAIQRSCC+pMUFEAAelKAtoDtDUXEALgYMPyzV2ANZRz2CqyhjigFZ','{\"msg\":\"操作成功\",\"code\":200,\"data\":24}',0,NULL,'2023-12-20 08:04:57'),(279,'文章管理',3,'com.shanzhu.blog.cms.controller.CmsBlogController.remove()','DELETE',1,'admin',NULL,'/cms/blog/24','127.0.0.1','内网IP','{ids=24}','{\"msg\":\"操作成功\",\"code\":200}',0,NULL,'2023-12-20 08:05:15');

/*Table structure for table `sys_post` */

DROP TABLE IF EXISTS `sys_post`;

CREATE TABLE `sys_post` (
  `post_id` bigint(20) NOT NULL AUTO_INCREMENT COMMENT '岗位ID',
  `post_code` varchar(64) NOT NULL COMMENT '岗位编码',
  `post_name` varchar(50) NOT NULL COMMENT '岗位名称',
  `post_sort` int(11) NOT NULL COMMENT '显示顺序',
  `status` char(1) NOT NULL COMMENT '状态（0正常 1停用）',
  `create_by` varchar(64) DEFAULT '' COMMENT '创建者',
  `create_time` datetime DEFAULT NULL COMMENT '创建时间',
  `update_by` varchar(64) DEFAULT '' COMMENT '更新者',
  `update_time` datetime DEFAULT NULL COMMENT '更新时间',
  `remark` varchar(500) DEFAULT NULL COMMENT '备注',
  PRIMARY KEY (`post_id`) USING BTREE
) ENGINE=InnoDB AUTO_INCREMENT=5 DEFAULT CHARSET=utf8mb4 ROW_FORMAT=DYNAMIC COMMENT='岗位信息表';

/*Data for the table `sys_post` */

insert  into `sys_post`(`post_id`,`post_code`,`post_name`,`post_sort`,`status`,`create_by`,`create_time`,`update_by`,`update_time`,`remark`) values (1,'ceo','董事长',1,'0','admin','2021-12-10 14:12:14','',NULL,''),(2,'se','项目经理',2,'0','admin','2021-12-10 14:12:14','',NULL,''),(3,'hr','人力资源',3,'0','admin','2021-12-10 14:12:14','',NULL,''),(4,'user','普通员工',4,'0','admin','2021-12-10 14:12:14','',NULL,'');

/*Table structure for table `sys_role` */

DROP TABLE IF EXISTS `sys_role`;

CREATE TABLE `sys_role` (
  `role_id` bigint(20) NOT NULL AUTO_INCREMENT COMMENT '角色ID',
  `role_name` varchar(30) NOT NULL COMMENT '角色名称',
  `role_key` varchar(100) NOT NULL COMMENT '角色权限字符串',
  `role_sort` int(11) NOT NULL COMMENT '显示顺序',
  `data_scope` char(1) DEFAULT '1' COMMENT '数据范围（1：全部数据权限 2：自定数据权限 3：本部门数据权限 4：本部门及以下数据权限）',
  `menu_check_strictly` tinyint(1) DEFAULT '1' COMMENT '菜单树选择项是否关联显示',
  `dept_check_strictly` tinyint(1) DEFAULT '1' COMMENT '部门树选择项是否关联显示',
  `status` char(1) NOT NULL COMMENT '角色状态（0正常 1停用）',
  `del_flag` char(1) DEFAULT '0' COMMENT '删除标志（0代表存在 2代表删除）',
  `create_by` varchar(64) DEFAULT '' COMMENT '创建者',
  `create_time` datetime DEFAULT NULL COMMENT '创建时间',
  `update_by` varchar(64) DEFAULT '' COMMENT '更新者',
  `update_time` datetime DEFAULT NULL COMMENT '更新时间',
  `remark` varchar(500) DEFAULT NULL COMMENT '备注',
  PRIMARY KEY (`role_id`) USING BTREE
) ENGINE=InnoDB AUTO_INCREMENT=4 DEFAULT CHARSET=utf8mb4 ROW_FORMAT=DYNAMIC COMMENT='角色信息表';

/*Data for the table `sys_role` */

insert  into `sys_role`(`role_id`,`role_name`,`role_key`,`role_sort`,`data_scope`,`menu_check_strictly`,`dept_check_strictly`,`status`,`del_flag`,`create_by`,`create_time`,`update_by`,`update_time`,`remark`) values (1,'超级管理员','admin',1,'1',1,1,'0','0','admin','2021-12-10 14:12:14','',NULL,'超级管理员'),(2,'普通角色','common',2,'2',1,1,'0','0','admin','2021-12-10 14:12:14','admin','2022-01-20 10:35:26','普通角色'),(3,'内容管理员角色','cms',3,'1',1,1,'0','0','admin','2022-01-04 00:32:39','admin','2022-01-21 10:27:52',NULL);

/*Table structure for table `sys_role_dept` */

DROP TABLE IF EXISTS `sys_role_dept`;

CREATE TABLE `sys_role_dept` (
  `role_id` bigint(20) NOT NULL COMMENT '角色ID',
  `dept_id` bigint(20) NOT NULL COMMENT '部门ID',
  PRIMARY KEY (`role_id`,`dept_id`) USING BTREE
) ENGINE=InnoDB DEFAULT CHARSET=utf8mb4 ROW_FORMAT=DYNAMIC COMMENT='角色和部门关联表';

/*Data for the table `sys_role_dept` */

insert  into `sys_role_dept`(`role_id`,`dept_id`) values (2,100),(2,101),(2,105);

/*Table structure for table `sys_role_menu` */

DROP TABLE IF EXISTS `sys_role_menu`;

CREATE TABLE `sys_role_menu` (
  `role_id` bigint(20) NOT NULL COMMENT '角色ID',
  `menu_id` bigint(20) NOT NULL COMMENT '菜单ID',
  PRIMARY KEY (`role_id`,`menu_id`) USING BTREE
) ENGINE=InnoDB DEFAULT CHARSET=utf8mb4 ROW_FORMAT=DYNAMIC COMMENT='角色和菜单关联表';

/*Data for the table `sys_role_menu` */

insert  into `sys_role_menu`(`role_id`,`menu_id`) values (2,4),(2,2007),(2,2026),(2,2027),(2,2028),(2,2029),(2,2030),(2,2031),(2,2032),(2,2033),(2,2034),(2,2035),(2,2036),(2,2037),(2,2038),(2,2039),(2,2040),(2,2041),(2,2042),(2,2043),(2,2044),(2,2045),(2,2046),(2,2047),(2,2048),(2,2049),(2,2050),(2,2051),(2,2052),(2,2053),(2,2054),(2,2055),(2,2056),(2,2057),(2,2058),(2,2059),(2,2060),(2,2061),(2,2062),(2,2063),(2,2064),(2,2065),(2,2066),(2,2067),(3,4),(3,2007),(3,2026),(3,2027),(3,2028),(3,2029),(3,2030),(3,2031),(3,2032),(3,2033),(3,2034),(3,2035),(3,2036),(3,2037),(3,2038),(3,2039),(3,2040),(3,2041),(3,2042),(3,2043),(3,2044),(3,2045),(3,2046),(3,2047),(3,2048),(3,2049),(3,2050),(3,2051),(3,2052),(3,2053),(3,2054),(3,2055),(3,2056),(3,2057),(3,2058),(3,2059),(3,2060),(3,2061),(3,2062),(3,2063),(3,2064),(3,2065),(3,2066),(3,2067),(3,2068),(3,2069),(3,2070),(3,2071),(3,2072),(3,2073);

/*Table structure for table `sys_user` */

DROP TABLE IF EXISTS `sys_user`;

CREATE TABLE `sys_user` (
  `user_id` bigint(20) NOT NULL AUTO_INCREMENT COMMENT '用户ID',
  `dept_id` bigint(20) DEFAULT NULL COMMENT '部门ID',
  `user_name` varchar(30) NOT NULL COMMENT '用户账号',
  `nick_name` varchar(30) NOT NULL COMMENT '用户昵称',
  `user_type` varchar(2) DEFAULT '00' COMMENT '用户类型（00系统用户）',
  `email` varchar(50) DEFAULT '' COMMENT '用户邮箱',
  `phonenumber` varchar(11) DEFAULT '' COMMENT '手机号码',
  `sex` char(1) DEFAULT '0' COMMENT '用户性别（0男 1女 2未知）',
  `avatar` varchar(100) DEFAULT '' COMMENT '头像地址',
  `password` varchar(100) DEFAULT '' COMMENT '密码',
  `status` char(1) DEFAULT '0' COMMENT '帐号状态（0正常 1停用）',
  `del_flag` char(1) DEFAULT '0' COMMENT '删除标志（0代表存在 2代表删除）',
  `login_ip` varchar(128) DEFAULT '' COMMENT '最后登录IP',
  `login_date` datetime DEFAULT NULL COMMENT '最后登录时间',
  `create_by` varchar(64) DEFAULT '' COMMENT '创建者',
  `create_time` datetime DEFAULT NULL COMMENT '创建时间',
  `update_by` varchar(64) DEFAULT '' COMMENT '更新者',
  `update_time` datetime DEFAULT NULL COMMENT '更新时间',
  `remark` varchar(500) DEFAULT NULL COMMENT '备注',
  PRIMARY KEY (`user_id`) USING BTREE
) ENGINE=InnoDB AUTO_INCREMENT=5 DEFAULT CHARSET=utf8mb4 ROW_FORMAT=DYNAMIC COMMENT='用户信息表';

/*Data for the table `sys_user` */

insert  into `sys_user`(`user_id`,`dept_id`,`user_name`,`nick_name`,`user_type`,`email`,`phonenumber`,`sex`,`avatar`,`password`,`status`,`del_flag`,`login_ip`,`login_date`,`create_by`,`create_time`,`update_by`,`update_time`,`remark`) values (1,103,'admin','admin','00','shanzhu@163.com','15888888888','0','/profile/avatar/2023/12/10/27c0fd3e-47ad-4870-8c7f-60d53eb91eb4.jpeg','$2a$10$E34Gbl1Bsh7NwqAhxobCMOG7M2oxZfxGELFf2FfKgwV1CXKQObbMS','0','0','127.0.0.1','2023-12-20 08:30:27','admin','2021-12-10 14:12:14','','2023-12-20 08:30:26','管理员'),(2,105,'若依','山竹','00','shanzhu@qq.com','15666666666','1','','$2a$10$E34Gbl1Bsh7NwqAhxobCMOG7M2oxZfxGELFf2FfKgwV1CXKQObbMS','0','0','127.0.0.1','2023-10-13 09:02:28','admin','2021-12-10 14:12:14','admin','2023-12-10 08:51:52','测试员'),(3,NULL,'lixinyuan','lixinyuan','00','','','0','','$2a$10$E34Gbl1Bsh7NwqAhxobCMOG7M2oxZfxGELFf2FfKgwV1CXKQObbMS','0','2','127.0.0.1','2023-10-13 08:25:30','','2023-10-13 08:25:10','','2023-10-13 08:25:30',NULL),(4,NULL,'user','user','00','','','0','','$2a$10$ZEcGt/VDH.ls7DVmHJlQhugmfBXd2DHnsyq6kVQNCwuXAAaZPrKae','0','0','127.0.0.1','2023-12-20 08:01:10','','2023-12-10 09:50:05','','2023-12-20 08:01:09',NULL);

/*Table structure for table `sys_user_post` */

DROP TABLE IF EXISTS `sys_user_post`;

CREATE TABLE `sys_user_post` (
  `user_id` bigint(20) NOT NULL COMMENT '用户ID',
  `post_id` bigint(20) NOT NULL COMMENT '岗位ID',
  PRIMARY KEY (`user_id`,`post_id`) USING BTREE
) ENGINE=InnoDB DEFAULT CHARSET=utf8mb4 ROW_FORMAT=DYNAMIC COMMENT='用户与岗位关联表';

/*Data for the table `sys_user_post` */

insert  into `sys_user_post`(`user_id`,`post_id`) values (1,1),(2,2);

/*Table structure for table `sys_user_role` */

DROP TABLE IF EXIST `sys_user_role`;

CREATE TABLE `sys_user_role` (
  `user_id` bigint(20) NOT NULL COMMENT '用户ID',
  `role_id` bigint(20) NOT NULL COMMENT '角色ID',
  PRIMARY KEY (`user_id`,`role_id`) USING BTREE
) ENGINE=InnoDB DEFAULT CHARSET=utf8mb4 ROW_FORMAT=DYNAMIC COMMENT='用户和角色关联表';

/*Data for the table `sys_user_role` */

insert  into `sys_user_role`(`user_id`,`role_id`) values (1,1),(2,2);

/*!40101 SET SQL_MODE=@OLD_SQL_MODE */;
/*!40014 SET FOREIGN_KEY_CHECKS=@OLD_FOREIGN_KEY_CHECKS */;
/*!40014 SET UNIQUE_CHECKS=@OLD_UNIQUE_CHECKS */;
/*!40111 SET SQL_NOTES=@OLD_SQL_NOTES */;
